experiment_id,method,kernel,target_id,backend,run_id,max_cycles,cycles_used,cycles_to_success,backend_test_attempts,terminal_reason,outcome_status,success,provider_schema_valid,compile_success,oracle_validation_status,host_execution_status,dataflow_simulation_status,target_compile_status,target_execution_status,oracle_validation_cases_run,host_execution_cases_run,dataflow_simulation_cases_run,target_execution_cases_run,offline_contract_met,all_three_requirements_met,validation_policy,correctness,amd_compile_valid,intel_cpu_equivalent,target_npu_correct,evidence_tier,reward,failure_category,end_to_end_seconds,provider_seconds,compiler_seconds,debug_seconds,evaluation_seconds,llm_calls,input_tokens,output_tokens,cached_input_tokens,reasoning_output_tokens,total_tokens,known_total_tokens,usage_complete,candidates,compile_attempts,debug_attempts,artifact_bytes,static_score,intel_cpu_p50_ms,intel_cpu_p95_ms,target_npu_p50_ms,target_npu_p95_ms,target_npu_warmups,target_npu_iterations,target_npu_throughput_per_second,repetition
20260917T000705Z,baseline,cuda_reduce_sum,amd_xdna2_npu2,amd_xdna2,4842eee792cf48558a8a8db8ac4dd55a,10,1,1,1,solved,completed,True,True,True,passed,passed,passed,passed,blocked,12,12,12,0,True,False,offline-validated,True,True,,,2,0.55,,55.75198277100026,50.55913116500051,2.357646737997129,0,2.6281537730028504,1,10911,2655,1792,1674,13566,13566,True,1,1,0,680156,0.0,,,,,,,,1
20260917T000705Z,baseline,cuda_reduce_sum,intel_npu_4000,intel_openvino,ce4607bb23104b53aeacc58b94ff9ef0,10,1,1,1,solved,completed,True,True,True,passed,passed,not_requested,passed,blocked,12,12,0,0,True,False,offline-validated,True,,True,,2,0.55,,18.28413513399937,15.403713163999782,1.0193530969972926,0,1.791727597003046,1,9968,691,5888,516,10659,10659,True,1,1,0,372622,0.0,,,,,,,,1
20260917T000705Z,baseline,cuda_tiled_matmul,amd_xdna2_npu2,amd_xdna2,0a0e506a5de142ce8ff067a7d85a089c,10,10,,10,cycle_budget_exhausted,failed,False,True,True,passed,failed,failed,passed,blocked,12,12,12,0,False,False,offline-validated,False,True,,,2,0.0,numerical_mismatch,995.7174409590007,939.7276040080033,24.51841848899312,0,30.907232475005003,10,175944,50379,41216,31564,226323,226323,True,10,10,9,1647135,0.0,,,,,,,,1
20260917T000705Z,baseline,cuda_tiled_matmul,intel_npu_4000,intel_openvino,be2b4bb71dbd40c096677566bcc0cf79,10,1,1,1,solved,completed,True,True,True,passed,passed,not_requested,passed,blocked,12,12,0,0,True,False,offline-validated,True,,True,,2,0.55,,19.812905148999562,15.876511258000392,1.1367503620003845,0,2.261385940000764,1,10064,715,5888,468,10779,10779,True,1,1,0,434016,0.0,,,,,,,,1
20260917T000705Z,baseline,cuda_tiled_transpose,amd_xdna2_npu2,amd_xdna2,aedcc620ce4e4565b6df4a84141ed0f1,10,1,1,1,solved,completed,True,True,True,passed,passed,passed,passed,blocked,12,12,12,0,True,False,offline-validated,True,True,,,2,0.55,,61.663054820999605,51.26900288700017,3.6615814819997468,0,3.403237665001143,1,10866,2645,5888,1552,13511,13511,True,1,1,0,1962748,0.0,,,,,,,,1
20260917T000705Z,baseline,cuda_tiled_transpose,intel_npu_4000,intel_openvino,b71894dfb98f46ba875326014790d107,10,1,1,1,solved,completed,True,True,True,passed,passed,not_requested,passed,blocked,12,12,0,0,True,False,offline-validated,True,,True,,2,0.55,,13.681338628000958,10.728529281001101,1.2811774620004144,0,1.6254142979996686,1,9923,328,5888,158,10251,10251,True,1,1,0,740947,0.0,,,,,,,,1
20260917T000705Z,baseline,cuda_vector_add,amd_xdna2_npu2,amd_xdna2,6df5307fa483487dae66bf19102040b2,10,3,3,3,solved,completed,True,True,True,passed,passed,passed,passed,blocked,12,12,12,0,True,False,offline-validated,True,True,,,2,0.55,,185.87808668599973,168.08035209699847,8.272594502001084,0,9.383174221000445,3,37175,8809,13568,4924,45984,45984,True,3,3,2,1773507,0.0,,,,,,,,1
20260917T000705Z,baseline,cuda_vector_add,intel_npu_4000,intel_openvino,c58ce4805afb4c09b3326b9dd469acf5,10,1,1,1,solved,completed,True,True,True,passed,passed,not_requested,passed,blocked,12,12,0,0,True,False,offline-validated,True,,True,,2,0.55,,22.563611127001423,19.88137237599949,0.7869942299985269,0,1.8350690500028577,1,9893,818,0,611,10711,10711,True,1,1,0,719310,0.0,,,,,,,,1
20260917T000705Z,baseline,hip_gamma_correction,amd_xdna2_npu2,amd_xdna2,b36d7379863a40638101431fef9a14e3,10,1,1,1,solved,completed,True,True,True,passed,passed,passed,passed,blocked,12,12,12,0,True,False,offline-validated,True,True,,,2,0.55,,60.83710090900058,55.455524107999736,2.49109283100006,0,2.7899083419997623,1,10854,2860,5888,1794,13714,13714,True,1,1,0,1313215,0.0,,,,,,,,1
20260917T000705Z,baseline,hip_gamma_correction,intel_npu_4000,intel_openvino,f09ad425f22e4cf4b0a8c1ac500894ed,10,1,1,1,solved,completed,True,True,True,passed,passed,not_requested,passed,blocked,12,12,0,0,True,False,offline-validated,True,,True,,2,0.55,,21.23848372000066,17.631453064999732,1.3205685630036896,0,2.0965276709976024,1,9911,755,0,516,10666,10666,True,1,1,0,505598,0.0,,,,,,,,1
20260917T000705Z,baseline,hip_image_convolution,amd_xdna2_npu2,amd_xdna2,7bc372ce3fe14a2fa6ed8add79e2d2d9,10,1,1,1,solved,completed,True,True,True,passed,passed,passed,passed,blocked,12,12,12,0,True,False,offline-validated,True,True,,,2,0.55,,44.33310015399911,36.620555313000295,3.6587285199984763,0,3.5899687860019185,1,10990,1868,0,516,12858,12858,True,1,1,0,784068,0.0,,,,,,,,1
20260917T000705Z,baseline,hip_image_convolution,intel_npu_4000,intel_openvino,a36947db551940648fadf50663fe8570,10,1,1,1,solved,completed,True,True,True,passed,passed,not_requested,passed,blocked,12,12,0,0,True,False,offline-validated,True,,True,,2,0.55,,25.879943928999637,17.740018339000017,1.2078236450015538,0,1.5784307609992538,1,10049,789,0,516,10838,10838,True,1,1,0,262174,0.0,,,,,,,,1
20260917T000705Z,baseline,hip_moving_average,amd_xdna2_npu2,amd_xdna2,f688b39f5b3c40ef9043671c9fb5e746,10,4,4,4,solved,completed,True,True,True,passed,passed,passed,passed,blocked,12,12,12,0,True,False,offline-validated,True,True,,,2,0.55,,280.4151123240008,262.21780008600217,9.535788442000921,0,8.463810167000702,4,48382,13800,19456,9141,62182,62182,True,4,4,3,1481311,0.0,,,,,,,,1
20260917T000705Z,baseline,hip_moving_average,intel_npu_4000,intel_openvino,fe07276c2b2240ceab334646d9ba1c66,10,1,1,1,solved,completed,True,True,True,passed,passed,not_requested,passed,blocked,12,12,0,0,True,False,offline-validated,True,,True,,2,0.55,,51.32730929799982,48.968542102000356,0.8170338760010054,0,1.4871583679978357,1,9917,2564,5888,2070,12481,12481,True,1,1,0,1236486,0.0,,,,,,,,1
20260917T000705Z,baseline,triton_fused_attention,amd_xdna2_npu2,amd_xdna2,cb931e8c5e754e0d88999e89c1b8218a,10,9,9,9,solved,completed,True,True,True,passed,passed,passed,passed,blocked,12,12,12,0,True,False,offline-validated,True,True,,,2,0.55,,1032.4527336730007,984.099522931001,22.755244097004834,0,25.080565779993776,9,131266,53324,47104,32530,184590,184590,True,9,9,8,1042622,0.0,,,,,,,,1
20260917T000705Z,baseline,triton_fused_attention,intel_npu_4000,intel_openvino,f547eb555b2a4f4381c40e5aa36799ed,10,1,1,1,solved,completed,True,True,True,passed,passed,not_requested,passed,blocked,12,12,0,0,True,False,offline-validated,True,,True,,2,0.55,,34.0895551729991,31.235273427999346,1.4914039030009008,0,1.2589166039997508,1,10115,1510,5888,1122,11625,11625,True,1,1,0,382614,0.0,,,,,,,,1
20260917T000705Z,baseline,triton_fused_softmax,amd_xdna2_npu2,amd_xdna2,f39be6f2fb9d4323bcba7c464e7c70e6,10,2,2,2,solved,completed,True,True,True,passed,passed,passed,passed,blocked,12,12,12,0,True,False,offline-validated,True,True,,,2,0.55,,159.27268449300027,151.34156011400046,3.1435911979970115,0,4.648158328003774,2,23792,8037,11776,5694,31829,31829,True,2,2,1,1577952,0.0,,,,,,,,1
20260917T000705Z,baseline,triton_fused_softmax,intel_npu_4000,intel_openvino,de8ab54a04f94c749e049430d2359365,10,2,2,2,solved,completed,True,True,True,passed,passed,not_requested,passed,blocked,12,12,0,0,True,False,offline-validated,True,,True,,2,0.55,,28.393770272999973,25.267992383998717,0.8587441470008343,0,2.2170141309979954,2,20496,926,11776,477,21422,21422,True,2,2,1,579729,0.0,,,,,,,,1
20260917T000705Z,baseline,triton_layer_norm,amd_xdna2_npu2,amd_xdna2,8503397b5202408ba732bba5aa1a38ac,10,3,3,3,solved,completed,True,True,True,passed,passed,passed,passed,blocked,12,12,12,0,True,False,offline-validated,True,True,,,2,0.55,,325.7248115350012,302.40054094899824,8.76170104999801,0,9.77651341300043,3,37975,16275,11776,10486,54250,54250,True,3,3,2,1366383,0.0,,,,,,,,1
20260917T000705Z,baseline,triton_layer_norm,intel_npu_4000,intel_openvino,aa523b355eeb4026bac476b3cf71f371,10,1,1,1,solved,completed,True,True,True,passed,passed,not_requested,passed,blocked,12,12,0,0,True,False,offline-validated,True,,True,,2,0.55,,45.7166060870004,43.29747511300047,0.8719675949996599,0,1.4989286569998512,1,10158,2238,5888,1513,12396,12396,True,1,1,0,555949,0.0,,,,,,,,1
20260917T000705Z,hinted_ir,cuda_reduce_sum,amd_xdna2_npu2,amd_xdna2,3199bf08bc0a4726a05940e81b1b7f3a,10,1,1,1,solved,completed,True,True,True,passed,passed,passed,passed,blocked,12,12,12,0,True,False,offline-validated,True,True,,,2,0.55,,108.88779732699913,103.0308203450004,2.531256841999493,0,3.1857162410015007,2,21017,5404,5888,3675,26421,26421,True,1,1,0,690569,0.0,,,,,,,,1
20260917T000705Z,hinted_ir,cuda_reduce_sum,intel_npu_4000,intel_openvino,6e92df1dcbd6422e9397fc141a58d021,10,1,1,1,solved,completed,True,True,True,passed,passed,not_requested,passed,blocked,12,12,0,0,True,False,offline-validated,True,,True,,2,0.55,,40.95752365500084,38.91601664599875,0.7627562030011177,0,1.2355532849978772,2,19961,1792,5888,1032,21753,21753,True,1,1,0,372588,0.0,,,,,,,,1
20260917T000705Z,hinted_ir,cuda_tiled_matmul,amd_xdna2_npu2,amd_xdna2,bc67497ca6a7434f98f6cac0b9404191,10,2,2,2,solved,completed,True,True,True,passed,passed,passed,passed,blocked,12,12,12,0,True,False,offline-validated,True,True,,,2,0.55,,197.45016092100013,189.71385317000022,3.3454552559996955,0,4.220538216999557,4,47631,9859,19456,5701,57490,57490,True,2,2,1,1155586,0.0,,,,,,,,1
20260917T000705Z,hinted_ir,cuda_tiled_matmul,intel_npu_4000,intel_openvino,eced8876dd514ac998fd748592fc8847,10,1,1,1,solved,completed,True,True,True,passed,passed,not_requested,passed,blocked,12,12,0,0,True,False,offline-validated,True,,True,,2,0.55,,35.97182494900153,33.55763003799984,0.8701395989974117,0,1.4890834730031202,2,19903,1435,11776,767,21338,21338,True,1,1,0,434028,0.0,,,,,,,,1
20260917T000705Z,hinted_ir,cuda_tiled_transpose,amd_xdna2_npu2,amd_xdna2,212146620f494773b90fa8b5a26c4946,10,1,1,1,solved,completed,True,True,True,passed,passed,passed,passed,blocked,12,12,12,0,True,False,offline-validated,True,True,,,2,0.55,,116.71190640200075,110.16252958399855,3.040231123000922,0,3.3377291959986906,2,20598,5833,7680,3238,26431,26431,True,1,1,0,2112371,0.0,,,,,,,,1
20260917T000705Z,hinted_ir,cuda_tiled_transpose,intel_npu_4000,intel_openvino,24ed1077363b4a2da900a9ca6b15b087,10,1,1,1,solved,completed,True,True,True,passed,passed,not_requested,passed,blocked,12,12,0,0,True,False,offline-validated,True,,True,,2,0.55,,28.930060011000023,25.68752133400085,0.6304782590013929,0,1.838713077999273,2,19639,1128,11776,609,20767,20767,True,1,1,0,740943,0.0,,,,,,,,1
20260917T000705Z,hinted_ir,cuda_vector_add,amd_xdna2_npu2,amd_xdna2,55ecfc6c064f4f4e90f9b0457409505e,10,1,1,1,solved,completed,True,True,True,passed,passed,passed,passed,blocked,12,12,12,0,True,False,offline-validated,True,True,,,2,0.55,,89.971278342,83.83155204700051,2.578066647001833,0,3.383395010998356,2,20725,4338,11776,2645,25063,25063,True,1,1,0,1773666,0.0,,,,,,,,1
20260917T000705Z,hinted_ir,cuda_vector_add,intel_npu_4000,intel_openvino,15276231b0d84224bec03016dc010361,10,1,1,1,solved,completed,True,True,True,passed,passed,not_requested,passed,blocked,12,12,0,0,True,False,offline-validated,True,,True,,2,0.55,,29.581143626000994,26.744166493999728,1.1652120729995659,0,1.5505746880007791,2,19691,1124,5888,591,20815,20815,True,1,1,0,719248,0.0,,,,,,,,1
20260917T000705Z,hinted_ir,hip_gamma_correction,amd_xdna2_npu2,amd_xdna2,756462241f2d418e89d51eb78a11e2b9,10,2,2,2,solved,completed,True,True,True,passed,passed,passed,passed,blocked,12,12,12,0,True,False,offline-validated,True,True,,,2,0.55,,136.8312766600029,121.02664858000026,6.4388683489996765,0,7.112232757999664,4,45094,6014,23552,3160,51108,51108,True,2,2,1,1327388,0.0,,,,,,,,1
20260917T000705Z,hinted_ir,hip_gamma_correction,intel_npu_4000,intel_openvino,a6f444286fd245cfbaa35357f106f6d6,10,1,1,1,solved,completed,True,True,True,passed,passed,not_requested,passed,blocked,12,12,0,0,True,False,offline-validated,True,,True,,2,0.55,,43.64259759499873,40.05653178799912,1.223045771001125,0,1.7083115599998564,2,19950,1861,1792,1032,21811,21811,True,1,1,0,505577,0.0,,,,,,,,1
20260917T000705Z,hinted_ir,hip_image_convolution,amd_xdna2_npu2,amd_xdna2,66320840a3d44e1f977c67c4d944d696,10,1,1,1,solved,completed,True,True,True,passed,passed,passed,passed,blocked,12,12,12,0,True,False,offline-validated,True,True,,,2,0.55,,112.0273594249993,105.00518729500072,2.7804225030013185,0,4.08433943899945,2,20916,5515,11776,3459,26431,26431,True,1,1,0,804356,0.0,,,,,,,,1
20260917T000705Z,hinted_ir,hip_image_convolution,intel_npu_4000,intel_openvino,0f4eb2856b544feeac758e24b37567f4,10,1,1,1,solved,completed,True,True,True,passed,passed,not_requested,passed,blocked,12,12,0,0,True,False,offline-validated,True,,True,,2,0.55,,35.55421345200011,32.82109814799878,1.2823477790025208,0,1.3432414579983742,2,19956,1525,11776,705,21481,21481,True,1,1,0,262650,0.0,,,,,,,,1
20260917T000705Z,hinted_ir,hip_moving_average,amd_xdna2_npu2,amd_xdna2,3f5f15679bfd4778b40edffeb215ed84,10,2,2,2,solved,completed,True,True,True,passed,passed,passed,passed,blocked,12,12,12,0,True,False,offline-validated,True,True,,,2,0.55,,244.45159433500157,233.40020569900116,5.990978777001146,0,4.802531419998559,4,54448,12301,13568,6409,66749,66749,True,2,2,1,1482896,0.0,,,,,,,,1
20260917T000705Z,hinted_ir,hip_moving_average,intel_npu_4000,intel_openvino,b2f38a17fe3e47cdb8541517068c18cf,10,2,2,2,solved,completed,True,True,True,passed,passed,not_requested,passed,blocked,12,12,0,0,True,False,offline-validated,True,,True,,2,0.55,,113.27989099799925,107.44356599399907,2.0660250920009275,0,3.6480854010005714,4,44931,4939,15360,2943,49870,49870,True,2,2,1,1238284,0.0,,,,,,,,1
20260917T000705Z,hinted_ir,triton_fused_attention,amd_xdna2_npu2,amd_xdna2,8aaa5cff66c0420e92d17cd2db54ef27,10,3,3,3,solved,completed,True,True,True,passed,passed,passed,passed,blocked,12,12,12,0,True,False,offline-validated,True,True,,,2,0.55,,416.3451694259984,398.40250245899915,8.101407510997888,0,9.623528070000248,6,79466,21215,35328,12404,100681,100681,True,3,3,2,1071404,0.0,,,,,,,,1
20260917T000705Z,hinted_ir,triton_fused_attention,intel_npu_4000,intel_openvino,acd1f8af50dd42768eb56b592df0b31f,10,1,1,1,solved,completed,True,True,True,passed,passed,not_requested,passed,blocked,12,12,0,0,True,False,offline-validated,True,,True,,2,0.55,,47.03508917999898,44.13507381999989,1.1780102129960142,0,1.6423160350041144,2,20555,2114,5888,698,22669,22669,True,1,1,0,389664,0.0,,,,,,,,1
20260917T000705Z,hinted_ir,triton_fused_softmax,amd_xdna2_npu2,amd_xdna2,14c1e5569573412b8406d4a61abac1f5,10,1,1,1,solved,completed,True,True,True,passed,passed,passed,passed,blocked,12,12,12,0,True,False,offline-validated,True,True,,,2,0.55,,79.3479979019994,73.25772541699916,2.334921609997764,0,3.6226054250018933,2,20632,3685,11776,2059,24317,24317,True,1,1,0,1578264,0.0,,,,,,,,1
20260917T000705Z,hinted_ir,triton_fused_softmax,intel_npu_4000,intel_openvino,7d845e7241c942f3956e26a4966a0fad,10,1,1,1,solved,completed,True,True,True,passed,passed,not_requested,passed,blocked,12,12,0,0,True,False,offline-validated,True,,True,,2,0.55,,39.56937571100207,37.15965004999998,0.9139238869975088,0,1.4544998570017924,2,19649,1764,11776,1023,21413,21413,True,1,1,0,580139,0.0,,,,,,,,1
20260917T000705Z,hinted_ir,triton_layer_norm,amd_xdna2_npu2,amd_xdna2,5af443b725ef48999e86ed7830b6a921,10,3,3,3,solved,completed,True,True,True,passed,passed,passed,passed,blocked,12,12,12,0,True,False,offline-validated,True,True,,,2,0.55,,368.4668344370002,351.642394859,7.072350895003183,0,9.541347603997565,6,75618,18556,31232,11430,94174,94174,True,3,3,2,1327031,0.0,,,,,,,,1
20260917T000705Z,hinted_ir,triton_layer_norm,intel_npu_4000,intel_openvino,803a86d3f676490aba6620f93c358f2c,10,2,2,2,solved,completed,True,True,True,passed,passed,not_requested,passed,blocked,12,12,0,0,True,False,offline-validated,True,,True,,2,0.55,,96.0431999020002,92.54927821499768,0.9312016580006457,0,2.465446032996624,4,42805,4434,17664,2576,47239,47239,True,2,2,1,555299,0.0,,,,,,,,1
20260917T000705Z,structured_ir,cuda_reduce_sum,amd_xdna2_npu2,amd_xdna2,6d70268fa0d64a3fbab5f39139da497d,10,2,2,2,solved,completed,True,True,True,passed,passed,passed,passed,blocked,12,12,12,0,True,False,offline-validated,True,True,,,2,0.55,,162.34947761600233,150.33615541200197,5.3016139670016855,0,6.546606313999291,3,35814,7885,12800,5474,43699,43699,True,2,2,1,680842,0.0,,,,,,,,1
20260917T000705Z,structured_ir,cuda_reduce_sum,intel_npu_4000,intel_openvino,6337a5d2be504ad4a226a8a9ccdf8965,10,1,1,1,solved,completed,True,True,True,passed,passed,not_requested,passed,blocked,12,12,0,0,True,False,offline-validated,True,,True,,2,0.55,,36.48425746999965,34.2240564140011,0.9713652870013902,0,1.2444402699984494,2,21523,1531,12800,948,23054,23054,True,1,1,0,373142,0.0,,,,,,,,1
20260917T000705Z,structured_ir,cuda_tiled_matmul,amd_xdna2_npu2,amd_xdna2,d963a8a3dc6d4b90a40cedcbb65df680,10,10,,10,cycle_budget_exhausted,failed,False,True,False,passed,unsupported,unsupported,failed,blocked,12,0,0,0,False,False,offline-validated,,False,,,0,0.0,target_compile,983.9209382840017,935.4113482849989,21.59872455700679,0,26.483394456992755,11,190174,49837,65792,30263,240011,240011,True,10,10,9,228985,0.0,,,,,,,,1
20260917T000705Z,structured_ir,cuda_tiled_matmul,intel_npu_4000,intel_openvino,a3cd75d7a2384f8ab47e7ff3eb35e9d0,10,1,1,1,solved,completed,True,True,True,passed,passed,not_requested,passed,blocked,12,12,0,0,True,False,offline-validated,True,,True,,2,0.55,,29.343863205998787,26.419792675998906,1.2256191369979206,0,1.6379599390020303,2,21717,1114,12800,519,22831,22831,True,1,1,0,434111,0.0,,,,,,,,1
20260917T000705Z,structured_ir,cuda_tiled_transpose,amd_xdna2_npu2,amd_xdna2,c26e2f72de3c4f8399b02304b1462dc4,10,3,3,3,solved,completed,True,True,True,passed,passed,passed,passed,blocked,12,12,12,0,True,False,offline-validated,True,True,,,2,0.55,,253.58446086200092,239.63950218599894,5.529945305994261,0,8.059203260005233,4,55075,12665,20480,6282,67740,67740,True,3,3,2,2149305,0.0,,,,,,,,1
20260917T000705Z,structured_ir,cuda_tiled_transpose,intel_npu_4000,intel_openvino,ef0b119c03c848ceb6595edef4b81d9b,10,1,1,1,solved,completed,True,True,True,passed,passed,not_requested,passed,blocked,12,12,0,0,True,False,offline-validated,True,,True,,2,0.55,,30.127851344999726,26.395000960999823,1.3406624509971152,0,1.8142435190020478,2,21397,1081,5888,658,22478,22478,True,1,1,0,741001,0.0,,,,,,,,1
20260917T000705Z,structured_ir,cuda_vector_add,amd_xdna2_npu2,amd_xdna2,88929c19c3d448f69477faf82229ffcc,10,1,1,1,solved,completed,True,True,True,passed,passed,passed,passed,blocked,12,12,12,0,True,False,offline-validated,True,True,,,2,0.55,,90.71390977400188,83.24048165899876,3.1337206780026463,0,3.6371795409977494,2,22514,4265,8704,2671,26779,26779,True,1,1,0,1775621,0.0,,,,,,,,1
20260917T000705Z,structured_ir,cuda_vector_add,intel_npu_4000,intel_openvino,8bd740b2a35743379cdcc8b42a3c4c53,10,1,1,1,solved,completed,True,True,True,passed,passed,not_requested,passed,blocked,12,12,0,0,True,False,offline-validated,True,,True,,2,0.55,,29.403188276000947,26.980283671000507,0.9137771729983797,0,1.4388839030016243,2,21573,1194,12800,686,22767,22767,True,1,1,0,719327,0.0,,,,,,,,1
20260917T000705Z,structured_ir,hip_gamma_correction,amd_xdna2_npu2,amd_xdna2,bd379c69ebdb4c299707240ec9175333,10,3,3,3,solved,completed,True,True,True,passed,passed,passed,passed,blocked,12,12,12,0,True,False,offline-validated,True,True,,,2,0.55,,228.5978932399994,213.73391164399982,7.343143321999378,0,7.328328943000088,4,52071,11171,24576,5838,63242,63242,True,3,3,2,1287085,0.0,,,,,,,,1
20260917T000705Z,structured_ir,hip_gamma_correction,intel_npu_4000,intel_openvino,4ecd1e17f4404be299b98e5bbb58462c,10,1,1,1,solved,completed,True,True,True,passed,passed,not_requested,passed,blocked,12,12,0,0,True,False,offline-validated,True,,True,,2,0.55,,34.450011576998804,31.487730355001986,1.3627992700021423,0,1.541637524996986,2,21648,1313,12800,692,22961,22961,True,1,1,0,505650,0.0,,,,,,,,1
20260917T000705Z,structured_ir,hip_image_convolution,amd_xdna2_npu2,amd_xdna2,fbf05ceebfc3427ea65add06130320c2,10,2,2,2,solved,completed,True,True,True,passed,passed,passed,passed,blocked,12,12,12,0,True,False,offline-validated,True,True,,,2,0.55,,167.89751514300042,159.59577393699874,3.369575722001173,0,4.010383600998466,3,37241,8337,11776,4900,45578,45578,True,2,2,1,801932,0.0,,,,,,,,1
20260917T000705Z,structured_ir,hip_image_convolution,intel_npu_4000,intel_openvino,efe5f62d4e4442959f17de9e6493cfb1,10,1,1,1,solved,completed,True,True,True,passed,passed,not_requested,passed,blocked,12,12,0,0,True,False,offline-validated,True,,True,,2,0.55,,37.81402985599925,35.20274932999928,0.8719539410012658,0,1.663098570999864,2,21827,1664,12800,980,23491,23491,True,1,1,0,262257,0.0,,,,,,,,1
20260917T000705Z,structured_ir,hip_moving_average,amd_xdna2_npu2,amd_xdna2,fab8a9b6120842218d3f5e71b9f47878,10,2,2,2,solved,completed,True,True,True,passed,passed,passed,passed,blocked,12,12,12,0,True,False,offline-validated,True,True,,,2,0.55,,200.0531071109981,189.34021034800026,5.268172638996475,0,5.095546521002689,3,38228,10053,18688,6360,48281,48281,True,2,2,1,1482984,0.0,,,,,,,,1
20260917T000705Z,structured_ir,hip_moving_average,intel_npu_4000,intel_openvino,d1fd7f5e3929472f8d1d681ba027421f,10,2,2,2,solved,completed,True,True,True,passed,passed,not_requested,passed,blocked,12,12,0,0,True,False,offline-validated,True,,True,,2,0.55,,96.59699984800136,93.204879789997,1.0582583649975277,0,2.1308790920029423,3,33586,4633,18688,3126,38219,38219,True,2,2,1,1214463,0.0,,,,,,,,1
20260917T000705Z,structured_ir,triton_fused_attention,amd_xdna2_npu2,amd_xdna2,ee31220a5c424782b623e4ca2c5e500e,10,10,,10,cycle_budget_exhausted,failed,False,True,False,passed,failed,failed,failed,blocked,12,12,12,0,False,False,offline-validated,False,False,,,0,0.0,target_compile,1173.5049285729983,1122.8717682219994,23.175746769004036,0,26.882337293998717,11,237180,60647,61696,37787,297827,297827,True,10,10,9,647220,0.0,,,,,,,,1
20260917T000705Z,structured_ir,triton_fused_attention,intel_npu_4000,intel_openvino,ff2a5f409b0441e48b81891e8334c046,10,2,2,2,solved,completed,True,True,True,passed,passed,not_requested,passed,blocked,12,12,0,0,True,False,offline-validated,True,,True,,2,0.55,,95.96092564199898,92.29811001900089,1.30952855599935,0,2.275387439000042,3,34506,4536,18688,3082,39042,39042,True,2,2,1,382261,0.0,,,,,,,,1
20260917T000705Z,structured_ir,triton_fused_softmax,amd_xdna2_npu2,amd_xdna2,d383a40873e544d28f8090caa59a78db,10,2,2,2,solved,completed,True,True,True,passed,passed,passed,passed,blocked,12,12,12,0,True,False,offline-validated,True,True,,,2,0.55,,286.5018395629995,277.52914124699964,4.394669662002343,0,4.388892386998123,3,37448,14872,18688,12130,52320,52320,True,2,2,1,1516293,0.0,,,,,,,,1
20260917T000705Z,structured_ir,triton_fused_softmax,intel_npu_4000,intel_openvino,080ec886ba9549b19f389904913759f1,10,1,1,1,solved,completed,True,True,True,passed,passed,not_requested,passed,blocked,12,12,0,0,True,False,offline-validated,True,,True,,2,0.55,,38.213450606999686,34.278394258000844,1.2959411030024057,0,1.885755897998024,2,21435,1525,0,963,22960,22960,True,1,1,0,579863,0.0,,,,,,,,1
20260917T000705Z,structured_ir,triton_layer_norm,amd_xdna2_npu2,amd_xdna2,d1fe26c9301b4b4ebbce55a0dd4897e3,10,4,4,3,solved,completed,True,True,True,passed,passed,passed,passed,blocked,12,12,12,0,True,False,offline-validated,True,True,,,2,0.55,,386.33761201799825,367.0516240390025,7.758598849997725,0,9.527538083002582,5,76088,19552,31488,11089,95640,95640,True,3,3,3,1268443,0.0,,,,,,,,1
20260917T000705Z,structured_ir,triton_layer_norm,intel_npu_4000,intel_openvino,903952e0a2fd4a938b51a2d2595613b4,10,1,1,1,solved,completed,True,True,True,passed,passed,not_requested,passed,blocked,12,12,0,0,True,False,offline-validated,True,,True,,2,0.55,,75.0800929649995,72.9675288239996,0.7124500069985515,0,1.3420896700008598,2,23552,3689,12800,1926,27241,27241,True,1,1,0,570911,0.0,,,,,,,,1
20260917T000705Z,structured_ir_no_reuse,cuda_reduce_sum,amd_xdna2_npu2,amd_xdna2,5ac71e34acf94bf9b6c17ad817decc4b,10,3,3,3,solved,completed,True,True,True,passed,passed,passed,passed,blocked,12,12,12,0,True,False,offline-validated,True,True,,,2,0.55,,235.21385628799908,216.94977464900148,8.033433980999689,0,10.040235092999865,6,77878,10865,38400,6663,88743,88743,True,3,3,2,730675,0.0,,,,,,,,1
20260917T000705Z,structured_ir_no_reuse,cuda_reduce_sum,intel_npu_4000,intel_openvino,70782cc96bd8467594da6510aab250f9,10,1,1,1,solved,completed,True,True,True,passed,passed,not_requested,passed,blocked,12,12,0,0,True,False,offline-validated,True,,True,,2,0.55,,32.2435627649993,29.899363880998862,0.9628654999996797,0,1.335263737000787,2,21555,1341,12800,844,22896,22896,True,1,1,0,372821,0.0,,,,,,,,1
20260917T000705Z,structured_ir_no_reuse,cuda_tiled_matmul,amd_xdna2_npu2,amd_xdna2,9bc2c699588240c4a073306e3673cd1d,10,10,,10,cycle_budget_exhausted,failed,False,True,True,passed,failed,failed,passed,blocked,12,12,12,0,False,False,offline-validated,False,True,,,2,0.0,numerical_mismatch,1155.4400253370004,1107.0555324499965,23.431968715001858,0,24.293562971997744,20,340402,58093,121088,38396,398495,398495,True,10,10,9,1164261,0.0,,,,,,,,1
20260917T000705Z,structured_ir_no_reuse,cuda_tiled_matmul,intel_npu_4000,intel_openvino,2f79260d745546d682ca4f770991e3bc,10,1,1,1,solved,completed,True,True,True,passed,passed,not_requested,passed,blocked,12,12,0,0,True,False,offline-validated,True,,True,,2,0.55,,27.285947513000792,22.094395866000923,1.3250907820020075,0,1.9599641729982977,2,21692,922,12800,366,22614,22614,True,1,1,0,434179,0.0,,,,,,,,1
20260917T000705Z,structured_ir_no_reuse,cuda_tiled_transpose,amd_xdna2_npu2,amd_xdna2,c3382bbf84084640b5b30df7b63b00d5,10,3,3,3,solved,completed,True,True,True,passed,passed,passed,passed,blocked,12,12,12,0,True,False,offline-validated,True,True,,,2,0.55,,271.9217856269988,255.40398108299814,7.892609900003663,0,8.337342042997989,6,90732,13091,31488,7367,103823,103823,True,3,3,2,1962546,0.0,,,,,,,,1
20260917T000705Z,structured_ir_no_reuse,cuda_tiled_transpose,intel_npu_4000,intel_openvino,c0f2405b702c4f6a947b128e8e20478c,10,1,1,1,solved,completed,True,True,True,passed,passed,not_requested,passed,blocked,12,12,0,0,True,False,offline-validated,True,,True,,2,0.55,,27.367513752000377,24.04702416299915,1.2785708289975446,0,1.4426407530027063,2,21383,974,5888,464,22357,22357,True,1,1,0,741454,0.0,,,,,,,,1
20260917T000705Z,structured_ir_no_reuse,cuda_vector_add,amd_xdna2_npu2,amd_xdna2,4758b8ccea4c428485c053f9b2b308c8,10,1,1,1,solved,completed,True,True,True,passed,passed,passed,passed,blocked,12,12,12,0,True,False,offline-validated,True,True,,,2,0.55,,72.7696486540026,66.32055622699954,2.9226771730027394,0,3.388919615996201,2,22522,3363,6912,1757,25885,25885,True,1,1,0,1772498,0.0,,,,,,,,1
20260917T000705Z,structured_ir_no_reuse,cuda_vector_add,intel_npu_4000,intel_openvino,6414b82f7e694b648ecc104152e15c7b,10,1,1,1,solved,completed,True,True,True,passed,passed,not_requested,passed,blocked,12,12,0,0,True,False,offline-validated,True,,True,,2,0.55,,28.65116807100094,26.58701575499981,0.7672390739990078,0,1.2420489420001104,2,21573,1134,12800,623,22707,22707,True,1,1,0,719404,0.0,,,,,,,,1
20260917T000705Z,structured_ir_no_reuse,hip_gamma_correction,amd_xdna2_npu2,amd_xdna2,996ffd1986834eca965df4a287e4e9ba,10,1,1,1,solved,completed,True,True,True,passed,passed,passed,passed,blocked,12,12,12,0,True,False,offline-validated,True,True,,,2,0.55,,87.18380127800083,81.07492351399924,2.527245725004832,0,3.4500286739948933,2,22556,4127,12800,2702,26683,26683,True,1,1,0,1276136,0.0,,,,,,,,1
20260917T000705Z,structured_ir_no_reuse,hip_gamma_correction,intel_npu_4000,intel_openvino,d5b468a72fd54a639430916585cf5877,10,1,1,1,solved,completed,True,True,True,passed,passed,not_requested,passed,blocked,12,12,0,0,True,False,offline-validated,True,,True,,2,0.55,,36.79058503000124,34.052752755000256,1.1739384990014514,0,1.4990108529982535,2,21610,1540,12800,784,23150,23150,True,1,1,0,505226,0.0,,,,,,,,1
20260917T000705Z,structured_ir_no_reuse,hip_image_convolution,amd_xdna2_npu2,amd_xdna2,e13be327948b437e9f04b671916d2d9e,10,2,2,2,solved,completed,True,True,True,passed,passed,passed,passed,blocked,12,12,12,0,True,False,offline-validated,True,True,,,2,0.55,,180.91457515500042,167.49051292600234,6.09032342300452,0,6.676106785995216,4,50832,8573,14592,4657,59405,59405,True,2,2,1,804293,0.0,,,,,,,,1
20260917T000705Z,structured_ir_no_reuse,hip_image_convolution,intel_npu_4000,intel_openvino,133c03f1a0904566a990a2d097b2f63f,10,1,1,1,solved,completed,True,True,True,passed,passed,not_requested,passed,blocked,12,12,0,0,True,False,offline-validated,True,,True,,2,0.55,,48.71547009100141,45.901764354999614,0.8594279589997313,0,1.8390831040014746,2,21801,2166,12800,1495,23967,23967,True,1,1,0,262379,0.0,,,,,,,,1
20260917T000705Z,structured_ir_no_reuse,hip_moving_average,amd_xdna2_npu2,amd_xdna2,e29dea3b635c4251992c108b97c6ddd1,10,4,4,4,solved,completed,True,True,True,passed,passed,passed,passed,blocked,12,12,12,0,True,False,offline-validated,True,True,,,2,0.55,,344.0803287580002,330.5234184640012,6.082376162998116,0,6.166075035000176,8,110348,16874,36096,9516,127222,127222,True,4,4,3,1483101,0.0,,,,,,,,1
20260917T000705Z,structured_ir_no_reuse,hip_moving_average,intel_npu_4000,intel_openvino,35a344b6ec314e80b1327ff9664a8eca,10,1,1,1,solved,completed,True,True,True,passed,passed,not_requested,passed,blocked,12,12,0,0,True,False,offline-validated,True,,True,,2,0.55,,54.867101086998446,52.459152762001395,0.7614356460017007,0,1.4199256459978642,2,21569,2601,12800,1824,24170,24170,True,1,1,0,1222595,0.0,,,,,,,,1
20260917T000705Z,structured_ir_no_reuse,triton_fused_attention,amd_xdna2_npu2,amd_xdna2,2b0e73640fbd477ab064d3ec44deb478,10,10,,10,cycle_budget_exhausted,failed,False,True,True,passed,failed,failed,passed,blocked,12,0,0,0,False,False,offline-validated,,True,,,1,0.0,source_execution,1368.3121809149998,1310.8907452870026,24.198337624990018,0,31.92542841400791,20,459819,69116,122112,34967,528935,528935,True,10,10,9,829799,0.0,,,,,,,,1
20260917T000705Z,structured_ir_no_reuse,triton_fused_attention,intel_npu_4000,intel_openvino,49e08327c9f84f5e8165c2a1eb7b4574,10,2,2,2,solved,completed,True,True,True,passed,passed,not_requested,passed,blocked,12,12,0,0,True,False,offline-validated,True,,True,,2,0.55,,162.26083367799947,159.33560954899986,0.859390166000594,0,1.9606723679989955,4,54562,8162,25600,3830,62724,62724,True,2,2,1,389480,0.0,,,,,,,,1
20260917T000705Z,structured_ir_no_reuse,triton_fused_softmax,amd_xdna2_npu2,amd_xdna2,48d773cf00f14affbeaa48883f43f422,10,1,1,1,solved,completed,True,True,True,passed,passed,passed,passed,blocked,12,12,12,0,True,False,offline-validated,True,True,,,2,0.55,,99.5202718269993,92.27592971600097,2.9036293480021413,0,4.174744245998227,2,22379,4720,12800,3230,27099,27099,True,1,1,0,1578939,0.0,,,,,,,,1
20260917T000705Z,structured_ir_no_reuse,triton_fused_softmax,intel_npu_4000,intel_openvino,4d36a72561a9477ab684a16781b6ac86,10,1,1,1,solved,completed,True,True,True,passed,passed,not_requested,passed,blocked,12,12,0,0,True,False,offline-validated,True,,True,,2,0.55,,38.37552069100093,35.645420932998604,0.8198659200006659,0,1.8504762329994264,2,21385,1624,12800,1183,23009,23009,True,1,1,0,577290,0.0,,,,,,,,1
20260917T000705Z,structured_ir_no_reuse,triton_layer_norm,amd_xdna2_npu2,amd_xdna2,ceddd5372d3c4026951df9771308f5b2,10,2,2,2,solved,completed,True,True,True,passed,passed,passed,passed,blocked,12,12,12,0,True,False,offline-validated,True,True,,,2,0.55,,330.8712107810006,320.11693429000115,4.493346070004918,0,6.0550416209971445,4,58552,17177,25600,11135,75729,75729,True,2,2,1,1108251,0.0,,,,,,,,1
20260917T000705Z,structured_ir_no_reuse,triton_layer_norm,intel_npu_4000,intel_openvino,a5f38d16b4c14a79a59bce9777b8b9c9,10,1,1,1,solved,completed,True,True,True,passed,passed,not_requested,passed,blocked,12,12,0,0,True,False,offline-validated,True,,True,,2,0.55,,56.8026941149983,54.689231234000545,0.7636005340009433,0,1.2923445139986143,2,23495,2512,12800,782,26007,26007,True,1,1,0,612075,0.0,,,,,,,,1
20260917T000705Z,structured_ir_no_validation,cuda_reduce_sum,amd_xdna2_npu2,amd_xdna2,05337d3934bc483a9234148d5914ee9c,10,1,1,1,solved,completed,True,True,True,passed,passed,passed,passed,blocked,12,12,12,0,True,False,offline-validated,True,True,,,2,0.55,,78.0336572060005,72.63366286599921,2.3725634530019306,0,2.876101108997318,2,22496,3564,12800,2238,26060,26060,True,1,1,0,680794,0.0,,,,,,,,1
20260917T000705Z,structured_ir_no_validation,cuda_reduce_sum,intel_npu_4000,intel_openvino,5096ab79844942099e13b8e82d7d5119,10,1,1,1,solved,completed,True,True,True,passed,passed,not_requested,passed,blocked,12,12,0,0,True,False,offline-validated,True,,True,,2,0.55,,33.68874545000108,31.088057843999195,1.113642753000022,0,1.2937578509991,2,21540,1353,5888,885,22893,22893,True,1,1,0,372828,0.0,,,,,,,,1
20260917T000705Z,structured_ir_no_validation,cuda_tiled_matmul,amd_xdna2_npu2,amd_xdna2,c6f7f90d7f154a5092b4856c53c56e7a,10,1,1,1,solved,completed,True,True,True,passed,passed,passed,passed,blocked,12,12,12,0,True,False,offline-validated,True,True,,,2,0.55,,99.71654817799936,92.40023431900045,3.0297225120011717,0,4.144414827998844,2,22788,4816,12800,2924,27604,27604,True,1,1,0,1152666,0.0,,,,,,,,1
20260917T000705Z,structured_ir_no_validation,cuda_tiled_matmul,intel_npu_4000,intel_openvino,0feab3cc054d41289ce3227381e6aa55,10,1,1,1,solved,completed,True,True,True,passed,passed,not_requested,passed,blocked,12,12,0,0,True,False,offline-validated,True,,True,,2,0.55,,35.85758168400025,33.760811735999596,0.7089802549999149,0,1.336898122999628,2,21824,1537,12800,874,23361,23361,True,1,1,0,434272,0.0,,,,,,,,1
20260917T000705Z,structured_ir_no_validation,cuda_tiled_transpose,amd_xdna2_npu2,amd_xdna2,d6f87ae68e504e29ba5a61c3c89859d0,10,2,2,2,solved,completed,True,True,True,passed,passed,passed,passed,blocked,12,12,12,0,True,False,offline-validated,True,True,,,2,0.55,,212.45970728499924,200.76519807499972,4.961177451999902,0,6.542959316999259,3,39258,10676,18688,8047,49934,49934,True,2,2,1,1962738,0.0,,,,,,,,1
20260917T000705Z,structured_ir_no_validation,cuda_tiled_transpose,intel_npu_4000,intel_openvino,23dab513c1d24080ade602de97f9f34b,10,1,1,1,solved,completed,True,True,True,passed,passed,not_requested,passed,blocked,12,12,0,0,True,False,offline-validated,True,,True,,2,0.55,,28.604098566000175,26.572458128999642,0.7599197239960631,0,1.2264460130027146,2,21449,1178,12800,717,22627,22627,True,1,1,0,741161,0.0,,,,,,,,1
20260917T000705Z,structured_ir_no_validation,cuda_vector_add,amd_xdna2_npu2,amd_xdna2,134d2254025a4c5db37c13b2ef439dd9,10,3,3,3,solved,completed,True,True,True,passed,passed,passed,passed,blocked,12,12,12,0,True,False,offline-validated,True,True,,,2,0.55,,172.87906748999922,154.93741110599876,8.67741818099421,0,9.023326974005613,4,50718,7939,11776,3806,58657,58657,True,3,3,2,1772942,0.0,,,,,,,,1
20260917T000705Z,structured_ir_no_validation,cuda_vector_add,intel_npu_4000,intel_openvino,77c70abce0d74b4588d5e317b8106103,10,1,1,1,solved,completed,True,True,True,passed,passed,not_requested,passed,blocked,12,12,0,0,True,False,offline-validated,True,,True,,2,0.55,,27.46600369099906,24.94099556600122,0.8186379260005197,0,1.6387340290002612,2,21569,1056,12800,546,22625,22625,True,1,1,0,719496,0.0,,,,,,,,1
20260917T000705Z,structured_ir_no_validation,hip_gamma_correction,amd_xdna2_npu2,amd_xdna2,f7a5053ddad54c09b4be17c62c9e80d2,10,6,6,6,solved,completed,True,True,True,passed,passed,passed,passed,blocked,12,12,12,0,True,False,offline-validated,True,True,,,2,0.55,,339.3628217330006,308.13553783899806,15.848015138995834,0,14.703476973005309,7,95130,15846,38144,8412,110976,110976,True,6,6,5,1286860,0.0,,,,,,,,1
20260917T000705Z,structured_ir_no_validation,hip_gamma_correction,intel_npu_4000,intel_openvino,d149b00259904d9287797a0f921fc608,10,1,1,1,solved,completed,True,True,True,passed,passed,not_requested,passed,blocked,12,12,0,0,True,False,offline-validated,True,,True,,2,0.55,,32.831918465000854,30.063912196001183,0.919162485995912,0,1.8014456580040132,2,21589,1331,12800,750,22920,22920,True,1,1,0,505842,0.0,,,,,,,,1
20260917T000705Z,structured_ir_no_validation,hip_image_convolution,amd_xdna2_npu2,amd_xdna2,651decc3630b4e3696f7ee78a870ff0b,10,1,1,1,solved,completed,True,True,True,passed,passed,passed,passed,blocked,12,12,12,0,True,False,offline-validated,True,True,,,2,0.55,,111.13155945499966,104.56171278299917,3.0783876789955684,0,3.328901308002969,2,22881,5513,12800,3414,28394,28394,True,1,1,0,789249,0.0,,,,,,,,1
20260917T000705Z,structured_ir_no_validation,hip_image_convolution,intel_npu_4000,intel_openvino,17379f9ba8f346c9b7d2adc5d868c402,10,1,1,1,solved,completed,True,True,True,passed,passed,not_requested,passed,blocked,12,12,0,0,True,False,offline-validated,True,,True,,2,0.55,,32.70555455900103,28.788745134999772,0.9248865299978206,0,1.812309898001331,2,21855,1248,12800,568,23103,23103,True,1,1,0,262312,0.0,,,,,,,,1
20260917T000705Z,structured_ir_no_validation,hip_moving_average,amd_xdna2_npu2,amd_xdna2,0d2a14903439486b990b17d620e87f87,10,1,1,1,solved,completed,True,True,True,passed,passed,passed,passed,blocked,12,12,12,0,True,False,offline-validated,True,True,,,2,0.55,,76.98061383700042,70.75555043500026,2.6535396520012,0,3.4492938319981477,2,22519,3597,12800,2195,26116,26116,True,1,1,0,1482934,0.0,,,,,,,,1
20260917T000705Z,structured_ir_no_validation,hip_moving_average,intel_npu_4000,intel_openvino,bcae56906dbb4f01acdb85c0b881ee6e,10,1,1,1,solved,completed,True,True,True,passed,passed,not_requested,passed,blocked,12,12,0,0,True,False,offline-validated,True,,True,,2,0.55,,48.0882969100021,44.75259623999955,0.7801196389955294,0,2.4004704890030553,2,21558,2140,12800,1350,23698,23698,True,1,1,0,1237843,0.0,,,,,,,,1
20260917T000705Z,structured_ir_no_validation,triton_fused_attention,amd_xdna2_npu2,amd_xdna2,ae41f86fb5144ac38b4db6e5015bab83,10,5,5,5,solved,completed,True,True,True,passed,passed,passed,passed,blocked,12,12,12,0,True,False,offline-validated,True,True,,,2,0.55,,511.6129119019988,482.7738488549985,12.793154235001566,0,15.766907548000745,6,99740,25771,25344,12068,125511,125511,True,5,5,4,1017077,0.0,,,,,,,,1
20260917T000705Z,structured_ir_no_validation,triton_fused_attention,intel_npu_4000,intel_openvino,bfc95b492ed74373b3d53593a520bd06,10,1,1,1,solved,completed,True,True,True,passed,passed,not_requested,passed,blocked,12,12,0,0,True,False,offline-validated,True,,True,,2,0.55,,76.44805876200007,73.47697741800039,1.0772386029984773,0,1.843584677000763,2,22066,3711,12800,2586,25777,25777,True,1,1,0,385545,0.0,,,,,,,,1
20260917T000705Z,structured_ir_no_validation,triton_fused_softmax,amd_xdna2_npu2,amd_xdna2,9c755893349a40f7b0a15add59e89e4d,10,2,2,2,solved,completed,True,True,True,passed,passed,passed,passed,blocked,12,12,12,0,True,False,offline-validated,True,True,,,2,0.55,,137.11258470699977,128.9536038219976,3.4819213320006384,0,4.546978503998616,3,35882,6652,18688,4183,42534,42534,True,2,2,1,1591592,0.0,,,,,,,,1
20260917T000705Z,structured_ir_no_validation,triton_fused_softmax,intel_npu_4000,intel_openvino,78e655ad815945ad89267f67a39b6fc0,10,1,1,1,solved,completed,True,True,True,passed,passed,not_requested,passed,blocked,12,12,0,0,True,False,offline-validated,True,,True,,2,0.55,,44.390279508001186,42.11894044499968,0.8181607010028529,0,1.400259357997129,2,21475,2005,12800,1328,23480,23480,True,1,1,0,577910,0.0,,,,,,,,1
20260917T000705Z,structured_ir_no_validation,triton_layer_norm,amd_xdna2_npu2,amd_xdna2,21d2a5029e6a4d82b940779a5c4095a1,10,3,3,3,solved,completed,True,True,True,passed,passed,passed,passed,blocked,12,12,12,0,True,False,offline-validated,True,True,,,2,0.55,,307.38079220799773,291.2234417819982,6.866585657999167,0,9.106729604000066,4,60600,15547,24576,8326,76147,76147,True,3,3,2,1272945,0.0,,,,,,,,1
20260917T000705Z,structured_ir_no_validation,triton_layer_norm,intel_npu_4000,intel_openvino,dc531362e1f84c3d99f55566188c0437,10,1,1,1,solved,completed,True,True,True,passed,passed,not_requested,passed,blocked,12,12,0,0,True,False,offline-validated,True,,True,,2,0.55,,75.9876532729977,73.58152005000193,0.8111607110004115,0,1.546111118999761,2,23507,3736,12800,1998,27243,27243,True,1,1,0,612423,0.0,,,,,,,,1
20260917T004403Z,baseline,cuda_reduce_sum,amd_xdna2_npu2,amd_xdna2,be54a4764f364bdb9c3e1fafc0ea115f,10,1,1,1,solved,completed,True,True,True,passed,passed,passed,passed,blocked,12,12,12,0,True,False,offline-validated,True,True,,,2,0.55,,67.97790173500107,60.394377392000024,3.0974475249986426,0,4.346812042000238,1,10907,3091,5888,2070,13998,13998,True,1,1,0,690473,0.0,,,,,,,,2
20260917T004403Z,baseline,cuda_reduce_sum,intel_npu_4000,intel_openvino,5811c336d27a4231a89aeab8c64bbd4b,10,1,1,1,solved,completed,True,True,True,passed,passed,not_requested,passed,blocked,12,12,0,0,True,False,offline-validated,True,,True,,2,0.55,,20.300625990999833,16.01650692899966,1.3354160620001494,0,2.403923570000188,1,9966,682,5888,516,10648,10648,True,1,1,0,372600,0.0,,,,,,,,2
20260917T004403Z,baseline,cuda_tiled_matmul,amd_xdna2_npu2,amd_xdna2,3ba615e218c14a63ac2b1cfda061468b,10,2,2,2,solved,completed,True,True,True,passed,passed,passed,passed,blocked,12,12,12,0,True,False,offline-validated,True,True,,,2,0.55,,169.70778962799886,158.83305619300154,5.351428177000344,0,5.364676870000039,2,23901,8232,11776,5176,32133,32133,True,2,2,1,1136921,0.0,,,,,,,,2
20260917T004403Z,baseline,cuda_tiled_matmul,intel_npu_4000,intel_openvino,a9f84cf565d94191baffd67afa44ade2,10,1,1,1,solved,completed,True,True,True,passed,passed,not_requested,passed,blocked,12,12,0,0,True,False,offline-validated,True,,True,,2,0.55,,19.17378512799951,16.180207400000654,1.2092848500014952,0,1.7412661639991711,1,10062,741,5888,475,10803,10803,True,1,1,0,434042,0.0,,,,,,,,2
20260917T004403Z,baseline,cuda_tiled_transpose,amd_xdna2_npu2,amd_xdna2,5a59fed8773c4357b8e07eced54a34ca,10,1,1,1,solved,completed,True,True,True,passed,passed,passed,passed,blocked,12,12,12,0,True,False,offline-validated,True,True,,,2,0.55,,95.03080221399978,87.48030508800002,2.79038034000223,0,4.605906464998043,1,10862,4699,5888,2964,15561,15561,True,1,1,0,2087288,0.0,,,,,,,,2
20260917T004403Z,baseline,cuda_tiled_transpose,intel_npu_4000,intel_openvino,a131c122e1be41239fe1cfddf51d6d04,10,1,1,1,solved,completed,True,True,True,passed,passed,not_requested,passed,blocked,12,12,0,0,True,False,offline-validated,True,,True,,2,0.55,,21.997956997000074,17.942684177000046,1.5833069479976984,0,2.3922257350022846,1,9921,846,5888,671,10767,10767,True,1,1,0,740954,0.0,,,,,,,,2
20260917T004403Z,baseline,cuda_vector_add,amd_xdna2_npu2,amd_xdna2,ec0f83706f3e467fabbb5c8deb9dfeca,10,2,2,2,solved,completed,True,True,True,passed,passed,passed,passed,blocked,12,12,12,0,True,False,offline-validated,True,True,,,2,0.55,,143.0732469650011,132.1476004219985,3.904296953996891,0,6.872072766003839,2,23675,6986,11776,4508,30661,30661,True,2,2,1,2093629,0.0,,,,,,,,2
20260917T004403Z,baseline,cuda_vector_add,intel_npu_4000,intel_openvino,10ca64aeff984376bfef275d4b53f247,10,1,1,1,solved,completed,True,True,True,passed,passed,not_requested,passed,blocked,12,12,0,0,True,False,offline-validated,True,,True,,2,0.55,,18.876179560998935,15.516999315999783,1.4752862100031052,0,1.7986787959962385,1,9895,703,5888,516,10598,10598,True,1,1,0,719233,0.0,,,,,,,,2
20260917T004403Z,baseline,hip_gamma_correction,amd_xdna2_npu2,amd_xdna2,d9f440bc91e340a0b01834b860abb990,10,2,2,2,solved,completed,True,True,True,passed,passed,passed,passed,blocked,12,12,12,0,True,False,offline-validated,True,True,,,2,0.55,,169.34757969100065,158.91736899100033,5.499769873002151,0,4.7836678809962905,2,23133,8498,11776,6225,31631,31631,True,2,2,1,1328216,0.0,,,,,,,,2
20260917T004403Z,baseline,hip_gamma_correction,intel_npu_4000,intel_openvino,57e67ff593fa4092bfde8e0f68d71f72,10,1,1,1,solved,completed,True,True,True,passed,passed,not_requested,passed,blocked,12,12,0,0,True,False,offline-validated,True,,True,,2,0.55,,21.684463220999532,18.86193016800098,1.2005121699967276,0,1.5417290160021366,1,9911,841,5888,603,10752,10752,True,1,1,0,505629,0.0,,,,,,,,2
20260917T004403Z,baseline,hip_image_convolution,amd_xdna2_npu2,amd_xdna2,7976108cf2cd4f0d9a8860fda26e8e99,10,2,2,2,solved,completed,True,True,True,passed,passed,passed,passed,blocked,12,12,12,0,True,False,offline-validated,True,True,,,2,0.55,,159.27523797899994,149.47723050899913,4.602631602998372,0,5.074255504001485,2,24315,7961,5888,4864,32276,32276,True,2,2,1,802886,0.0,,,,,,,,2
20260917T004403Z,baseline,hip_image_convolution,intel_npu_4000,intel_openvino,af6018afc09645c3a8508d75cb2dfe41,10,1,1,1,solved,completed,True,True,True,passed,passed,not_requested,passed,blocked,12,12,0,0,True,False,offline-validated,True,,True,,2,0.55,,17.05722061400047,13.947514941000918,1.2968466879974585,0,1.706561529001192,1,10049,608,5888,346,10657,10657,True,1,1,0,262105,0.0,,,,,,,,2
20260917T004403Z,baseline,hip_moving_average,amd_xdna2_npu2,amd_xdna2,d317d22906bf4e69adc3061e8fc152a2,10,1,1,1,solved,completed,True,True,True,passed,passed,passed,passed,blocked,12,12,12,0,True,False,offline-validated,True,True,,,2,0.55,,61.53279864099932,54.75668194300124,2.7343411259971617,0,3.919746944002327,1,10856,2880,5888,1872,13736,13736,True,1,1,0,1481833,0.0,,,,,,,,2
20260917T004403Z,baseline,hip_moving_average,intel_npu_4000,intel_openvino,5ff4cfd172cd44bf8538e74ea0795269,10,1,1,1,solved,completed,True,True,True,passed,passed,not_requested,passed,blocked,12,12,0,0,True,False,offline-validated,True,,True,,2,0.55,,51.2193541509987,48.451202618000025,0.8735476350029785,0,1.8468063489981432,1,9915,2519,5888,2107,12434,12434,True,1,1,0,1236739,0.0,,,,,,,,2
20260917T004403Z,baseline,triton_fused_attention,amd_xdna2_npu2,amd_xdna2,6d395f2501c144cc85439b46ec252011,10,10,,10,cycle_budget_exhausted,failed,False,True,False,passed,failed,failed,failed,blocked,12,12,12,0,False,False,offline-validated,False,False,,,0,0.0,target_compile,1227.7503478709987,1162.2748665260024,25.642657473004874,0,38.45587768299629,10,226086,62505,58880,38734,288591,288591,True,10,10,9,647422,0.0,,,,,,,,2
20260917T004403Z,baseline,triton_fused_attention,intel_npu_4000,intel_openvino,05e9f9e7f439473dbb280d47b17ea8fd,10,2,2,2,solved,completed,True,True,True,passed,passed,not_requested,passed,blocked,12,12,0,0,True,False,offline-validated,True,,True,,2,0.55,,47.25323900500007,40.79326921499887,1.3781875639997452,0,2.621559925000838,2,21153,1939,11776,1267,23092,23092,True,2,2,1,381642,0.0,,,,,,,,2
20260917T004403Z,baseline,triton_fused_softmax,amd_xdna2_npu2,amd_xdna2,d19c30949fd840b588fc0e4fce13bc6e,10,4,4,4,solved,completed,True,True,True,passed,passed,passed,passed,blocked,12,12,12,0,True,False,offline-validated,True,True,,,2,0.55,,202.9531318699992,181.93399511799907,8.398869953996837,0,12.399540016000174,4,49484,9383,23552,4983,58867,58867,True,4,4,3,1577819,0.0,,,,,,,,2
20260917T004403Z,baseline,triton_fused_softmax,intel_npu_4000,intel_openvino,e5ad5c8a7aac465cb8df26cead031339,10,1,1,1,solved,completed,True,True,True,passed,passed,not_requested,passed,blocked,12,12,0,0,True,False,offline-validated,True,,True,,2,0.55,,15.93742129400016,12.728486235999299,1.177912444998583,0,1.9875991720018646,1,9891,555,5888,296,10446,10446,True,1,1,0,579801,0.0,,,,,,,,2
20260917T004403Z,baseline,triton_layer_norm,amd_xdna2_npu2,amd_xdna2,f225f2b7346f4df78382883c6285863b,10,6,6,6,solved,completed,True,True,True,passed,passed,passed,passed,blocked,12,12,12,0,True,False,offline-validated,True,True,,,2,0.55,,551.1575849630008,513.1688143380015,15.03778838299695,0,22.424987320000582,6,79350,27433,35328,16108,106783,106783,True,6,6,5,1459086,0.0,,,,,,,,2
20260917T004403Z,baseline,triton_layer_norm,intel_npu_4000,intel_openvino,3709fda8242c4511bac69f0133bf6efd,10,1,1,1,solved,completed,True,True,True,passed,passed,not_requested,passed,blocked,12,12,0,0,True,False,offline-validated,True,,True,,2,0.55,,33.67858957600038,30.369777305000753,1.0187874900038878,0,2.2507821419967513,1,10158,1519,5888,1034,11677,11677,True,1,1,0,570697,0.0,,,,,,,,2
20260917T004403Z,hinted_ir,cuda_reduce_sum,amd_xdna2_npu2,amd_xdna2,55adf1a59b0f44f3a6540b972ef5a60d,10,1,1,1,solved,completed,True,True,True,passed,passed,passed,passed,blocked,12,12,12,0,True,False,offline-validated,True,True,,,2,0.55,,88.57309127500048,81.43733162499848,2.9796944039972004,0,4.02792819300339,2,20807,4191,11776,2677,24998,24998,True,1,1,0,680576,0.0,,,,,,,,2
20260917T004403Z,hinted_ir,cuda_reduce_sum,intel_npu_4000,intel_openvino,81783a41b8a74620af0b21e1c27d21e2,10,1,1,1,solved,completed,True,True,True,passed,passed,not_requested,passed,blocked,12,12,0,0,True,False,offline-validated,True,,True,,2,0.55,,43.18075721800051,40.33751101300004,1.2203948890019092,0,1.5346880459983367,2,19948,1877,11776,1032,21825,21825,True,1,1,0,372949,0.0,,,,,,,,2
20260917T004403Z,hinted_ir,cuda_tiled_matmul,amd_xdna2_npu2,amd_xdna2,590702e929a14f06a1533f855b5cc1a0,10,2,2,2,solved,completed,True,True,True,passed,passed,passed,passed,blocked,12,12,12,0,True,False,offline-validated,True,True,,,2,0.55,,174.4039250449987,164.97079016299904,4.132392322002488,0,5.167283995999242,4,46977,8376,23552,4630,55353,55353,True,2,2,1,1137614,0.0,,,,,,,,2
20260917T004403Z,hinted_ir,cuda_tiled_matmul,intel_npu_4000,intel_openvino,4d86da5b37b141dc8b0ff09b80cbb76e,10,2,2,2,solved,completed,True,True,True,passed,passed,not_requested,passed,blocked,12,12,0,0,True,False,offline-validated,True,,True,,2,0.55,,72.50201345499954,69.07874725399961,1.1926025390002906,0,2.163597759001277,4,42359,3153,23552,1489,45512,45512,True,2,2,1,434650,0.0,,,,,,,,2
20260917T004403Z,hinted_ir,cuda_tiled_transpose,amd_xdna2_npu2,amd_xdna2,3bfc3ccdcfab46eda21d885a498b0e32,10,3,3,3,solved,completed,True,True,True,passed,passed,passed,passed,blocked,12,12,12,0,True,False,offline-validated,True,True,,,2,0.55,,323.96969493800134,305.2999388039989,7.67469433199949,0,10.79378064499906,6,86575,15908,35328,9220,102483,102483,True,3,3,2,1962509,0.0,,,,,,,,2
20260917T004403Z,hinted_ir,cuda_tiled_transpose,intel_npu_4000,intel_openvino,d8495b92f56c498e933510c1b643941f,10,1,1,1,solved,completed,True,True,True,passed,passed,not_requested,passed,blocked,12,12,0,0,True,False,offline-validated,True,,True,,2,0.55,,30.88280506599949,28.03999388400007,0.868253860002369,0,1.9314747689986689,2,19653,1227,11776,684,20880,20880,True,1,1,0,740943,0.0,,,,,,,,2
20260917T004403Z,hinted_ir,cuda_vector_add,amd_xdna2_npu2,amd_xdna2,845c5aa8d24840bab1023e156d62f706,10,1,1,1,solved,completed,True,True,True,passed,passed,passed,passed,blocked,12,12,12,0,True,False,offline-validated,True,True,,,2,0.55,,99.06375829399985,91.37210506700103,3.207952638998904,0,4.23721519800165,2,20727,4747,5888,3040,25474,25474,True,1,1,0,1776669,0.0,,,,,,,,2
20260917T004403Z,hinted_ir,cuda_vector_add,intel_npu_4000,intel_openvino,ea5f7214086b43d1a869b1a3ddc38035,10,1,1,1,solved,completed,True,True,True,passed,passed,not_requested,passed,blocked,12,12,0,0,True,False,offline-validated,True,,True,,2,0.55,,36.014302244000646,33.09712938899975,1.2184167169980356,0,1.6362598710020393,2,19699,1513,5888,950,21212,21212,True,1,1,0,719288,0.0,,,,,,,,2
20260917T004403Z,hinted_ir,hip_gamma_correction,amd_xdna2_npu2,amd_xdna2,bc5f8702c44e474b9dd3602c80c149fb,10,2,2,2,solved,completed,True,True,True,passed,passed,passed,passed,blocked,12,12,12,0,True,False,offline-validated,True,True,,,2,0.55,,221.6100629470002,208.45484786700217,5.155679183999382,0,7.806258718001118,4,59619,10806,23552,7349,70425,70425,True,2,2,1,1313906,0.0,,,,,,,,2
20260917T004403Z,hinted_ir,hip_gamma_correction,intel_npu_4000,intel_openvino,9983893721244443bb3d5cb8b575c49b,10,1,1,1,solved,completed,True,True,True,passed,passed,not_requested,passed,blocked,12,12,0,0,True,False,offline-validated,True,,True,,2,0.55,,29.314300919000743,26.688315003999378,0.9285061530026724,0,1.6458037609972962,2,19609,1109,11776,611,20718,20718,True,1,1,0,505623,0.0,,,,,,,,2
20260917T004403Z,hinted_ir,hip_image_convolution,amd_xdna2_npu2,amd_xdna2,1cd5cfb6969f4b2c84cebecebba39993,10,1,1,1,solved,completed,True,True,True,passed,passed,passed,passed,blocked,12,12,12,0,True,False,offline-validated,True,True,,,2,0.55,,99.24670909400083,92.89532522500122,2.775714211002196,0,3.4354991279979004,2,21128,4804,11776,2498,25932,25932,True,1,1,0,816457,0.0,,,,,,,,2
20260917T004403Z,hinted_ir,hip_image_convolution,intel_npu_4000,intel_openvino,6eef02d37c474bad95f5fa0b943071eb,10,1,1,1,solved,completed,True,True,True,passed,passed,not_requested,passed,blocked,12,12,0,0,True,False,offline-validated,True,,True,,2,0.55,,34.2841812530005,31.55516083600014,0.8702839830002631,0,1.794739363998815,2,20059,1331,11776,510,21390,21390,True,1,1,0,262132,0.0,,,,,,,,2
20260917T004403Z,hinted_ir,hip_moving_average,amd_xdna2_npu2,amd_xdna2,0688668dfbd343be869cbf0588dee1c2,10,1,1,1,solved,completed,True,True,True,passed,passed,passed,passed,blocked,12,12,12,0,True,False,offline-validated,True,True,,,2,0.55,,76.68849555999986,68.52376118700158,2.906179384002826,0,5.02847915899838,2,20606,3355,11776,1929,23961,23961,True,1,1,0,1480854,0.0,,,,,,,,2
20260917T004403Z,hinted_ir,hip_moving_average,intel_npu_4000,intel_openvino,f6675dfc2f524f8eb5be75d373c72ebc,10,1,1,1,solved,completed,True,True,True,passed,passed,not_requested,passed,blocked,12,12,0,0,True,False,offline-validated,True,,True,,2,0.55,,47.0773023870006,44.15876280500015,0.9461312199982785,0,1.8988860310018936,2,19722,2084,5888,1367,21806,21806,True,1,1,0,1235931,0.0,,,,,,,,2
20260917T004403Z,hinted_ir,triton_fused_attention,amd_xdna2_npu2,amd_xdna2,447266263a3f453eaa8dbc213ed114a9,10,4,4,4,solved,completed,True,True,True,passed,passed,passed,passed,blocked,12,12,12,0,True,False,offline-validated,True,True,,,2,0.55,,520.8633351589997,495.8708024230018,11.336301609993825,0,13.329206668006009,8,109385,26317,47104,14625,135702,135702,True,4,4,3,1043907,0.0,,,,,,,,2
20260917T004403Z,hinted_ir,triton_fused_attention,intel_npu_4000,intel_openvino,0b3d7738797d4311bbeca9d36022bdcf,10,1,1,1,solved,completed,True,True,True,passed,passed,not_requested,passed,blocked,12,12,0,0,True,False,offline-validated,True,,True,,2,0.55,,43.77827902399986,40.89406885700191,1.2462805889990705,0,1.5923480640012713,2,20282,1941,11776,732,22223,22223,True,1,1,0,388766,0.0,,,,,,,,2
20260917T004403Z,hinted_ir,triton_fused_softmax,amd_xdna2_npu2,amd_xdna2,fe9b5b5badc045c796bc0baa9c6d96fc,10,1,1,1,solved,completed,True,True,True,passed,passed,passed,passed,blocked,12,12,12,0,True,False,offline-validated,True,True,,,2,0.55,,83.88910460999978,76.7392192369989,2.833037214995784,0,4.168389968002884,2,20449,3933,11776,2518,24382,24382,True,1,1,0,1578007,0.0,,,,,,,,2
20260917T004403Z,hinted_ir,triton_fused_softmax,intel_npu_4000,intel_openvino,23fac960d0cb44169034218af5e98008,10,1,1,1,solved,completed,True,True,True,passed,passed,not_requested,passed,blocked,12,12,0,0,True,False,offline-validated,True,,True,,2,0.55,,35.65484611199827,32.71523537599933,1.3357970640008716,0,1.5576311059994623,2,19587,1484,11776,836,21071,21071,True,1,1,0,580041,0.0,,,,,,,,2
20260917T004403Z,hinted_ir,triton_layer_norm,amd_xdna2_npu2,amd_xdna2,ecc529f7d162466a98969b92953de06e,10,3,3,3,solved,completed,True,True,True,passed,passed,passed,passed,blocked,12,12,12,0,True,False,offline-validated,True,True,,,2,0.55,,315.3988009040004,295.204515827003,8.07430293699872,0,11.831284805002724,6,76111,15356,31232,8041,91467,91467,True,3,3,2,1328305,0.0,,,,,,,,2
20260917T004403Z,hinted_ir,triton_layer_norm,intel_npu_4000,intel_openvino,869b942b2ecc445e8bcf8e82a99f694a,10,2,2,2,solved,completed,True,True,True,passed,passed,not_requested,passed,blocked,12,12,0,0,True,False,offline-validated,True,,True,,2,0.55,,89.9807048670009,86.42160380600035,1.0054919000012887,0,2.476753191998796,4,42644,4043,23552,2439,46687,46687,True,2,2,1,554853,0.0,,,,,,,,2
20260917T004403Z,structured_ir,cuda_reduce_sum,amd_xdna2_npu2,amd_xdna2,90e6335df10747629712119c04f64ff0,10,1,1,1,solved,completed,True,True,True,passed,passed,passed,passed,blocked,12,12,12,0,True,False,offline-validated,True,True,,,2,0.55,,83.18356604700057,75.50393746500049,2.9427483519993984,0,4.592164491999938,2,22476,3807,12800,2480,26283,26283,True,1,1,0,680495,0.0,,,,,,,,2
20260917T004403Z,structured_ir,cuda_reduce_sum,intel_npu_4000,intel_openvino,126aff1cc42942e289f376d63fce0155,10,1,1,1,solved,completed,True,True,True,passed,passed,not_requested,passed,blocked,12,12,0,0,True,False,offline-validated,True,,True,,2,0.55,,35.03666426299969,32.79289531499853,0.8122741460028919,0,1.3841573069967126,2,21543,1469,12800,986,23012,23012,True,1,1,0,372717,0.0,,,,,,,,2
20260917T004403Z,structured_ir,cuda_tiled_matmul,amd_xdna2_npu2,amd_xdna2,ef5745e8712b449e86a72140e0e81e0d,10,1,1,1,solved,completed,True,True,True,passed,passed,passed,passed,blocked,12,12,12,0,True,False,offline-validated,True,True,,,2,0.55,,91.145980487001,83.5428773929998,3.4502625049972266,0,3.9413773530013714,2,22730,4311,12800,2586,27041,27041,True,1,1,0,1155169,0.0,,,,,,,,2
20260917T004403Z,structured_ir,cuda_tiled_matmul,intel_npu_4000,intel_openvino,ca3c9397a6a247bea7e96d0bbb754165,10,1,1,1,solved,completed,True,True,True,passed,passed,not_requested,passed,blocked,12,12,0,0,True,False,offline-validated,True,,True,,2,0.55,,32.34875246699994,29.62223804000132,1.1224361749991658,0,1.5383867649998137,2,21811,1311,12800,633,23122,23122,True,1,1,0,434133,0.0,,,,,,,,2
20260917T004403Z,structured_ir,cuda_tiled_transpose,amd_xdna2_npu2,amd_xdna2,8f65161769564733928bc5de049f1797,10,3,3,3,solved,completed,True,True,True,passed,passed,passed,passed,blocked,12,12,12,0,True,False,offline-validated,True,True,,,2,0.55,,283.9910151439999,269.9633069909996,5.217346425992218,0,8.55223790000673,4,55848,14200,24576,8411,70048,70048,True,3,3,2,1962806,0.0,,,,,,,,2
20260917T004403Z,structured_ir,cuda_tiled_transpose,intel_npu_4000,intel_openvino,762297ee86af4594a536b44a324b2a4b,10,1,1,1,solved,completed,True,True,True,passed,passed,not_requested,passed,blocked,12,12,0,0,True,False,offline-validated,True,,True,,2,0.55,,36.934984698000335,34.09389453499898,0.9697179349986982,0,1.7905797340008576,2,21443,1381,12800,892,22824,22824,True,1,1,0,741089,0.0,,,,,,,,2
20260917T004403Z,structured_ir,cuda_vector_add,amd_xdna2_npu2,amd_xdna2,8663cd20fd3645d8ae280e8d809cd040,10,1,1,1,solved,completed,True,True,True,passed,passed,passed,passed,blocked,12,12,12,0,True,False,offline-validated,True,True,,,2,0.55,,107.64784740399955,100.52557001199966,3.1595110519992886,0,3.782812860999911,2,22519,5246,12800,3625,27765,27765,True,1,1,0,1772710,0.0,,,,,,,,2
20260917T004403Z,structured_ir,cuda_vector_add,intel_npu_4000,intel_openvino,f9a607a3c5c84e9bb280b9e7c6efd26e,10,1,1,1,solved,completed,True,True,True,passed,passed,not_requested,passed,blocked,12,12,0,0,True,False,offline-validated,True,,True,,2,0.55,,28.517789602999983,25.74245612800223,1.0639525650003634,0,1.6505359359998693,2,21580,1091,12800,412,22671,22671,True,1,1,0,719950,0.0,,,,,,,,2
20260917T004403Z,structured_ir,hip_gamma_correction,amd_xdna2_npu2,amd_xdna2,d2556e32e5f14990883bbb2fc43f18f2,10,2,2,2,solved,completed,True,True,True,passed,passed,passed,passed,blocked,12,12,12,0,True,False,offline-validated,True,True,,,2,0.55,,195.99907733600048,181.40352453500054,5.671471031997498,0,5.234366230002706,3,38788,9614,18688,5893,48402,48402,True,2,2,1,1285497,0.0,,,,,,,,2
20260917T004403Z,structured_ir,hip_gamma_correction,intel_npu_4000,intel_openvino,d65df62bb9a549c593c2b2f6e2ac27a1,10,1,1,1,solved,completed,True,True,True,passed,passed,not_requested,passed,blocked,12,12,0,0,True,False,offline-validated,True,,True,,2,0.55,,31.83699157599949,29.042228485999658,1.240927909997481,0,1.5020095510026295,2,21552,1300,12800,790,22852,22852,True,1,1,0,504451,0.0,,,,,,,,2
20260917T004403Z,structured_ir,hip_image_convolution,amd_xdna2_npu2,amd_xdna2,5b572f15ff5f41c4962d38e01a55d4bc,10,1,1,1,solved,completed,True,True,True,passed,passed,passed,passed,blocked,12,12,12,0,True,False,offline-validated,True,True,,,2,0.55,,85.2080103469998,79.34150764200058,2.3726090540003497,0,3.326879755999471,2,22843,3955,12800,2068,26798,26798,True,1,1,0,786304,0.0,,,,,,,,2
20260917T004403Z,structured_ir,hip_image_convolution,intel_npu_4000,intel_openvino,ad48da19bce2482094e42c544f1bc587,10,1,1,1,solved,completed,True,True,True,passed,passed,not_requested,passed,blocked,12,12,0,0,True,False,offline-validated,True,,True,,2,0.55,,38.069936819998475,35.598222143000385,0.9131938210011867,0,1.4865855099997134,2,21838,1554,12800,912,23392,23392,True,1,1,0,262058,0.0,,,,,,,,2
20260917T004403Z,structured_ir,hip_moving_average,amd_xdna2_npu2,amd_xdna2,411ffbd9b6724710aeae7285065464f0,10,2,2,2,solved,completed,True,True,True,passed,passed,passed,passed,blocked,12,12,12,0,True,False,offline-validated,True,True,,,2,0.55,,265.25819374800085,253.2563152599996,5.842488706002769,0,5.855054378997011,3,39656,13540,18688,8853,53196,53196,True,2,2,1,1483089,0.0,,,,,,,,2
20260917T004403Z,structured_ir,hip_moving_average,intel_npu_4000,intel_openvino,b4bea836d601420b8351f091ac5ebc92,10,1,1,1,solved,completed,True,True,True,passed,passed,not_requested,passed,blocked,12,12,0,0,True,False,offline-validated,True,,True,,2,0.55,,84.31921145999877,81.15368237599978,1.265322491999541,0,1.686490568001318,2,21565,4109,12800,3189,25674,25674,True,1,1,0,1065929,0.0,,,,,,,,2
20260917T004403Z,structured_ir,triton_fused_attention,amd_xdna2_npu2,amd_xdna2,edda1040a99e44b09ccecfa36196e5f4,10,8,8,8,solved,completed,True,True,True,passed,passed,passed,passed,blocked,12,12,12,0,True,False,offline-validated,True,True,,,2,0.55,,852.5999531060006,807.2678745159974,17.931436942999426,0,27.015604701002303,9,135106,43263,54016,24432,178369,178369,True,8,8,7,963322,0.0,,,,,,,,2
20260917T004403Z,structured_ir,triton_fused_attention,intel_npu_4000,intel_openvino,9f691911dd3e41ba881ad573581f1dea,10,1,1,1,solved,completed,True,True,True,passed,passed,not_requested,passed,blocked,12,12,0,0,True,False,offline-validated,True,,True,,2,0.55,,90.19118858199909,87.63217238600191,1.0177697990020533,0,1.492531362997397,2,23703,4482,12800,2386,28185,28185,True,1,1,0,388993,0.0,,,,,,,,2
20260917T004403Z,structured_ir,triton_fused_softmax,amd_xdna2_npu2,amd_xdna2,aeeaffeb31f247a180af2e80a159cca6,10,2,2,2,solved,completed,True,True,True,passed,passed,passed,passed,blocked,12,12,12,0,True,False,offline-validated,True,True,,,2,0.55,,99.63805843800037,89.91541605200109,4.1029746219956,0,5.453848413002561,3,35967,4454,18688,1843,40421,40421,True,2,2,1,1581403,0.0,,,,,,,,2
20260917T004403Z,structured_ir,triton_fused_softmax,intel_npu_4000,intel_openvino,ce56c384f334431d8b39e2b868b0fd24,10,1,1,1,solved,completed,True,True,True,passed,passed,not_requested,passed,blocked,12,12,0,0,True,False,offline-validated,True,,True,,2,0.55,,26.189485068000067,23.50742519999949,1.1409654160015634,0,1.4473461219986348,2,21396,908,12800,457,22304,22304,True,1,1,0,577156,0.0,,,,,,,,2
20260917T004403Z,structured_ir,triton_layer_norm,amd_xdna2_npu2,amd_xdna2,f10403d15c3f4e9aba46a387bb40a9e1,10,2,2,2,solved,completed,True,True,True,passed,passed,passed,passed,blocked,12,12,12,0,True,False,offline-validated,True,True,,,2,0.55,,261.56383286600067,245.67707510900073,5.8402290619942505,0,8.544393854004738,3,42584,13191,18688,7672,55775,55775,True,2,2,1,1367780,0.0,,,,,,,,2
20260917T004403Z,structured_ir,triton_layer_norm,intel_npu_4000,intel_openvino,e1e427c7970a4bf0b2c965fd9069191b,10,1,1,1,solved,completed,True,True,True,passed,passed,not_requested,passed,blocked,12,12,0,0,True,False,offline-validated,True,,True,,2,0.55,,65.12285637900095,62.12690400899919,0.9766974750018562,0,1.9556977539978107,2,23527,3095,12800,1270,26622,26622,True,1,1,0,612857,0.0,,,,,,,,2
20260917T004403Z,structured_ir_no_reuse,cuda_reduce_sum,amd_xdna2_npu2,amd_xdna2,26d9bf1e538e488dbead4d459f0a3f77,10,1,1,1,solved,completed,True,True,True,passed,passed,passed,passed,blocked,12,12,12,0,True,False,offline-validated,True,True,,,2,0.55,,100.17364956300116,93.76752699700046,2.650040515994988,0,3.6228084180038422,2,22487,4844,12800,3520,27331,27331,True,1,1,0,690889,0.0,,,,,,,,2
20260917T004403Z,structured_ir_no_reuse,cuda_reduce_sum,intel_npu_4000,intel_openvino,2113f8dda9b54355b8b98a922575b282,10,1,1,1,solved,completed,True,True,True,passed,passed,not_requested,passed,blocked,12,12,0,0,True,False,offline-validated,True,,True,,2,0.55,,34.925532031998955,31.779438875999404,1.3380585560007603,0,1.750206265000088,2,21536,1397,12800,925,22933,22933,True,1,1,0,372780,0.0,,,,,,,,2
20260917T004403Z,structured_ir_no_reuse,cuda_tiled_matmul,amd_xdna2_npu2,amd_xdna2,e0043313420240c789012a3a62e204e3,10,1,1,1,solved,completed,True,True,True,passed,passed,passed,passed,blocked,12,12,12,0,True,False,offline-validated,True,True,,,2,0.55,,116.77316437400077,107.7596089610015,3.2549871999999596,0,3.8544287879994954,2,22761,5606,12800,3758,28367,28367,True,1,1,0,1152606,0.0,,,,,,,,2
20260917T004403Z,structured_ir_no_reuse,cuda_tiled_matmul,intel_npu_4000,intel_openvino,098334d03bb241cda7565654d0f1e314,10,1,1,1,solved,completed,True,True,True,passed,passed,not_requested,passed,blocked,12,12,0,0,True,False,offline-validated,True,,True,,2,0.55,,31.495736815999408,28.937424014999124,0.9196240209985262,0,1.586821808001332,2,21778,1219,12800,589,22997,22997,True,1,1,0,434222,0.0,,,,,,,,2
20260917T004403Z,structured_ir_no_reuse,cuda_tiled_transpose,amd_xdna2_npu2,amd_xdna2,4cd65c68c5d84e37b1995cb41c7ebdd6,10,1,1,1,solved,completed,True,True,True,passed,passed,passed,passed,blocked,12,12,12,0,True,False,offline-validated,True,True,,,2,0.55,,88.87324233399886,80.38964236899847,4.118247240003257,0,4.23928601699663,2,22375,4093,12800,2783,26468,26468,True,1,1,0,1962592,0.0,,,,,,,,2
20260917T004403Z,structured_ir_no_reuse,cuda_tiled_transpose,intel_npu_4000,intel_openvino,96b362fd991e45e8883305d66378d0c9,10,1,1,1,solved,completed,True,True,True,passed,passed,not_requested,passed,blocked,12,12,0,0,True,False,offline-validated,True,,True,,2,0.55,,29.015231018000122,26.5327780660009,0.9206572079983744,0,1.4738396600005217,2,21437,1049,12800,591,22486,22486,True,1,1,0,741132,0.0,,,,,,,,2
20260917T004403Z,structured_ir_no_reuse,cuda_vector_add,amd_xdna2_npu2,amd_xdna2,89f341a40fa84b9caacf9bc3546c5161,10,1,1,1,solved,completed,True,True,True,passed,passed,passed,passed,blocked,12,12,12,0,True,False,offline-validated,True,True,,,2,0.55,,106.14234384799965,98.80414400999871,3.0787577999981295,0,4.079467190002106,2,22516,5067,12800,3458,27583,27583,True,1,1,0,1775956,0.0,,,,,,,,2
20260917T004403Z,structured_ir_no_reuse,cuda_vector_add,intel_npu_4000,intel_openvino,f032860cd428445688ed6cec161326bd,10,1,1,1,solved,completed,True,True,True,passed,passed,not_requested,passed,blocked,12,12,0,0,True,False,offline-validated,True,,True,,2,0.55,,28.172083273999306,24.7983992820009,1.3703917799994088,0,1.9454497389997414,2,21566,1004,12800,496,22570,22570,True,1,1,0,719429,0.0,,,,,,,,2
20260917T004403Z,structured_ir_no_reuse,hip_gamma_correction,amd_xdna2_npu2,amd_xdna2,622d6c1661f74ab4969f0029d00838d4,10,1,1,1,solved,completed,True,True,True,passed,passed,passed,passed,blocked,12,12,12,0,True,False,offline-validated,True,True,,,2,0.55,,88.306058872,80.57867215999977,3.1516108509968035,0,4.415734183003224,2,22529,4029,12800,2632,26558,26558,True,1,1,0,1327750,0.0,,,,,,,,2
20260917T004403Z,structured_ir_no_reuse,hip_gamma_correction,intel_npu_4000,intel_openvino,f3b57f172a4744ab9f302c3032bcf7c4,10,1,1,1,solved,completed,True,True,True,passed,passed,not_requested,passed,blocked,12,12,0,0,True,False,offline-validated,True,,True,,2,0.55,,44.12944285699996,41.671750093997616,0.8631314129979728,0,1.54296979800165,2,21605,1900,12800,1135,23505,23505,True,1,1,0,505280,0.0,,,,,,,,2
20260917T004403Z,structured_ir_no_reuse,hip_image_convolution,amd_xdna2_npu2,amd_xdna2,bdfb8ce532524100958dec998a014220,10,2,2,2,solved,completed,True,True,True,passed,passed,passed,passed,blocked,12,12,12,0,True,False,offline-validated,True,True,,,2,0.55,,189.29454570100097,177.4573214029988,4.934945486998913,0,6.645614764001948,4,51024,9188,25600,5191,60212,60212,True,2,2,1,803884,0.0,,,,,,,,2
20260917T004403Z,structured_ir_no_reuse,hip_image_convolution,intel_npu_4000,intel_openvino,007a8a9eb66645ff8a784839f6f2db09,10,1,1,1,solved,completed,True,True,True,passed,passed,not_requested,passed,blocked,12,12,0,0,True,False,offline-validated,True,,True,,2,0.55,,35.12592795099954,31.860954246998517,1.3846602310004528,0,1.7962723119999282,2,21912,1466,12800,697,23378,23378,True,1,1,0,262373,0.0,,,,,,,,2
20260917T004403Z,structured_ir_no_reuse,hip_moving_average,amd_xdna2_npu2,amd_xdna2,dd1c02e5e23549dd9f3a1d8d2f8655d2,10,2,2,2,solved,completed,True,True,True,passed,passed,passed,passed,blocked,12,12,12,0,True,False,offline-validated,True,True,,,2,0.55,,212.2984079580001,200.12665095100056,6.089468571999532,0,5.61775444000159,4,53686,10394,25600,6563,64080,64080,True,2,2,1,1483041,0.0,,,,,,,,2
20260917T004403Z,structured_ir_no_reuse,hip_moving_average,intel_npu_4000,intel_openvino,f243f3ca146e4b5d96514057b03c989f,10,1,1,1,solved,completed,True,True,True,passed,passed,not_requested,passed,blocked,12,12,0,0,True,False,offline-validated,True,,True,,2,0.55,,80.03186128800007,77.41299266799797,0.8651683000007324,0,1.571376058000169,2,21519,3808,12800,3091,25327,25327,True,1,1,0,1037673,0.0,,,,,,,,2
20260917T004403Z,structured_ir_no_reuse,triton_fused_attention,amd_xdna2_npu2,amd_xdna2,4a692633ce3f4157864e67494829cf4a,10,6,6,6,solved,completed,True,True,True,passed,passed,passed,passed,blocked,12,12,12,0,True,False,offline-validated,True,True,,,2,0.55,,999.8171516840011,965.2590917910038,13.549039312993045,0,20.501353588007987,12,284486,51373,69888,27908,335859,335859,True,6,6,5,1030890,0.0,,,,,,,,2
20260917T004403Z,structured_ir_no_reuse,triton_fused_attention,intel_npu_4000,intel_openvino,0dfe95538d0e4f9d835284e3bf1f4e81,10,1,1,1,solved,completed,True,True,True,passed,passed,not_requested,passed,blocked,12,12,0,0,True,False,offline-validated,True,,True,,2,0.55,,131.2234260209989,128.44615064599748,1.1578642430013133,0,1.5425808699983463,2,23756,6822,12800,4697,30578,30578,True,1,1,0,389092,0.0,,,,,,,,2
20260917T004403Z,structured_ir_no_reuse,triton_fused_softmax,amd_xdna2_npu2,amd_xdna2,4dd913129ce44706a6838eb4bcc1dbfc,10,1,1,1,solved,completed,True,True,True,passed,passed,passed,passed,blocked,12,12,12,0,True,False,offline-validated,True,True,,,2,0.55,,83.29954957900009,76.20902333999948,2.790457275998051,0,4.109812711001723,2,22978,3911,12800,2068,26889,26889,True,1,1,0,1578492,0.0,,,,,,,,2
20260917T004403Z,structured_ir_no_reuse,triton_fused_softmax,intel_npu_4000,intel_openvino,9f48790f0e004bbc8b849781470bc547,10,1,1,1,solved,completed,True,True,True,passed,passed,not_requested,passed,blocked,12,12,0,0,True,False,offline-validated,True,,True,,2,0.55,,45.0659704539994,42.154893861001256,1.1117826889985736,0,1.7468468410006608,2,22013,2010,12800,1027,24023,24023,True,1,1,0,580238,0.0,,,,,,,,2
20260917T004403Z,structured_ir_no_reuse,triton_layer_norm,amd_xdna2_npu2,amd_xdna2,262c7203c14541c1a8cf3af5526be518,10,2,2,2,solved,completed,True,True,True,passed,passed,passed,passed,blocked,12,12,12,0,True,False,offline-validated,True,True,,,2,0.55,,263.15125044600063,250.66016833900176,5.009622489003959,0,7.2450149199958105,4,58658,13156,25600,6486,71814,71814,True,2,2,1,1369607,0.0,,,,,,,,2
20260917T004403Z,structured_ir_no_reuse,triton_layer_norm,intel_npu_4000,intel_openvino,9dd06c0342214406b777779c6c0b3dec,10,1,1,1,solved,completed,True,True,True,passed,passed,not_requested,passed,blocked,12,12,0,0,True,False,offline-validated,True,,True,,2,0.55,,59.82221086399841,56.45759398500013,1.2712740410006518,0,1.998832211998888,2,23537,2802,12800,987,26339,26339,True,1,1,0,612539,0.0,,,,,,,,2
20260917T004403Z,structured_ir_no_validation,cuda_reduce_sum,amd_xdna2_npu2,amd_xdna2,8f6cf730b2f14d0d94e1bf628c1e44a9,10,1,1,1,solved,completed,True,True,True,passed,passed,passed,passed,blocked,12,12,12,0,True,False,offline-validated,True,True,,,2,0.55,,94.0932251109989,87.06555550199846,3.341736740001579,0,3.5723029889995814,2,22464,4527,12800,3119,26991,26991,True,1,1,0,691614,0.0,,,,,,,,2
20260917T004403Z,structured_ir_no_validation,cuda_reduce_sum,intel_npu_4000,intel_openvino,47282c4c75294ef883af13c518c2a563,10,1,1,1,solved,completed,True,True,True,passed,passed,not_requested,passed,blocked,12,12,0,0,True,False,offline-validated,True,,True,,2,0.55,,31.9421592460003,29.66366104699955,0.8120723230003932,0,1.3850742560007347,2,21533,1330,12800,754,22863,22863,True,1,1,0,373250,0.0,,,,,,,,2
20260917T004403Z,structured_ir_no_validation,cuda_tiled_matmul,amd_xdna2_npu2,amd_xdna2,9a00d28105314ed69a35094b26821097,10,2,2,2,solved,completed,True,True,True,passed,passed,passed,passed,blocked,12,12,12,0,True,False,offline-validated,True,True,,,2,0.55,,124.11848716599889,115.47951696499877,3.5864976120028587,0,4.833759112996631,3,36772,5896,18688,2817,42668,42668,True,2,2,1,1151563,0.0,,,,,,,,2
20260917T004403Z,structured_ir_no_validation,cuda_tiled_matmul,intel_npu_4000,intel_openvino,f4873943fc7e4d2e8d5ded7865146910,10,1,1,1,solved,completed,True,True,True,passed,passed,not_requested,passed,blocked,12,12,0,0,True,False,offline-validated,True,,True,,2,0.55,,35.7753212380012,33.16795301699858,0.8619743649996963,0,1.6904777360014123,2,21845,1338,12800,641,23183,23183,True,1,1,0,434276,0.0,,,,,,,,2
20260917T004403Z,structured_ir_no_validation,cuda_tiled_transpose,amd_xdna2_npu2,amd_xdna2,e31297d17fa24c6da39445c2f0b8aeb2,10,1,1,1,solved,completed,True,True,True,passed,passed,passed,passed,blocked,12,12,12,0,True,False,offline-validated,True,True,,,2,0.55,,80.64142048199938,73.0884966040012,2.9987925400018867,0,4.355344994997722,2,22371,3742,12800,2408,26113,26113,True,1,1,0,1962968,0.0,,,,,,,,2
20260917T004403Z,structured_ir_no_validation,cuda_tiled_transpose,intel_npu_4000,intel_openvino,08d5fd9cc4ac43238e1b6ba386437f17,10,1,1,1,solved,completed,True,True,True,passed,passed,not_requested,passed,blocked,12,12,0,0,True,False,offline-validated,True,,True,,2,0.55,,31.241525686000386,28.095770851998168,1.2175867819987616,0,1.8777685010009009,2,21457,1220,5888,751,22677,22677,True,1,1,0,741159,0.0,,,,,,,,2
20260917T004403Z,structured_ir_no_validation,cuda_vector_add,amd_xdna2_npu2,amd_xdna2,7f3cc5818bd3433d9b88fb517a3eb5be,10,1,1,1,solved,completed,True,True,True,passed,passed,passed,passed,blocked,12,12,12,0,True,False,offline-validated,True,True,,,2,0.55,,78.74392356300086,72.17119967100007,3.1170762249985273,0,3.327029070002027,2,22512,3515,12800,1907,26027,26027,True,1,1,0,1752951,0.0,,,,,,,,2
20260917T004403Z,structured_ir_no_validation,cuda_vector_add,intel_npu_4000,intel_openvino,d0f48ce6b72a40b78ac6def00552f2ed,10,1,1,1,solved,completed,True,True,True,passed,passed,not_requested,passed,blocked,12,12,0,0,True,False,offline-validated,True,,True,,2,0.55,,26.21909301499909,23.922695928000394,0.8611335809982847,0,1.3854648510023253,2,21559,976,12800,477,22535,22535,True,1,1,0,719489,0.0,,,,,,,,2
20260917T004403Z,structured_ir_no_validation,hip_gamma_correction,amd_xdna2_npu2,amd_xdna2,afbc34b9001f49298ce7676718465c47,10,3,3,3,solved,completed,True,True,True,passed,passed,passed,passed,blocked,12,12,12,0,True,False,offline-validated,True,True,,,2,0.55,,206.97809102099927,194.7636715640001,5.968432011994082,0,6.069448578007723,4,53603,10080,24576,4005,63683,63683,True,3,3,2,1275915,0.0,,,,,,,,2
20260917T004403Z,structured_ir_no_validation,hip_gamma_correction,intel_npu_4000,intel_openvino,b8766c3532644010892d3d778827118c,10,1,1,1,solved,completed,True,True,True,passed,passed,not_requested,passed,blocked,12,12,0,0,True,False,offline-validated,True,,True,,2,0.55,,31.582929599000636,28.5297690970001,1.0189559920017928,0,1.9435818619986094,2,21582,1196,12800,661,22778,22778,True,1,1,0,504663,0.0,,,,,,,,2
20260917T004403Z,structured_ir_no_validation,hip_image_convolution,amd_xdna2_npu2,amd_xdna2,1fb0384e866040dfa738c120701013f2,10,2,2,2,solved,completed,True,True,True,passed,passed,passed,passed,blocked,12,12,12,0,True,False,offline-validated,True,True,,,2,0.55,,145.34475599899997,131.80915259799804,5.654048290996798,0,7.724591585003509,3,36620,6791,18688,3545,43411,43411,True,2,2,1,801984,0.0,,,,,,,,2
20260917T004403Z,structured_ir_no_validation,hip_image_convolution,intel_npu_4000,intel_openvino,d6aaf5485413459984bb1e8475637698,10,1,1,1,solved,completed,True,True,True,passed,passed,not_requested,passed,blocked,12,12,0,0,True,False,offline-validated,True,,True,,2,0.55,,41.20963702300105,38.81097926599978,0.8641025399974751,0,1.4870524430025398,2,21828,1785,12800,1032,23613,23613,True,1,1,0,262656,0.0,,,,,,,,2
20260917T004403Z,structured_ir_no_validation,hip_moving_average,amd_xdna2_npu2,amd_xdna2,37dd2c6ac7e64a11acff2349c1721afa,10,1,1,1,solved,completed,True,True,True,passed,passed,passed,passed,blocked,12,12,12,0,True,False,offline-validated,True,True,,,2,0.55,,76.61283006600024,68.73475005399996,3.233157748998565,0,4.5059086970013595,2,22479,3467,12800,2068,25946,25946,True,1,1,0,1483702,0.0,,,,,,,,2
20260917T004403Z,structured_ir_no_validation,hip_moving_average,intel_npu_4000,intel_openvino,0a764ef2addd40cbb752d3d6ffe3a624,10,3,3,3,solved,completed,True,True,True,passed,passed,not_requested,passed,blocked,12,12,0,0,True,False,offline-validated,True,,True,,2,0.55,,150.4666678729991,143.1196158189996,2.382865996001783,0,4.8503871869979776,4,45382,7233,24576,5157,52615,52615,True,3,3,2,1238265,0.0,,,,,,,,2
20260917T004403Z,structured_ir_no_validation,triton_fused_attention,amd_xdna2_npu2,amd_xdna2,963a0b4b77c74055b8dc2065e9d3439f,10,2,2,2,solved,completed,True,True,True,passed,passed,passed,passed,blocked,12,12,12,0,True,False,offline-validated,True,True,,,2,0.55,,239.77945251799974,226.26487939300205,5.8509905920054734,0,7.4614563419945625,3,37924,11941,18688,7025,49865,49865,True,2,2,1,1069984,0.0,,,,,,,,2
20260917T004403Z,structured_ir_no_validation,triton_fused_attention,intel_npu_4000,intel_openvino,f978c7f2f5c94ad39e318a2250dd1e3d,10,1,1,1,solved,completed,True,True,True,passed,passed,not_requested,passed,blocked,12,12,0,0,True,False,offline-validated,True,,True,,2,0.55,,45.56343101499988,42.65423225599989,1.2811490739986766,0,1.5449029410010553,2,22090,2000,12800,909,24090,24090,True,1,1,0,383505,0.0,,,,,,,,2
20260917T004403Z,structured_ir_no_validation,triton_fused_softmax,amd_xdna2_npu2,amd_xdna2,95690b74ce2e4b20bbea2afe23d274ee,10,1,1,1,solved,completed,True,True,True,passed,passed,passed,passed,blocked,12,12,12,0,True,False,offline-validated,True,True,,,2,0.55,,120.39484471700052,113.21749503699903,2.8790436400013277,0,4.1081885829989915,2,22961,5935,12800,4087,28896,28896,True,1,1,0,1515082,0.0,,,,,,,,2
20260917T004403Z,structured_ir_no_validation,triton_fused_softmax,intel_npu_4000,intel_openvino,f2e5965ee63941eba955edce63ca000f,10,1,1,1,solved,completed,True,True,True,passed,passed,not_requested,passed,blocked,12,12,0,0,True,False,offline-validated,True,,True,,2,0.55,,36.91325233600037,33.76080496100076,1.0764517469997372,0,2.0179300130002957,2,21477,1498,12800,896,22975,22975,True,1,1,0,577671,0.0,,,,,,,,2
20260917T004403Z,structured_ir_no_validation,triton_layer_norm,amd_xdna2_npu2,amd_xdna2,a6a0f39f97954861b6552b27ea261ffb,10,2,2,2,solved,completed,True,True,True,passed,passed,passed,passed,blocked,12,12,12,0,True,False,offline-validated,True,True,,,2,0.55,,266.25700850999965,250.55932331000076,7.2325460690008185,0,8.056178477998401,3,42380,13391,18688,7969,55771,55771,True,2,2,1,1341160,0.0,,,,,,,,2
20260917T004403Z,structured_ir_no_validation,triton_layer_norm,intel_npu_4000,intel_openvino,fc35db20b2d44dceb5173538dc3b309a,10,1,1,1,solved,completed,True,True,True,passed,passed,not_requested,passed,blocked,12,12,0,0,True,False,offline-validated,True,,True,,2,0.55,,83.34039789000053,79.94422649300031,1.5311725750016194,0,1.797883578998153,2,23503,4011,12800,2268,27514,27514,True,1,1,0,612455,0.0,,,,,,,,2
20260917T010434Z,baseline,cuda_reduce_sum,amd_xdna2_npu2,amd_xdna2,d253a6f799bb4904951defc5e4126a7e,10,1,1,1,solved,completed,True,True,True,passed,passed,passed,passed,blocked,12,12,12,0,True,False,offline-validated,True,True,,,2,0.55,,54.302071558000534,44.25353846899998,3.3596030520002387,0,6.5773050829993736,1,10907,2105,5888,1025,13012,13012,True,1,1,0,862493,0.0,,,,,,,,3
20260917T010434Z,baseline,cuda_reduce_sum,intel_npu_4000,intel_openvino,754fc39d2bca4e99abaf064adb3d71ea,10,1,1,1,solved,completed,True,True,True,passed,passed,not_requested,passed,blocked,12,12,0,0,True,False,offline-validated,True,,True,,2,0.55,,19.744371869999668,16.19123491999926,1.3749432449985761,0,2.1378903090007952,1,9964,709,5888,446,10673,10673,True,1,1,0,372972,0.0,,,,,,,,3
20260917T010434Z,baseline,cuda_tiled_matmul,amd_xdna2_npu2,amd_xdna2,eecfc11fa9be461799dc6ea0a3a4dd33,10,1,1,1,solved,completed,True,True,True,passed,passed,passed,passed,blocked,12,12,12,0,True,False,offline-validated,True,True,,,2,0.55,,134.1684543680003,127.26944606500001,2.7760567919958703,0,3.9873017120044096,1,11003,6914,5888,5463,17917,17917,True,1,1,0,1137498,0.0,,,,,,,,3
20260917T010434Z,baseline,cuda_tiled_matmul,intel_npu_4000,intel_openvino,583c8772cc404865927cdd1c9300eb67,10,1,1,1,solved,completed,True,True,True,passed,passed,not_requested,passed,blocked,12,12,0,0,True,False,offline-validated,True,,True,,2,0.55,,17.927533976999257,14.603907480000998,1.4241279929974553,0,1.8409367130025203,1,10064,624,5888,352,10688,10688,True,1,1,0,434062,0.0,,,,,,,,3
20260917T010434Z,baseline,cuda_tiled_transpose,amd_xdna2_npu2,amd_xdna2,e580d2cacf584202980b0d8617479c61,10,1,1,1,solved,completed,True,True,True,passed,passed,passed,passed,blocked,12,12,12,0,True,False,offline-validated,True,True,,,2,0.55,,89.89660331900086,81.47630444499919,3.5388806269984343,0,4.752871948001484,1,10862,4368,5888,3139,15230,15230,True,1,1,0,2486555,0.0,,,,,,,,3
20260917T010434Z,baseline,cuda_tiled_transpose,intel_npu_4000,intel_openvino,33e5d1fde2a3469c9d10ef0771a15b68,10,1,1,1,solved,completed,True,True,True,passed,passed,not_requested,passed,blocked,12,12,0,0,True,False,offline-validated,True,,True,,2,0.55,,17.509588238001015,13.764040994001334,1.3174980000021606,0,2.37461206199805,1,9917,582,5888,407,10499,10499,True,1,1,0,740941,0.0,,,,,,,,3
20260917T010434Z,baseline,cuda_vector_add,amd_xdna2_npu2,amd_xdna2,9da6582cb9424c848a6e7531f68a1291,10,1,1,1,solved,completed,True,True,True,passed,passed,passed,passed,blocked,12,12,12,0,True,False,offline-validated,True,True,,,2,0.55,,86.99939450099919,79.17804169900046,2.627457617998516,0,5.040781680001601,1,10832,4239,5888,2944,15071,15071,True,1,1,0,1755281,0.0,,,,,,,,3
20260917T010434Z,baseline,cuda_vector_add,intel_npu_4000,intel_openvino,bdb4c5263eba408e93fb4b9a9d4508b1,10,1,1,1,solved,completed,True,True,True,passed,passed,not_requested,passed,blocked,12,12,0,0,True,False,offline-validated,True,,True,,2,0.55,,23.276377463000244,20.37248641000042,0.91676614500102,0,1.94806177999817,1,9891,715,5888,516,10606,10606,True,1,1,0,719275,0.0,,,,,,,,3
20260917T010434Z,baseline,hip_gamma_correction,amd_xdna2_npu2,amd_xdna2,a6aed95f38914a21ab707b6586936d55,10,2,2,2,solved,completed,True,True,True,passed,passed,passed,passed,blocked,12,12,12,0,True,False,offline-validated,True,True,,,2,0.55,,105.25498607999907,97.1764755740005,2.9487852430029307,0,4.967085924998173,2,23427,5023,11776,2874,28450,28450,True,2,2,1,1276481,0.0,,,,,,,,3
20260917T010434Z,baseline,hip_gamma_correction,intel_npu_4000,intel_openvino,5a1878e71cf94ce09439d193c6122381,10,1,1,1,solved,completed,True,True,True,passed,passed,not_requested,passed,blocked,12,12,0,0,True,False,offline-validated,True,,True,,2,0.55,,19.70674307000081,16.33316932100024,1.450947986000756,0,1.744655321999744,1,9915,705,5888,516,10620,10620,True,1,1,0,504390,0.0,,,,,,,,3
20260917T010434Z,baseline,hip_image_convolution,amd_xdna2_npu2,amd_xdna2,c4bb97f32f004788809f954855459941,10,2,2,2,solved,completed,True,True,True,passed,passed,passed,passed,blocked,12,12,12,0,True,False,offline-validated,True,True,,,2,0.55,,121.07016183199994,105.65364925199901,5.972072748996652,0,9.30471876300362,2,23920,5386,11776,2325,29306,29306,True,2,2,1,803078,0.0,,,,,,,,3
20260917T010434Z,baseline,hip_image_convolution,intel_npu_4000,intel_openvino,5cb1ffa5126a44aab1a349aa1aa4d88b,10,1,1,1,solved,completed,True,True,True,passed,passed,not_requested,passed,blocked,12,12,0,0,True,False,offline-validated,True,,True,,2,0.55,,22.586997902000803,19.633369293000214,1.2923991570005455,0,1.5877388539993262,1,10047,836,5888,404,10883,10883,True,1,1,0,262652,0.0,,,,,,,,3
20260917T010434Z,baseline,hip_moving_average,amd_xdna2_npu2,amd_xdna2,1009b11cd03d470eba945e147d2ec938,10,2,2,2,solved,completed,True,True,True,passed,passed,passed,passed,blocked,12,12,12,0,True,False,offline-validated,True,True,,,2,0.55,,148.3380797610007,136.46695325900146,5.615438323002309,0,6.054679881997799,2,25452,7253,11776,4140,32705,32705,True,2,2,1,1483179,0.0,,,,,,,,3
20260917T010434Z,baseline,hip_moving_average,intel_npu_4000,intel_openvino,fe591fb3d7874fc1bf5ba54e52f734d3,10,2,2,2,solved,completed,True,True,True,passed,passed,not_requested,passed,blocked,12,12,0,0,True,False,offline-validated,True,,True,,2,0.55,,62.538451532998806,57.865817624000556,1.0723411580038373,0,3.5448619469952973,2,20824,2819,11776,2068,23643,23643,True,2,2,1,1236154,0.0,,,,,,,,3
20260917T010434Z,baseline,triton_fused_attention,amd_xdna2_npu2,amd_xdna2,51f34fbfb24e4190869c9d251719dd69,10,10,,10,cycle_budget_exhausted,failed,False,True,True,passed,failed,failed,passed,blocked,12,12,12,0,False,False,offline-validated,False,True,,,2,0.0,numerical_mismatch,1343.9544848650003,1278.738274389998,26.04314695699759,0,38.73324413299997,10,210676,61077,85504,36763,271753,271753,True,10,10,9,1046215,0.0,,,,,,,,3
20260917T010434Z,baseline,triton_fused_attention,intel_npu_4000,intel_openvino,b028301d1d3b4f16949ea97f9eda9521,10,1,1,1,solved,completed,True,True,True,passed,passed,not_requested,passed,blocked,12,12,0,0,True,False,offline-validated,True,,True,,2,0.55,,22.16183480700056,19.400588112999685,0.9628626889989391,0,1.745645474000412,1,10115,885,5888,516,11000,11000,True,1,1,0,382566,0.0,,,,,,,,3
20260917T010434Z,baseline,triton_fused_softmax,amd_xdna2_npu2,amd_xdna2,047cd4ff019b4761a914d6f22ca40ac7,10,1,1,1,solved,completed,True,True,True,passed,passed,passed,passed,blocked,12,12,12,0,True,False,offline-validated,True,True,,,2,0.55,,66.74532056799944,59.780159840000124,2.5226861129995086,0,4.310452240000814,1,10830,3162,5888,2070,13992,13992,True,1,1,0,1577516,0.0,,,,,,,,3
20260917T010434Z,baseline,triton_fused_softmax,intel_npu_4000,intel_openvino,80e12a133596481ca85c6ae1710d718e,10,2,2,2,solved,completed,True,True,True,passed,passed,not_requested,passed,blocked,12,12,0,0,True,False,offline-validated,True,,True,,2,0.55,,31.95232951000071,27.697032888998365,1.0209557179969124,0,3.1800752640010614,2,20500,1179,11776,716,21679,21679,True,2,2,1,579735,0.0,,,,,,,,3
20260917T010434Z,baseline,triton_layer_norm,amd_xdna2_npu2,amd_xdna2,f16f52809b5b4d159b4ef28d435625b9,10,2,2,2,solved,completed,True,True,True,passed,passed,passed,passed,blocked,12,12,12,0,True,False,offline-validated,True,True,,,2,0.55,,252.99640293300035,238.44423237299816,6.032208378001087,0,8.32916944399949,2,25302,12768,11776,8185,38070,38070,True,2,2,1,1515826,0.0,,,,,,,,3
20260917T010434Z,baseline,triton_layer_norm,intel_npu_4000,intel_openvino,b2f152fe85954a629cca6c3c5ac00b00,10,1,1,1,solved,completed,True,True,True,passed,passed,not_requested,passed,blocked,12,12,0,0,True,False,offline-validated,True,,True,,2,0.55,,53.129423181000675,49.344581031000416,1.616368644999966,0,2.094209757999124,1,10158,2573,5888,2127,12731,12731,True,1,1,0,554845,0.0,,,,,,,,3
20260917T010434Z,hinted_ir,cuda_reduce_sum,amd_xdna2_npu2,amd_xdna2,3718a8f7df174af7a4fb47843d2731cf,10,1,1,1,solved,completed,True,True,True,passed,passed,passed,passed,blocked,12,12,12,0,True,False,offline-validated,True,True,,,2,0.55,,99.74590285500017,92.23192190600093,2.8343207479993,0,4.526492552000491,2,21124,4777,11776,2950,25901,25901,True,1,1,0,690198,0.0,,,,,,,,3
20260917T010434Z,hinted_ir,cuda_reduce_sum,intel_npu_4000,intel_openvino,dd417804404b4d0c92d8019048037894,10,1,1,1,solved,completed,True,True,True,passed,passed,not_requested,passed,blocked,12,12,0,0,True,False,offline-validated,True,,True,,2,0.55,,44.38180456400005,41.321567358998436,1.298717030997068,0,1.6937052750017756,2,20010,1931,11776,1032,21941,21941,True,1,1,0,372940,0.0,,,,,,,,3
20260917T010434Z,hinted_ir,cuda_tiled_matmul,amd_xdna2_npu2,amd_xdna2,35a1dcea9fe14f618b7a2afdafa46ed7,10,1,1,1,solved,completed,True,True,True,passed,passed,passed,passed,blocked,12,12,12,0,True,False,offline-validated,True,True,,,2,0.55,,134.25077390200022,125.47898263499883,3.61051906099965,0,5.0364420149999205,2,20965,6621,11776,4645,27586,27586,True,1,1,0,1185172,0.0,,,,,,,,3
20260917T010434Z,hinted_ir,cuda_tiled_matmul,intel_npu_4000,intel_openvino,1022151480a143f4b6f5285279795544,10,1,1,1,solved,completed,True,True,True,passed,passed,not_requested,passed,blocked,12,12,0,0,True,False,offline-validated,True,,True,,2,0.55,,35.92632517200036,32.37274933200024,1.1299050459983846,0,2.35599687100148,2,19984,1412,11776,671,21396,21396,True,1,1,0,434055,0.0,,,,,,,,3
20260917T010434Z,hinted_ir,cuda_tiled_transpose,amd_xdna2_npu2,amd_xdna2,f1dd561c450f42428a928a64c4adbe45,10,3,3,3,solved,completed,True,True,True,passed,passed,passed,passed,blocked,12,12,12,0,True,False,offline-validated,True,True,,,2,0.55,,324.8839715670001,306.11083622200204,8.120901133996085,0,10.470555226002034,6,85097,15760,35328,8456,100857,100857,True,3,3,2,2113517,0.0,,,,,,,,3
20260917T010434Z,hinted_ir,cuda_tiled_transpose,intel_npu_4000,intel_openvino,fa47663dd812499aa68591728aabc124,10,1,1,1,solved,completed,True,True,True,passed,passed,not_requested,passed,blocked,12,12,0,0,True,False,offline-validated,True,,True,,2,0.55,,34.77288704300008,31.3099383280005,1.0283451559989771,0,2.377445138999974,2,19703,1386,11776,658,21089,21089,True,1,1,0,741459,0.0,,,,,,,,3
20260917T010434Z,hinted_ir,cuda_vector_add,amd_xdna2_npu2,amd_xdna2,eba2efe2efc34200aa09726fc112c5b5,10,1,1,1,solved,completed,True,True,True,passed,passed,passed,passed,blocked,12,12,12,0,True,False,offline-validated,True,True,,,2,0.55,,94.0939700630006,86.38234410100085,2.9924681639986375,0,4.582139207999717,2,20609,4330,5888,2745,24939,24939,True,1,1,0,1774914,0.0,,,,,,,,3
20260917T010434Z,hinted_ir,cuda_vector_add,intel_npu_4000,intel_openvino,f7a5cbf5ddc842e29a7670ce25fe0f93,10,1,1,1,solved,completed,True,True,True,passed,passed,not_requested,passed,blocked,12,12,0,0,True,False,offline-validated,True,,True,,2,0.55,,46.72505209699921,42.17750760299896,1.3364774080037023,0,3.153502886996648,2,19747,1864,11776,1032,21611,21611,True,1,1,0,720029,0.0,,,,,,,,3
20260917T010434Z,hinted_ir,hip_gamma_correction,amd_xdna2_npu2,amd_xdna2,be5dea9625684addb6133f2a84c5b8b9,10,2,2,2,solved,completed,True,True,True,passed,passed,passed,passed,blocked,12,12,12,0,True,False,offline-validated,True,True,,,2,0.55,,139.58694110299984,129.43026552999982,3.835521691995382,0,6.136587277003855,4,45424,6381,23552,3633,51805,51805,True,2,2,1,1327106,0.0,,,,,,,,3
20260917T010434Z,hinted_ir,hip_gamma_correction,intel_npu_4000,intel_openvino,02631a983e444fe685f3cc0e69a51ae6,10,1,1,1,solved,completed,True,True,True,passed,passed,not_requested,passed,blocked,12,12,0,0,True,False,offline-validated,True,,True,,2,0.55,,26.798763193999548,23.957829513999968,1.014163229998303,0,1.6922708340007375,2,19707,896,11776,305,20603,20603,True,1,1,0,505599,0.0,,,,,,,,3
20260917T010434Z,hinted_ir,hip_image_convolution,amd_xdna2_npu2,amd_xdna2,1bf8e24dd9264289b250816d5063b9d5,10,2,2,2,solved,completed,True,True,True,passed,passed,passed,passed,blocked,12,12,12,0,True,False,offline-validated,True,True,,,2,0.55,,203.24617490700075,193.1032995430014,3.865477754003223,0,6.0835373799964145,4,47911,9910,17664,5490,57821,57821,True,2,2,1,789017,0.0,,,,,,,,3
20260917T010434Z,hinted_ir,hip_image_convolution,intel_npu_4000,intel_openvino,aaf3543138494ccf98d2234b67ab29db,10,1,1,1,solved,completed,True,True,True,passed,passed,not_requested,passed,blocked,12,12,0,0,True,False,offline-validated,True,,True,,2,0.55,,40.227855705001275,36.56398592000005,1.2624484739990294,0,2.339048392999757,2,20290,1665,11776,622,21955,21955,True,1,1,0,262114,0.0,,,,,,,,3
20260917T010434Z,hinted_ir,hip_moving_average,amd_xdna2_npu2,amd_xdna2,1ef664408ee547d0af62d05dd38cc357,10,1,1,1,solved,completed,True,True,True,passed,passed,passed,passed,blocked,12,12,12,0,True,False,offline-validated,True,True,,,2,0.55,,83.01066635999996,76.06713800100079,2.3355150320039684,0,4.450059248996695,2,20765,3816,11776,2241,24581,24581,True,1,1,0,1483233,0.0,,,,,,,,3
20260917T010434Z,hinted_ir,hip_moving_average,intel_npu_4000,intel_openvino,39100741228345bf88f10fa406f5fbd7,10,1,1,1,solved,completed,True,True,True,passed,passed,not_requested,passed,blocked,12,12,0,0,True,False,offline-validated,True,,True,,2,0.55,,83.04870004700024,78.74693768700126,1.8204115820008155,0,2.4039884739995614,2,19793,4042,11776,3189,23835,23835,True,1,1,0,1236876,0.0,,,,,,,,3
20260917T010434Z,hinted_ir,triton_fused_attention,amd_xdna2_npu2,amd_xdna2,8631c73d4c284abcaa9a0a3c511eb839,10,3,3,3,solved,completed,True,True,True,passed,passed,passed,passed,blocked,12,12,12,0,True,False,offline-validated,True,True,,,2,0.55,,408.5152367139999,391.2142433020017,6.854303877000348,0,10.238936349998767,6,77784,20501,35328,11830,98285,98285,True,3,3,2,940761,0.0,,,,,,,,3
20260917T010434Z,hinted_ir,triton_fused_attention,intel_npu_4000,intel_openvino,042c528731fd4167b8bcc65231f72406,10,1,1,1,solved,completed,True,True,True,passed,passed,not_requested,passed,blocked,12,12,0,0,True,False,offline-validated,True,,True,,2,0.55,,71.61969651199979,68.25651955599824,1.0193825110000034,0,2.2957101649990364,2,20336,3355,11776,2111,23691,23691,True,1,1,0,388734,0.0,,,,,,,,3
20260917T010434Z,hinted_ir,triton_fused_softmax,amd_xdna2_npu2,amd_xdna2,d35489be99964723ad24ada02cd4faf5,10,2,2,2,solved,completed,True,True,True,passed,passed,passed,passed,blocked,12,12,12,0,True,False,offline-validated,True,True,,,2,0.55,,136.9655357219999,127.51306870199915,3.483492840998224,0,5.784244975000547,4,45996,6377,23552,3156,52373,52373,True,2,2,1,1591202,0.0,,,,,,,,3
20260917T010434Z,hinted_ir,triton_fused_softmax,intel_npu_4000,intel_openvino,7c47d6c6db6945d396b5bac30cf930c5,10,1,1,1,solved,completed,True,True,True,passed,passed,not_requested,passed,blocked,12,12,0,0,True,False,offline-validated,True,,True,,2,0.55,,43.1331256529993,39.27129890499964,1.4396570939989033,0,2.3614628720006294,2,19721,1766,11776,1051,21487,21487,True,1,1,0,579761,0.0,,,,,,,,3
20260917T010434Z,hinted_ir,triton_layer_norm,amd_xdna2_npu2,amd_xdna2,6bb98eb7c3f74c999e34117608f84913,10,4,4,4,solved,completed,True,True,True,passed,passed,passed,passed,blocked,12,12,12,0,True,False,offline-validated,True,True,,,2,0.55,,439.74852733199987,414.19027289800215,10.613324635003664,0,14.650465587998042,8,101340,21433,47104,12428,122773,122773,True,4,4,3,1303830,0.0,,,,,,,,3
20260917T010434Z,hinted_ir,triton_layer_norm,intel_npu_4000,intel_openvino,92255403df9c4bee9c1b668177181aec,10,2,2,2,solved,completed,True,True,True,passed,passed,not_requested,passed,blocked,12,12,0,0,True,False,offline-validated,True,,True,,2,0.55,,88.01503519900143,83.99355096699946,0.9689657429971703,0,2.978838478002217,4,43674,3847,23552,1757,47521,47521,True,2,2,1,554739,0.0,,,,,,,,3
20260917T010434Z,structured_ir,cuda_reduce_sum,amd_xdna2_npu2,amd_xdna2,f960bd3cfd4047a681f27e70c308a185,10,1,1,1,solved,completed,True,True,True,passed,passed,passed,passed,blocked,12,12,12,0,True,False,offline-validated,True,True,,,2,0.55,,109.86847785499958,103.14661847499883,2.991437519998726,0,3.572973741001988,2,22461,5418,12800,3863,27879,27879,True,1,1,0,742101,0.0,,,,,,,,3
20260917T010434Z,structured_ir,cuda_reduce_sum,intel_npu_4000,intel_openvino,c7e1d51593674431bb29df90b732ef11,10,1,1,1,solved,completed,True,True,True,passed,passed,not_requested,passed,blocked,12,12,0,0,True,False,offline-validated,True,,True,,2,0.55,,36.962431513999036,34.110236468999574,0.9146167710023292,0,1.886492294997879,2,21553,1517,12800,1028,23070,23070,True,1,1,0,372716,0.0,,,,,,,,3
20260917T010434Z,structured_ir,cuda_tiled_matmul,amd_xdna2_npu2,amd_xdna2,0db3e477f1174d3690cd060d6d70fef6,10,10,,10,cycle_budget_exhausted,failed,False,True,True,passed,failed,failed,passed,blocked,12,12,12,0,False,False,offline-validated,False,True,,,2,0.0,numerical_mismatch,959.8463557250016,889.1293329329983,29.647102897004515,0,40.51431958699686,11,192883,47398,65792,30282,240281,240281,True,10,10,9,1218661,0.0,,,,,,,,3
20260917T010434Z,structured_ir,cuda_tiled_matmul,intel_npu_4000,intel_openvino,58927c783898479e8b0e1a1789a02425,10,1,1,1,solved,completed,True,True,True,passed,passed,not_requested,passed,blocked,12,12,0,0,True,False,offline-validated,True,,True,,2,0.55,,33.35995662099958,29.557740416999877,1.3590645710009994,0,2.3899375170003623,2,21828,1245,12800,565,23073,23073,True,1,1,0,434121,0.0,,,,,,,,3
20260917T010434Z,structured_ir,cuda_tiled_transpose,amd_xdna2_npu2,amd_xdna2,056a7c85c2314ccc8bae877b979bddbe,10,1,1,1,solved,completed,True,True,True,passed,passed,passed,passed,blocked,12,12,12,0,True,False,offline-validated,True,True,,,2,0.55,,70.86242791400036,63.53747340800146,3.180840321996584,0,3.9982008790029795,2,22332,3044,12800,1807,25376,25376,True,1,1,0,1961953,0.0,,,,,,,,3
20260917T010434Z,structured_ir,cuda_tiled_transpose,intel_npu_4000,intel_openvino,2724b94e7f1741c3a4cd08f14b7f97ba,10,1,1,1,solved,completed,True,True,True,passed,passed,not_requested,passed,blocked,12,12,0,0,True,False,offline-validated,True,,True,,2,0.55,,23.99963494000076,20.824733344998094,0.9707970830004342,0,2.1304532600006496,2,21428,787,5888,341,22215,22215,True,1,1,0,741016,0.0,,,,,,,,3
20260917T010434Z,structured_ir,cuda_vector_add,amd_xdna2_npu2,amd_xdna2,b8c56dce048440cbb0bf26bd259e7fb6,10,2,2,2,solved,completed,True,True,True,passed,passed,passed,passed,blocked,12,12,12,0,True,False,offline-validated,True,True,,,2,0.55,,127.82940383200003,117.8397887480005,4.040327905000595,0,5.817716249001023,3,36853,4826,11776,2019,41679,41679,True,2,2,1,1775605,0.0,,,,,,,,3
20260917T010434Z,structured_ir,cuda_vector_add,intel_npu_4000,intel_openvino,d693e289ecd547c49ef7b4f219772c30,10,1,1,1,solved,completed,True,True,True,passed,passed,not_requested,passed,blocked,12,12,0,0,True,False,offline-validated,True,,True,,2,0.55,,40.97783318300026,36.74292985399916,1.6223492569988593,0,2.545267830000739,2,21565,1562,12800,992,23127,23127,True,1,1,0,719527,0.0,,,,,,,,3
20260917T010434Z,structured_ir,hip_gamma_correction,amd_xdna2_npu2,amd_xdna2,d9c89c4ab5ed4cd798d89e2756f53e86,10,1,1,1,solved,completed,True,True,True,passed,passed,passed,passed,blocked,12,12,12,0,True,False,offline-validated,True,True,,,2,0.55,,75.16163464099918,66.69287837699994,3.990375720999509,0,4.272757493999961,2,22531,3319,12800,1907,25850,25850,True,1,1,0,1327751,0.0,,,,,,,,3
20260917T010434Z,structured_ir,hip_gamma_correction,intel_npu_4000,intel_openvino,782ee36a67a24b0abae327e264091cd4,10,1,1,1,solved,completed,True,True,True,passed,passed,not_requested,passed,blocked,12,12,0,0,True,False,offline-validated,True,,True,,2,0.55,,43.76936714600015,40.21059087699905,1.0203758890020254,0,2.4518619469981786,2,21612,1811,12800,1215,23423,23423,True,1,1,0,505667,0.0,,,,,,,,3
20260917T010434Z,structured_ir,hip_image_convolution,amd_xdna2_npu2,amd_xdna2,34b11fb4565e4ee7a833b4614b06e751,10,2,2,2,solved,completed,True,True,True,passed,passed,passed,passed,blocked,12,12,12,0,True,False,offline-validated,True,True,,,2,0.55,,137.04376363200026,121.72086074599974,6.590341112998431,0,8.485486204001063,3,36832,6214,18688,2782,43046,43046,True,2,2,1,804259,0.0,,,,,,,,3
20260917T010434Z,structured_ir,hip_image_convolution,intel_npu_4000,intel_openvino,2820b8f650d4430e95c3a4cb51af67ca,10,1,1,1,solved,completed,True,True,True,passed,passed,not_requested,passed,blocked,12,12,0,0,True,False,offline-validated,True,,True,,2,0.55,,39.91155238799911,36.607661803000155,1.1165975100011565,0,2.0915614400000777,2,21785,1695,12800,1032,23480,23480,True,1,1,0,262226,0.0,,,,,,,,3
20260917T010434Z,structured_ir,hip_moving_average,amd_xdna2_npu2,amd_xdna2,9037835e6e8d4dbcaeb5200f520d275e,10,3,3,3,solved,completed,True,True,True,passed,passed,passed,passed,blocked,12,12,12,0,True,False,offline-validated,True,True,,,2,0.55,,247.1781919540008,226.96802701499837,7.687059543000942,0,10.994340639997972,4,54919,11883,24576,8042,66802,66802,True,3,3,2,1494586,0.0,,,,,,,,3
20260917T010434Z,structured_ir,hip_moving_average,intel_npu_4000,intel_openvino,7eb65d5df18b4404b97656a673df07da,10,1,1,1,solved,completed,True,True,True,passed,passed,not_requested,passed,blocked,12,12,0,0,True,False,offline-validated,True,,True,,2,0.55,,55.596311622999565,50.919733067999914,1.449462730999585,0,2.4497734579999815,2,21559,2442,12800,1607,24001,24001,True,1,1,0,1237539,0.0,,,,,,,,3
20260917T010434Z,structured_ir,triton_fused_attention,amd_xdna2_npu2,amd_xdna2,5ba9da9dd24a4f4a9e8570835fa9a90a,10,2,2,2,solved,completed,True,True,True,passed,passed,passed,passed,blocked,12,12,12,0,True,False,offline-validated,True,True,,,2,0.55,,283.62103599799957,268.8799850860014,5.517482408999058,0,9.03471984600219,3,38360,14466,18688,9082,52826,52826,True,2,2,1,1003149,0.0,,,,,,,,3
20260917T010434Z,structured_ir,triton_fused_attention,intel_npu_4000,intel_openvino,27c39f7e541847d1a1a102c89ee4ae8b,10,1,1,1,solved,completed,True,True,True,passed,passed,not_requested,passed,blocked,12,12,0,0,True,False,offline-validated,True,,True,,2,0.55,,90.79076457600058,86.89952392099985,1.3753736570015462,0,2.4444504709990724,2,23631,4437,12800,2435,28068,28068,True,1,1,0,379216,0.0,,,,,,,,3
20260917T010434Z,structured_ir,triton_fused_softmax,amd_xdna2_npu2,amd_xdna2,564ad142d6d942cd81ceff730d73e90f,10,1,1,1,solved,completed,True,True,True,passed,passed,passed,passed,blocked,12,12,12,0,True,False,offline-validated,True,True,,,2,0.55,,92.61087798100016,82.88163730500128,4.491992758999913,0,5.08000943099978,2,22413,4076,12800,2573,26489,26489,True,1,1,0,1621955,0.0,,,,,,,,3
20260917T010434Z,structured_ir,triton_fused_softmax,intel_npu_4000,intel_openvino,953669c0d5ac430fb34b166a8b2e636d,10,1,1,1,solved,completed,True,True,True,passed,passed,not_requested,passed,blocked,12,12,0,0,True,False,offline-validated,True,,True,,2,0.55,,29.6016687070005,25.712510829000166,1.6156440030008525,0,2.2084585259981395,2,21386,1025,12800,574,22411,22411,True,1,1,0,577178,0.0,,,,,,,,3
20260917T010434Z,structured_ir,triton_layer_norm,amd_xdna2_npu2,amd_xdna2,733cdbc757a54fb1ae67ae3e5525c87a,10,2,2,2,solved,completed,True,True,True,passed,passed,passed,passed,blocked,12,12,12,0,True,False,offline-validated,True,True,,,2,0.55,,275.87841601000036,260.59260036900014,5.908625162001044,0,9.142812090998632,3,42638,13817,18688,8112,56455,56455,True,2,2,1,1272286,0.0,,,,,,,,3
20260917T010434Z,structured_ir,triton_layer_norm,intel_npu_4000,intel_openvino,8abb537b4ea140fa805f92511507263d,10,1,1,1,solved,completed,True,True,True,passed,passed,not_requested,passed,blocked,12,12,0,0,True,False,offline-validated,True,,True,,2,0.55,,88.96857139699932,85.58709640700181,1.1476543729986588,0,2.155159141000695,2,23465,4059,12800,2308,27524,27524,True,1,1,0,612366,0.0,,,,,,,,3
20260917T010434Z,structured_ir_no_reuse,cuda_reduce_sum,amd_xdna2_npu2,amd_xdna2,8365e260224c46dba97098ceb5266869,10,1,1,1,solved,completed,True,True,True,passed,passed,passed,passed,blocked,12,12,12,0,True,False,offline-validated,True,True,,,2,0.55,,72.63173977400038,66.11368848699931,2.5265616009983205,0,3.87545885200052,2,22495,3321,12800,2008,25816,25816,True,1,1,0,690548,0.0,,,,,,,,3
20260917T010434Z,structured_ir_no_reuse,cuda_reduce_sum,intel_npu_4000,intel_openvino,0768d9bd28a54520a81ce3e139cc1b1d,10,1,1,1,solved,completed,True,True,True,passed,passed,not_requested,passed,blocked,12,12,0,0,True,False,offline-validated,True,,True,,2,0.55,,25.677203314000508,22.657024815000113,1.073103988004732,0,1.89162717799627,2,21558,825,12800,337,22383,22383,True,1,1,0,372765,0.0,,,,,,,,3
20260917T010434Z,structured_ir_no_reuse,cuda_tiled_matmul,amd_xdna2_npu2,amd_xdna2,bbe4a6b51efe418d829c2c9a4c7af2cd,10,1,1,1,solved,completed,True,True,True,passed,passed,passed,passed,blocked,12,12,12,0,True,False,offline-validated,True,True,,,2,0.55,,85.91589387299973,78.20364487599909,3.1762952910012245,0,4.390657710999221,2,22760,3813,12800,1957,26573,26573,True,1,1,0,1136888,0.0,,,,,,,,3
20260917T010434Z,structured_ir_no_reuse,cuda_tiled_matmul,intel_npu_4000,intel_openvino,b11d8c14093b4fc4b6e565cb43d9b6a3,10,1,1,1,solved,completed,True,True,True,passed,passed,not_requested,passed,blocked,12,12,0,0,True,False,offline-validated,True,,True,,2,0.55,,37.42246362900005,33.74567566299993,1.3195056170006865,0,2.2918587419990217,2,21813,1342,12800,681,23155,23155,True,1,1,0,434211,0.0,,,,,,,,3
20260917T010434Z,structured_ir_no_reuse,cuda_tiled_transpose,amd_xdna2_npu2,amd_xdna2,0adec019c6d8489d8aa075c6c1231f14,10,2,2,2,solved,completed,True,True,True,passed,passed,passed,passed,blocked,12,12,12,0,True,False,offline-validated,True,True,,,2,0.55,,201.05088561899902,184.2263493779992,5.811888390000604,0,10.691303341000093,4,56316,9547,25600,6709,65863,65863,True,2,2,1,1962416,0.0,,,,,,,,3
20260917T010434Z,structured_ir_no_reuse,cuda_tiled_transpose,intel_npu_4000,intel_openvino,e332ca0507fc4d088f99824e3dff206d,10,1,1,1,solved,completed,True,True,True,passed,passed,not_requested,passed,blocked,12,12,0,0,True,False,offline-validated,True,,True,,2,0.55,,31.90665708099914,28.53760194699862,1.5356674020003993,0,1.7225072630008071,2,21423,1233,12800,625,22656,22656,True,1,1,0,741770,0.0,,,,,,,,3
20260917T010434Z,structured_ir_no_reuse,cuda_vector_add,amd_xdna2_npu2,amd_xdna2,0f75655ed5304831b0798d18a68c14af,10,2,2,2,solved,completed,True,True,True,passed,passed,passed,passed,blocked,12,12,12,0,True,False,offline-validated,True,True,,,2,0.55,,160.19535374599945,149.86943286900168,4.230272159997185,0,5.862394743004188,4,49982,7668,19712,4610,57650,57650,True,2,2,1,1772423,0.0,,,,,,,,3
20260917T010434Z,structured_ir_no_reuse,cuda_vector_add,intel_npu_4000,intel_openvino,f361de2f3d954ee99dcb5b5e01eb23b0,10,1,1,1,solved,completed,True,True,True,passed,passed,not_requested,passed,blocked,12,12,0,0,True,False,offline-validated,True,,True,,2,0.55,,26.584651828999995,22.842256573001578,1.3458073279998644,0,2.340279563000877,2,21588,891,6912,368,22479,22479,True,1,1,0,719424,0.0,,,,,,,,3
20260917T010434Z,structured_ir_no_reuse,hip_gamma_correction,amd_xdna2_npu2,amd_xdna2,4d2c790500204b05a9c97ceb4ca9d743,10,2,2,2,solved,completed,True,True,True,passed,passed,passed,passed,blocked,12,12,12,0,True,False,offline-validated,True,True,,,2,0.55,,118.92257897499985,108.59336487499968,3.997780504003458,0,6.135307184997146,4,49849,5286,25600,2486,55135,55135,True,2,2,1,1327777,0.0,,,,,,,,3
20260917T010434Z,structured_ir_no_reuse,hip_gamma_correction,intel_npu_4000,intel_openvino,1b65ac5f7d1240a2be24d3bb29d3982d,10,1,1,1,solved,completed,True,True,True,passed,passed,not_requested,passed,blocked,12,12,0,0,True,False,offline-validated,True,,True,,2,0.55,,31.509259087000828,28.58674565000001,1.1165466890015523,0,1.743343501999334,2,21547,1168,12800,601,22715,22715,True,1,1,0,505795,0.0,,,,,,,,3
20260917T010434Z,structured_ir_no_reuse,hip_image_convolution,amd_xdna2_npu2,amd_xdna2,23cfe8acd97d428887795e57ef452117,10,1,1,1,solved,completed,True,True,True,passed,passed,passed,passed,blocked,12,12,12,0,True,False,offline-validated,True,True,,,2,0.55,,79.17948157499995,71.80801900999904,2.9279462390040862,0,4.277689764996467,2,22807,3636,12800,1712,26443,26443,True,1,1,0,800709,0.0,,,,,,,,3
20260917T010434Z,structured_ir_no_reuse,hip_image_convolution,intel_npu_4000,intel_openvino,e1b46b4642ea402ab8b60facc2cc624c,10,1,1,1,solved,completed,True,True,True,passed,passed,not_requested,passed,blocked,12,12,0,0,True,False,offline-validated,True,,True,,2,0.55,,32.15744588900088,29.328459367001415,0.9633236990048317,0,1.7879890939966572,2,21898,1293,12800,566,23191,23191,True,1,1,0,262314,0.0,,,,,,,,3
20260917T010434Z,structured_ir_no_reuse,hip_moving_average,amd_xdna2_npu2,amd_xdna2,f6e47a5d22134d419694656bd8197933,10,6,6,6,solved,completed,True,True,True,passed,passed,passed,passed,blocked,12,12,12,0,True,False,offline-validated,True,True,,,2,0.55,,463.4146702099988,432.71183712900347,14.747916650998377,0,14.609405629000321,12,156872,21603,76800,12807,178475,178475,True,6,6,5,1483700,0.0,,,,,,,,3
20260917T010434Z,structured_ir_no_reuse,hip_moving_average,intel_npu_4000,intel_openvino,bd5c6c7c370a47148f8c799556c5621f,10,2,2,2,solved,completed,True,True,True,passed,passed,not_requested,passed,blocked,12,12,0,0,True,False,offline-validated,True,,True,,2,0.55,,90.38528448600118,85.82692144599787,1.1673797519997606,0,3.006791877000069,4,46409,3919,25600,2244,50328,50328,True,2,2,1,1239730,0.0,,,,,,,,3
20260917T010434Z,structured_ir_no_reuse,triton_fused_attention,amd_xdna2_npu2,amd_xdna2,e92ad30aa1b348188c386b44555475c4,10,7,7,7,solved,completed,True,True,True,passed,passed,passed,passed,blocked,12,12,12,0,True,False,offline-validated,True,True,,,2,0.55,,965.2575745610011,918.4851215020026,18.4765029850023,0,27.757424642999467,14,239824,44003,95744,18693,283827,283827,True,7,7,6,979907,0.0,,,,,,,,3
20260917T010434Z,structured_ir_no_reuse,triton_fused_attention,intel_npu_4000,intel_openvino,3014fa7e5b3a458891a3aa1d6bee6cfa,10,1,1,1,solved,completed,True,True,True,passed,passed,not_requested,passed,blocked,12,12,0,0,True,False,offline-validated,True,,True,,2,0.55,,49.434500573999685,46.54623823000111,1.0177168879999954,0,1.7960084670012293,2,22043,2202,12800,1308,24245,24245,True,1,1,0,384875,0.0,,,,,,,,3
20260917T010434Z,structured_ir_no_reuse,triton_fused_softmax,amd_xdna2_npu2,amd_xdna2,b14e84198f074f44acbc926ae7c6db01,10,2,2,2,solved,completed,True,True,True,passed,passed,passed,passed,blocked,12,12,12,0,True,False,offline-validated,True,True,,,2,0.55,,138.48730373099897,126.67577116399843,4.9246749649992125,0,6.713406893000865,4,49610,6122,25600,3229,55732,55732,True,2,2,1,1623767,0.0,,,,,,,,3
20260917T010434Z,structured_ir_no_reuse,triton_fused_softmax,intel_npu_4000,intel_openvino,a685066bf0d94284924c399750cbaa02,10,1,1,1,solved,completed,True,True,True,passed,passed,not_requested,passed,blocked,12,12,0,0,True,False,offline-validated,True,,True,,2,0.55,,43.08152102599888,39.80165365599896,1.0173474210005224,0,2.1989592739992077,2,21464,1848,12800,1257,23312,23312,True,1,1,0,579927,0.0,,,,,,,,3
20260917T010434Z,structured_ir_no_reuse,triton_layer_norm,amd_xdna2_npu2,amd_xdna2,aaeae1f115f04a05b6bd788e54295925,10,5,5,5,solved,completed,True,True,True,passed,passed,passed,passed,blocked,12,12,12,0,True,False,offline-validated,True,True,,,2,0.55,,643.5522644200009,608.4960320000009,14.461471672995685,0,20.223530430004757,10,161809,32021,58112,15977,193830,193830,True,5,5,4,1280559,0.0,,,,,,,,3
20260917T010434Z,structured_ir_no_reuse,triton_layer_norm,intel_npu_4000,intel_openvino,a089e0db32de4294a2a4275f8887303f,10,1,1,1,solved,completed,True,True,True,passed,passed,not_requested,passed,blocked,12,12,0,0,True,False,offline-validated,True,,True,,2,0.55,,60.82792461399913,56.11259215700011,1.786845041997367,0,2.8547669330018834,2,23482,2770,12800,1025,26252,26252,True,1,1,0,612640,0.0,,,,,,,,3
20260917T010434Z,structured_ir_no_validation,cuda_reduce_sum,amd_xdna2_npu2,amd_xdna2,86dc9d84d28844f480c36a696b1e958f,10,1,1,1,solved,completed,True,True,True,passed,passed,passed,passed,blocked,12,12,12,0,True,False,offline-validated,True,True,,,2,0.55,,74.63555913699929,66.84445645400046,3.0061620919987035,0,4.6071831560020655,2,22492,3371,12800,2113,25863,25863,True,1,1,0,680550,0.0,,,,,,,,3
20260917T010434Z,structured_ir_no_validation,cuda_reduce_sum,intel_npu_4000,intel_openvino,5b954fd1733e4978b59a5c0031050775,10,1,1,1,solved,completed,True,True,True,passed,passed,not_requested,passed,blocked,12,12,0,0,True,False,offline-validated,True,,True,,2,0.55,,34.06112093899901,30.701909686998988,1.3294847209999716,0,1.938044432999959,2,21532,1105,12800,612,22637,22637,True,1,1,0,372900,0.0,,,,,,,,3
20260917T010434Z,structured_ir_no_validation,cuda_tiled_matmul,amd_xdna2_npu2,amd_xdna2,379f4042909c4119ad080218d60afa8a,10,1,1,1,solved,completed,True,True,True,passed,passed,passed,passed,blocked,12,12,12,0,True,False,offline-validated,True,True,,,2,0.55,,119.5784643650004,111.22370476700053,4.026466295001228,0,4.191268284997932,2,22726,5803,12800,3973,28529,28529,True,1,1,0,1152675,0.0,,,,,,,,3
20260917T010434Z,structured_ir_no_validation,cuda_tiled_matmul,intel_npu_4000,intel_openvino,4fcf6692bea14af2aff4aa296323236f,10,1,1,1,solved,completed,True,True,True,passed,passed,not_requested,passed,blocked,12,12,0,0,True,False,offline-validated,True,,True,,2,0.55,,34.69762859799994,31.80431052000131,1.2007402109975374,0,1.6456784960028017,2,21770,1339,12800,725,23109,23109,True,1,1,0,434254,0.0,,,,,,,,3
20260917T010434Z,structured_ir_no_validation,cuda_tiled_transpose,amd_xdna2_npu2,amd_xdna2,bdfc06ac95124cd5ac25cccdb8723bbb,10,1,1,1,solved,completed,True,True,True,passed,passed,passed,passed,blocked,12,12,12,0,True,False,offline-validated,True,True,,,2,0.55,,83.20757522499844,74.52435436799897,3.38455486300154,0,5.144078551997154,2,22323,3683,12800,2418,26006,26006,True,1,1,0,1962506,0.0,,,,,,,,3
20260917T010434Z,structured_ir_no_validation,cuda_tiled_transpose,intel_npu_4000,intel_openvino,8e8199113bf7405b9bd20bd8fdf75ade,10,1,1,1,solved,completed,True,True,True,passed,passed,not_requested,passed,blocked,12,12,0,0,True,False,offline-validated,True,,True,,2,0.55,,28.963213582999742,25.98387477899996,1.0244123540014698,0,1.8250587239999732,2,21440,1065,12800,595,22505,22505,True,1,1,0,741232,0.0,,,,,,,,3
20260917T010434Z,structured_ir_no_validation,cuda_vector_add,amd_xdna2_npu2,amd_xdna2,ef9203b226d441a5be04e6a63989c7b4,10,1,1,1,solved,completed,True,True,True,passed,passed,passed,passed,blocked,12,12,12,0,True,False,offline-validated,True,True,,,2,0.55,,93.55202977199951,85.6984206369998,3.282536375001655,0,4.432968268996774,2,22506,4261,12800,2674,26767,26767,True,1,1,0,1774163,0.0,,,,,,,,3
20260917T010434Z,structured_ir_no_validation,cuda_vector_add,intel_npu_4000,intel_openvino,fcbb93db2ae447fb8a4cb4bc1be77de8,10,1,1,1,solved,completed,True,True,True,passed,passed,not_requested,passed,blocked,12,12,0,0,True,False,offline-validated,True,,True,,2,0.55,,27.1896165929993,23.85465783700056,1.4772371759991074,0,1.7917687790013588,2,21551,1005,12800,519,22556,22556,True,1,1,0,719477,0.0,,,,,,,,3
20260917T010434Z,structured_ir_no_validation,hip_gamma_correction,amd_xdna2_npu2,amd_xdna2,0d39116276bb48648d6b59924cc98277,10,1,1,1,solved,completed,True,True,True,passed,passed,passed,passed,blocked,12,12,12,0,True,False,offline-validated,True,True,,,2,0.55,,82.96942954599945,75.56943844799935,2.4234281120006926,0,4.855935829000373,2,22537,3762,12800,2358,26299,26299,True,1,1,0,1327837,0.0,,,,,,,,3
20260917T010434Z,structured_ir_no_validation,hip_gamma_correction,intel_npu_4000,intel_openvino,f0bc7f9dea9e4080a8f44c25c683f82c,10,1,1,1,solved,completed,True,True,True,passed,passed,not_requested,passed,blocked,12,12,0,0,True,False,offline-validated,True,,True,,2,0.55,,39.006884215001264,35.57713434600009,1.2753567079998902,0,2.101948416000596,2,21596,1557,12800,848,23153,23153,True,1,1,0,505270,0.0,,,,,,,,3
20260917T010434Z,structured_ir_no_validation,hip_image_convolution,amd_xdna2_npu2,amd_xdna2,6047cb4dd03e4d4ea60fdf7c8f483ebf,10,1,1,1,solved,completed,True,True,True,passed,passed,passed,passed,blocked,12,12,12,0,True,False,offline-validated,True,True,,,2,0.55,,115.62769305399888,107.45504634899953,3.4382725630021014,0,4.596479746998739,2,22838,5593,12800,3666,28431,28431,True,1,1,0,801856,0.0,,,,,,,,3
20260917T010434Z,structured_ir_no_validation,hip_image_convolution,intel_npu_4000,intel_openvino,241ff067ab42404ca34eebb6058712d2,10,1,1,1,solved,completed,True,True,True,passed,passed,not_requested,passed,blocked,12,12,0,0,True,False,offline-validated,True,,True,,2,0.55,,34.89766828000029,30.458130099999835,1.8594140660006815,0,2.4046455299994705,2,21769,1217,12800,565,22986,22986,True,1,1,0,262399,0.0,,,,,,,,3
20260917T010434Z,structured_ir_no_validation,hip_moving_average,amd_xdna2_npu2,amd_xdna2,35b4e241238b497da290d4e358fc6b2c,10,1,1,1,solved,completed,True,True,True,passed,passed,passed,passed,blocked,12,12,12,0,True,False,offline-validated,True,True,,,2,0.55,,89.53650642700086,81.6196609330018,2.777533370001038,0,5.01858437699957,2,22497,4199,12800,2802,26696,26696,True,1,1,0,1483566,0.0,,,,,,,,3
20260917T010434Z,structured_ir_no_validation,hip_moving_average,intel_npu_4000,intel_openvino,ca3a1530df5f4c5a927a9141910e81e0,10,1,1,1,solved,completed,True,True,True,passed,passed,not_requested,passed,blocked,12,12,0,0,True,False,offline-validated,True,,True,,2,0.55,,75.55482302599921,72.60868361199937,0.9621814220008673,0,1.9234648819983704,2,21559,3487,12800,2704,25046,25046,True,1,1,0,1238070,0.0,,,,,,,,3
20260917T010434Z,structured_ir_no_validation,triton_fused_attention,amd_xdna2_npu2,amd_xdna2,2bfc772a45ea470c9de866207b17203d,10,1,1,1,solved,completed,True,True,True,passed,passed,passed,passed,blocked,12,12,12,0,True,False,offline-validated,True,True,,,2,0.55,,237.91206795299877,229.688275333001,3.2403234709981916,0,4.809686781001801,2,23950,12323,12800,8473,36273,36273,True,1,1,0,982774,0.0,,,,,,,,3
20260917T010434Z,structured_ir_no_validation,triton_fused_attention,intel_npu_4000,intel_openvino,dd595653e0ae4645849f9fbf91feb840,10,1,1,1,solved,completed,True,True,True,passed,passed,not_requested,passed,blocked,12,12,0,0,True,False,offline-validated,True,,True,,2,0.55,,51.77350716300134,47.478793771999335,1.6641771749964391,0,2.4496770160021697,2,22056,2204,12800,1315,24260,24260,True,1,1,0,376232,0.0,,,,,,,,3
20260917T010434Z,structured_ir_no_validation,triton_fused_softmax,amd_xdna2_npu2,amd_xdna2,a2298f8c69734f47bb9b9a3ed407de4c,10,2,2,2,solved,completed,True,True,True,passed,passed,passed,passed,blocked,12,12,12,0,True,False,offline-validated,True,True,,,2,0.55,,107.12069884099947,98.65266092800084,2.9480859829964174,0,5.347733240005255,3,35782,4865,18688,2271,40647,40647,True,2,2,1,1578371,0.0,,,,,,,,3
20260917T010434Z,structured_ir_no_validation,triton_fused_softmax,intel_npu_4000,intel_openvino,f7cf59f2119f4e15bb87e24340489f68,10,1,1,1,solved,completed,True,True,True,passed,passed,not_requested,passed,blocked,12,12,0,0,True,False,offline-validated,True,,True,,2,0.55,,52.66822630000024,48.255806137000036,1.7824506149991066,0,2.5600448950008285,2,21431,2267,12800,1605,23698,23698,True,1,1,0,580341,0.0,,,,,,,,3
20260917T010434Z,structured_ir_no_validation,triton_layer_norm,amd_xdna2_npu2,amd_xdna2,7eb0897d145846319fab5501ad75d326,10,9,9,9,solved,completed,True,True,True,passed,passed,passed,passed,blocked,12,12,12,0,True,False,offline-validated,True,True,,,2,0.55,,765.5820207750003,705.257659470999,26.586129445997358,0,33.166075709001234,10,167623,37191,54016,19852,204814,204814,True,9,9,8,1280344,0.0,,,,,,,,3
20260917T010434Z,structured_ir_no_validation,triton_layer_norm,intel_npu_4000,intel_openvino,8aaf5636172e4fe3898b8e748b54fbe1,10,1,1,1,solved,completed,True,True,True,passed,passed,not_requested,passed,blocked,12,12,0,0,True,False,offline-validated,True,,True,,2,0.55,,85.84740163800052,82.55933169599848,1.175228188996698,0,2.060548226003448,2,23529,4208,12800,2394,27737,27737,True,1,1,0,613294,0.0,,,,,,,,3
