scope,case_id,kernel,target,arm,cycle,stage,status,failure_category,message,known_tokens,usage_complete,seconds,generation_id,billed_cost
preflight,,,,,0,model_CodeBundle,completed,,,754,True,14.472502846998395,gen-1789632496-J1ReLSlPFHQaXBlqa3q3,0.000754338
preflight,,,,,0,model_Hint,completed,,,700,True,13.420346194005106,gen-1789632510-sW4iB626WQxSgydOWVyJ,0.000694317
preflight,,,,,0,model_ExecutableKernelIR,completed,,,1226,True,25.734771493000153,gen-1789632524-c61yYUpPdGanxyTedOAj,0.001278966
preflight,,,amd_xdna2_npu2,,0,target_execution,blocked,,No validated executor for the emitted target artifact is configured.,0,True,0.0,,
preflight,,,amd_xdna2_npu2,,0,performance,not_requested,,,0,True,0.0,,
preflight,,,amd_xdna2_npu2,,0,oracle_validation,passed,,,0,True,0.00026231000083498657,,
preflight,,,amd_xdna2_npu2,,0,design_emission,passed,,,0,True,0.8661486060009338,,
preflight,,,amd_xdna2_npu2,,0,target_compile,passed,,"aiecc: (1/37) input.mlir (0 inputs) took 0 ms
aiecc: (2/37) placed.mlir (1 inputs) took 9 ms
aiecc: (3/37) traced.mlir (1 inputs) took 0 ms
aiecc: (4/37) input_with_addresses.mlir (1 inputs) took 20 ms
aiecc: (5/37) input_physical.mlir (1 inputs) took 1 ms
aiecc: (6/37) perCore_{0}.mlir (1 inputs) took 0 ms
aiecc: (7/37) npu_materialized.mlir (1 inputs) took 0 ms
aiecc: (8/37) perCoreInDevice (1 inputs) took 0 ms
aiecc: (9/37) npu_dma_lowered.mlir (1 inputs) took 4 ms
aiecc: (10/37) perCoreCompile (1 inputs) took 0 ms
aiecc: (11/37) preBakedCores (1 inputs) took 0 ms
aiecc: (13/37) npu_lowered.mlir (1 inputs) took 0 ms
aiecc: (14/37) perCoreArches_{0}.txt (1 inputs) took 0 ms
aiecc: (15/37) lowered_{0}.mlir (1 inputs) took 9 ms
aiecc: (16/37) perCoreIRLinkFiles_{0}.txt (1 inputs) took 0 ms
aiecc: (17/37) ldScripts_{0}.ld.script (1 inputs) took 0 ms
aiecc: (18/37) npu_seq_{0}.mlir (1 inputs) took 0 ms
aiecc: (19/37) llvmIR_{0}.ll (1 inputs) took 6 ms
aiecc: (20/37) perSeqMatching (1 inputs) took 0 ms
aiecc: (21/37) peano-compat_{0}.ll (1 inputs) took 0 ms
aiecc: (22/37) peano-linked_{0}.ll (2 inputs) took 0 ms
aiecc: (23/37) opted_{0}.ll (1 inputs) took 16 ms
aiecc: (24/37) objects_{0}.o (2 inputs) took 14 ms
aiecc: (25/37) npu_program_{0}.bin (1 inputs) took 61 ms
aiecc: (26/37) insts.bin (1 inputs) took 0 ms
aiecc: (27/37) elfs_{0}.elf (3 inputs) took 34 ms
aiecc: (28/37) physical_with_elfs.mlir (2 inputs) took 0 ms
aiecc: (29/37) perDevice_{0}.mlir (1 inputs) took 0 ms
aiecc: (30/37) perDeviceMatching (1 inputs) took 0 ms
aiecc: (31/37) cdo_{0} (1 inputs) took 0 ms
aiecc: (32/37) memTopology_{0}.json (1 inputs) took 0 ms
aiecc: (33/37) kernels_{0}.json (1 inputs) took 0 ms
aiecc: (34/37) bif_{0}.bif (2 inputs) took 0 ms
aiecc: (35/37) {0}.pdi (1 inputs) took 2 ms
aiecc: (36/37) partition_{0}.json (2 inputs) took 0 ms
aiecc: (37/37) final.xclbin (3 inputs) took 6 ms
aiecc: wrote edge 'placed.mlir'
aiecc: wrote edge 'traced.mlir'
aiecc: wrote edge 'input_with_addresses.mlir'
aiecc: wrote edge 'input_physical.mlir'
aiecc: wrote edge 'perCore_{0}.mlir'
aiecc: wrote edge 'perCoreArches_{0}.txt'
aiecc: wrote edge 'lowered_{0}.mlir'
aiecc: wrote edge 'perCoreIRLinkFiles_{0}.txt'
aiecc: wrote edge 'llvmIR_{0}.ll'
aiecc: wrote edge 'peano-compat_{0}.ll'
aiecc: wrote edge 'peano-linked_{0}.ll'
aiecc: wrote edge 'opted_{0}.ll'
aiecc: wrote edge 'objects_{0}.o'
aiecc: wrote edge 'ldScripts_{0}.ld.script'
aiecc: wrote edge 'elfs_{0}.elf'
aiecc: wrote edge 'physical_with_elfs.mlir'
aiecc: wrote edge 'npu_materialized.mlir'
aiecc: wrote edge 'npu_dma_lowered.mlir'
aiecc: wrote edge 'npu_lowered.mlir'
aiecc: wrote edge 'perDevice_{0}.mlir'
aiecc: wrote edge 'cdo_{0}'
aiecc: wrote edge 'bif_{0}.bif'
aiecc: wrote edge '{0}.pdi'
aiecc: wrote edge 'memTopology_{0}.json'
aiecc: wrote edge 'kernels_{0}.json'
aiecc: wrote edge 'partition_{0}.json'
aiecc: wrote edge 'final.xclbin'
aiecc: wrote edge 'npu_seq_{0}.mlir'
aiecc: wrote edge 'insts.bin'
",0,True,3.8737479060000624,,
preflight,,,amd_xdna2_npu2,,0,dataflow_frontend,passed,,,0,True,1.0233629979993566,,
preflight,,,amd_xdna2_npu2,,0,host_execution,passed,,,0,True,1.5198785110042081,,
preflight,,,amd_xdna2_npu2,,0,dataflow_simulation,passed,,,0,True,1.2733218239955022,,
preflight,,,intel_npu_4000,,0,target_execution,blocked,,No validated executor for the emitted target artifact is configured.,0,True,0.0,,
preflight,,,intel_npu_4000,,0,performance,not_requested,,,0,True,0.0,,
preflight,,,intel_npu_4000,,0,oracle_validation,passed,,,0,True,0.0009264249965781346,,
preflight,,,intel_npu_4000,,0,graph_construction,passed,,,0,True,1.2668147289950866,,
preflight,,,intel_npu_4000,,0,host_execution,passed,,,0,True,1.4206860900012543,,
preflight,,,intel_npu_4000,,0,target_compile,passed,,,0,True,1.3673119099985342,,
preflight,,,intel_npu_4000,,0,dataflow_simulation,not_requested,,,0,True,0.0,,
translation,90ad131dfb260c253c26eed0,cuda_tiled_transpose,amd_xdna2_npu2,hinted_ir,1,model_intermediate,completed,,,6511,True,108.49566360800236,gen-1789632549-O87OjWAnZE1ERdhru5WC,0.0067434705
translation,90ad131dfb260c253c26eed0,cuda_tiled_transpose,amd_xdna2_npu2,hinted_ir,1,model_code,completed,,,13638,True,217.01048831699882,gen-1789632658-sEe8rX5i7ZRmMvrUZ7SZ,0.013655148
translation,90ad131dfb260c253c26eed0,cuda_tiled_transpose,amd_xdna2_npu2,hinted_ir,1,target_execution,blocked,,No validated executor for the emitted target artifact is configured.,0,True,0.0,,
translation,90ad131dfb260c253c26eed0,cuda_tiled_transpose,amd_xdna2_npu2,hinted_ir,1,performance,not_requested,,,0,True,0.0,,
translation,90ad131dfb260c253c26eed0,cuda_tiled_transpose,amd_xdna2_npu2,hinted_ir,1,oracle_validation,passed,,,0,True,0.019788085999607574,,
translation,90ad131dfb260c253c26eed0,cuda_tiled_transpose,amd_xdna2_npu2,hinted_ir,1,design_emission,passed,,,0,True,0.9162019760042313,,
translation,90ad131dfb260c253c26eed0,cuda_tiled_transpose,amd_xdna2_npu2,hinted_ir,1,target_compile,failed,backend_api,"Traceback (most recent call last):
  File ""/tools/amd_compile.py"", line 93, in <module>
    main()
  File ""/tools/amd_compile.py"", line 26, in main
    module = Module.parse((work / 'design.mlir').read_text())
             ^^^^^^^^^^^^^^^^^^^^^^^^^^^^^^^^^^^^^^^^^^^^^^^^
aie._mlir_libs._mlir.ir.MLIRError: Unable to parse module assembly:
error: ""-"":1:33: expected attribute value
",0,True,1.0662351959981606,,
translation,90ad131dfb260c253c26eed0,cuda_tiled_transpose,amd_xdna2_npu2,hinted_ir,1,dataflow_frontend,failed,backend_api,"Traceback (most recent call last):
  File ""/tools/amd_parse.py"", line 9, in <module>
    program = parse_mlir(Path('/design/design.mlir').read_text(), sha256(Path('/candidate/kernel.cc')),
              ^^^^^^^^^^^^^^^^^^^^^^^^^^^^^^^^^^^^^^^^^^^^^^^^^^^^^^^^^^^^^^^^^^^^^^^^^^^^^^^^^^^^^^^^^
  File ""/framework/npu_agent/sim/amd_mlir_frontend.py"", line 81, in parse_mlir
    module = Module.parse(text)
             ^^^^^^^^^^^^^^^^^^
aie._mlir_libs._mlir.ir.MLIRError: Unable to parse module assembly:
error: ""-"":1:33: expected attribute value
",0,True,1.1667521740018856,,
translation,90ad131dfb260c253c26eed0,cuda_tiled_transpose,amd_xdna2_npu2,hinted_ir,1,host_execution,failed,,"Traceback (most recent call last):
  File ""/tools/amd_parse.py"", line 9, in <module>
    program = parse_mlir(Path('/design/design.mlir').read_text(), sha256(Path('/candidate/kernel.cc')),
              ^^^^^^^^^^^^^^^^^^^^^^^^^^^^^^^^^^^^^^^^^^^^^^^^^^^^^^^^^^^^^^^^^^^^^^^^^^^^^^^^^^^^^^^^^
  File ""/framework/npu_agent/sim/amd_mlir_frontend.py"", line 81, in parse_mlir
    module = Module.parse(text)
             ^^^^^^^^^^^^^^^^^^
aie._mlir_libs._mlir.ir.MLIRError: Unable to parse module assembly:
error: ""-"":1:33: expected attribute value
",0,True,0.0,,
translation,90ad131dfb260c253c26eed0,cuda_tiled_transpose,amd_xdna2_npu2,hinted_ir,1,dataflow_simulation,failed,,"Traceback (most recent call last):
  File ""/tools/amd_parse.py"", line 9, in <module>
    program = parse_mlir(Path('/design/design.mlir').read_text(), sha256(Path('/candidate/kernel.cc')),
              ^^^^^^^^^^^^^^^^^^^^^^^^^^^^^^^^^^^^^^^^^^^^^^^^^^^^^^^^^^^^^^^^^^^^^^^^^^^^^^^^^^^^^^^^^
  File ""/framework/npu_agent/sim/amd_mlir_frontend.py"", line 81, in parse_mlir
    module = Module.parse(text)
             ^^^^^^^^^^^^^^^^^^
aie._mlir_libs._mlir.ir.MLIRError: Unable to parse module assembly:
error: ""-"":1:33: expected attribute value
",0,True,0.0,,
translation,90ad131dfb260c253c26eed0,cuda_tiled_transpose,amd_xdna2_npu2,hinted_ir,2,model_code,completed,,,13595,True,130.89575211299962,gen-1789632878-HFNp1KZ9nyeDZYKjdOfO,0.0103817805
translation,90ad131dfb260c253c26eed0,cuda_tiled_transpose,amd_xdna2_npu2,hinted_ir,2,target_execution,blocked,,No validated executor for the emitted target artifact is configured.,0,True,0.0,,
translation,90ad131dfb260c253c26eed0,cuda_tiled_transpose,amd_xdna2_npu2,hinted_ir,2,performance,not_requested,,,0,True,0.0,,
translation,90ad131dfb260c253c26eed0,cuda_tiled_transpose,amd_xdna2_npu2,hinted_ir,2,oracle_validation,passed,,,0,True,0.01999571199849015,,
translation,90ad131dfb260c253c26eed0,cuda_tiled_transpose,amd_xdna2_npu2,hinted_ir,2,design_emission,passed,,,0,True,0.9165615890015033,,
translation,90ad131dfb260c253c26eed0,cuda_tiled_transpose,amd_xdna2_npu2,hinted_ir,2,target_compile,failed,backend_api,"Traceback (most recent call last):
  File ""/tools/amd_compile.py"", line 93, in <module>
    main()
  File ""/tools/amd_compile.py"", line 26, in main
    module = Module.parse((work / 'design.mlir').read_text())
             ^^^^^^^^^^^^^^^^^^^^^^^^^^^^^^^^^^^^^^^^^^^^^^^^
aie._mlir_libs._mlir.ir.MLIRError: Unable to parse module assembly:
error: ""-"":1:32: expected attribute value
",0,True,1.1674437780020526,,
translation,90ad131dfb260c253c26eed0,cuda_tiled_transpose,amd_xdna2_npu2,hinted_ir,2,dataflow_frontend,failed,backend_api,"Traceback (most recent call last):
  File ""/tools/amd_parse.py"", line 9, in <module>
    program = parse_mlir(Path('/design/design.mlir').read_text(), sha256(Path('/candidate/kernel.cc')),
              ^^^^^^^^^^^^^^^^^^^^^^^^^^^^^^^^^^^^^^^^^^^^^^^^^^^^^^^^^^^^^^^^^^^^^^^^^^^^^^^^^^^^^^^^^
  File ""/framework/npu_agent/sim/amd_mlir_frontend.py"", line 81, in parse_mlir
    module = Module.parse(text)
             ^^^^^^^^^^^^^^^^^^
aie._mlir_libs._mlir.ir.MLIRError: Unable to parse module assembly:
error: ""-"":1:32: expected attribute value
",0,True,1.1175421590014594,,
translation,90ad131dfb260c253c26eed0,cuda_tiled_transpose,amd_xdna2_npu2,hinted_ir,2,host_execution,failed,,"Traceback (most recent call last):
  File ""/tools/amd_parse.py"", line 9, in <module>
    program = parse_mlir(Path('/design/design.mlir').read_text(), sha256(Path('/candidate/kernel.cc')),
              ^^^^^^^^^^^^^^^^^^^^^^^^^^^^^^^^^^^^^^^^^^^^^^^^^^^^^^^^^^^^^^^^^^^^^^^^^^^^^^^^^^^^^^^^^
  File ""/framework/npu_agent/sim/amd_mlir_frontend.py"", line 81, in parse_mlir
    module = Module.parse(text)
             ^^^^^^^^^^^^^^^^^^
aie._mlir_libs._mlir.ir.MLIRError: Unable to parse module assembly:
error: ""-"":1:32: expected attribute value
",0,True,0.0,,
translation,90ad131dfb260c253c26eed0,cuda_tiled_transpose,amd_xdna2_npu2,hinted_ir,2,dataflow_simulation,failed,,"Traceback (most recent call last):
  File ""/tools/amd_parse.py"", line 9, in <module>
    program = parse_mlir(Path('/design/design.mlir').read_text(), sha256(Path('/candidate/kernel.cc')),
              ^^^^^^^^^^^^^^^^^^^^^^^^^^^^^^^^^^^^^^^^^^^^^^^^^^^^^^^^^^^^^^^^^^^^^^^^^^^^^^^^^^^^^^^^^
  File ""/framework/npu_agent/sim/amd_mlir_frontend.py"", line 81, in parse_mlir
    module = Module.parse(text)
             ^^^^^^^^^^^^^^^^^^
aie._mlir_libs._mlir.ir.MLIRError: Unable to parse module assembly:
error: ""-"":1:32: expected attribute value
",0,True,0.0,,
translation,90ad131dfb260c253c26eed0,cuda_tiled_transpose,amd_xdna2_npu2,hinted_ir,3,model_code,completed,,,11177,True,88.4471394400025,gen-1789633012-DnB6qxoZoDlhJOADjD5a,0.0072781761
translation,90ad131dfb260c253c26eed0,cuda_tiled_transpose,amd_xdna2_npu2,hinted_ir,3,target_execution,blocked,,No validated executor for the emitted target artifact is configured.,0,True,0.0,,
translation,90ad131dfb260c253c26eed0,cuda_tiled_transpose,amd_xdna2_npu2,hinted_ir,3,performance,not_requested,,,0,True,0.0,,
translation,90ad131dfb260c253c26eed0,cuda_tiled_transpose,amd_xdna2_npu2,hinted_ir,3,oracle_validation,passed,,,0,True,0.019289080002636183,,
translation,90ad131dfb260c253c26eed0,cuda_tiled_transpose,amd_xdna2_npu2,hinted_ir,3,design_emission,passed,,,0,True,0.9165767899976345,,
translation,90ad131dfb260c253c26eed0,cuda_tiled_transpose,amd_xdna2_npu2,hinted_ir,3,target_compile,failed,backend_api,"Traceback (most recent call last):
  File ""/tools/amd_compile.py"", line 93, in <module>
    main()
  File ""/tools/amd_compile.py"", line 26, in main
    module = Module.parse((work / 'design.mlir').read_text())
             ^^^^^^^^^^^^^^^^^^^^^^^^^^^^^^^^^^^^^^^^^^^^^^^^
aie._mlir_libs._mlir.ir.MLIRError: Unable to parse module assembly:
error: ""-"":1:32: expected attribute value
",0,True,1.1677228110056603,,
translation,90ad131dfb260c253c26eed0,cuda_tiled_transpose,amd_xdna2_npu2,hinted_ir,3,dataflow_frontend,failed,backend_api,"Traceback (most recent call last):
  File ""/tools/amd_parse.py"", line 9, in <module>
    program = parse_mlir(Path('/design/design.mlir').read_text(), sha256(Path('/candidate/kernel.cc')),
              ^^^^^^^^^^^^^^^^^^^^^^^^^^^^^^^^^^^^^^^^^^^^^^^^^^^^^^^^^^^^^^^^^^^^^^^^^^^^^^^^^^^^^^^^^
  File ""/framework/npu_agent/sim/amd_mlir_frontend.py"", line 81, in parse_mlir
    module = Module.parse(text)
             ^^^^^^^^^^^^^^^^^^
aie._mlir_libs._mlir.ir.MLIRError: Unable to parse module assembly:
error: ""-"":1:32: expected attribute value
",0,True,1.0172326030005934,,
translation,90ad131dfb260c253c26eed0,cuda_tiled_transpose,amd_xdna2_npu2,hinted_ir,3,host_execution,failed,,"Traceback (most recent call last):
  File ""/tools/amd_parse.py"", line 9, in <module>
    program = parse_mlir(Path('/design/design.mlir').read_text(), sha256(Path('/candidate/kernel.cc')),
              ^^^^^^^^^^^^^^^^^^^^^^^^^^^^^^^^^^^^^^^^^^^^^^^^^^^^^^^^^^^^^^^^^^^^^^^^^^^^^^^^^^^^^^^^^
  File ""/framework/npu_agent/sim/amd_mlir_frontend.py"", line 81, in parse_mlir
    module = Module.parse(text)
             ^^^^^^^^^^^^^^^^^^
aie._mlir_libs._mlir.ir.MLIRError: Unable to parse module assembly:
error: ""-"":1:32: expected attribute value
",0,True,0.0,,
translation,90ad131dfb260c253c26eed0,cuda_tiled_transpose,amd_xdna2_npu2,hinted_ir,3,dataflow_simulation,failed,,"Traceback (most recent call last):
  File ""/tools/amd_parse.py"", line 9, in <module>
    program = parse_mlir(Path('/design/design.mlir').read_text(), sha256(Path('/candidate/kernel.cc')),
              ^^^^^^^^^^^^^^^^^^^^^^^^^^^^^^^^^^^^^^^^^^^^^^^^^^^^^^^^^^^^^^^^^^^^^^^^^^^^^^^^^^^^^^^^^
  File ""/framework/npu_agent/sim/amd_mlir_frontend.py"", line 81, in parse_mlir
    module = Module.parse(text)
             ^^^^^^^^^^^^^^^^^^
aie._mlir_libs._mlir.ir.MLIRError: Unable to parse module assembly:
error: ""-"":1:32: expected attribute value
",0,True,0.0,,
translation,90ad131dfb260c253c26eed0,cuda_tiled_transpose,amd_xdna2_npu2,hinted_ir,4,model_code,completed,,,11136,True,88.4957494850023,gen-1789633104-KdhN4EBlGyCOtyKvS8Ei,0.0072481656
translation,90ad131dfb260c253c26eed0,cuda_tiled_transpose,amd_xdna2_npu2,hinted_ir,4,target_execution,blocked,,No validated executor for the emitted target artifact is configured.,0,True,0.0,,
translation,90ad131dfb260c253c26eed0,cuda_tiled_transpose,amd_xdna2_npu2,hinted_ir,4,performance,not_requested,,,0,True,0.0,,
translation,90ad131dfb260c253c26eed0,cuda_tiled_transpose,amd_xdna2_npu2,hinted_ir,4,oracle_validation,passed,,,0,True,0.01957090600626543,,
translation,90ad131dfb260c253c26eed0,cuda_tiled_transpose,amd_xdna2_npu2,hinted_ir,4,design_emission,passed,,,0,True,0.8664629490012885,,
translation,90ad131dfb260c253c26eed0,cuda_tiled_transpose,amd_xdna2_npu2,hinted_ir,4,target_compile,failed,backend_api,"Traceback (most recent call last):
  File ""/tools/amd_compile.py"", line 93, in <module>
    main()
  File ""/tools/amd_compile.py"", line 26, in main
    module = Module.parse((work / 'design.mlir').read_text())
             ^^^^^^^^^^^^^^^^^^^^^^^^^^^^^^^^^^^^^^^^^^^^^^^^
aie._mlir_libs._mlir.ir.MLIRError: Unable to parse module assembly:
error: ""-"":2:11: expected '('
",0,True,1.1673524910002016,,
translation,90ad131dfb260c253c26eed0,cuda_tiled_transpose,amd_xdna2_npu2,hinted_ir,4,dataflow_frontend,failed,backend_api,"Traceback (most recent call last):
  File ""/tools/amd_parse.py"", line 9, in <module>
    program = parse_mlir(Path('/design/design.mlir').read_text(), sha256(Path('/candidate/kernel.cc')),
              ^^^^^^^^^^^^^^^^^^^^^^^^^^^^^^^^^^^^^^^^^^^^^^^^^^^^^^^^^^^^^^^^^^^^^^^^^^^^^^^^^^^^^^^^^
  File ""/framework/npu_agent/sim/amd_mlir_frontend.py"", line 81, in parse_mlir
    module = Module.parse(text)
             ^^^^^^^^^^^^^^^^^^
aie._mlir_libs._mlir.ir.MLIRError: Unable to parse module assembly:
error: ""-"":2:11: expected '('
",0,True,1.0671943679990363,,
translation,90ad131dfb260c253c26eed0,cuda_tiled_transpose,amd_xdna2_npu2,hinted_ir,4,host_execution,failed,,"Traceback (most recent call last):
  File ""/tools/amd_parse.py"", line 9, in <module>
    program = parse_mlir(Path('/design/design.mlir').read_text(), sha256(Path('/candidate/kernel.cc')),
              ^^^^^^^^^^^^^^^^^^^^^^^^^^^^^^^^^^^^^^^^^^^^^^^^^^^^^^^^^^^^^^^^^^^^^^^^^^^^^^^^^^^^^^^^^
  File ""/framework/npu_agent/sim/amd_mlir_frontend.py"", line 81, in parse_mlir
    module = Module.parse(text)
             ^^^^^^^^^^^^^^^^^^
aie._mlir_libs._mlir.ir.MLIRError: Unable to parse module assembly:
error: ""-"":2:11: expected '('
",0,True,0.0,,
translation,90ad131dfb260c253c26eed0,cuda_tiled_transpose,amd_xdna2_npu2,hinted_ir,4,dataflow_simulation,failed,,"Traceback (most recent call last):
  File ""/tools/amd_parse.py"", line 9, in <module>
    program = parse_mlir(Path('/design/design.mlir').read_text(), sha256(Path('/candidate/kernel.cc')),
              ^^^^^^^^^^^^^^^^^^^^^^^^^^^^^^^^^^^^^^^^^^^^^^^^^^^^^^^^^^^^^^^^^^^^^^^^^^^^^^^^^^^^^^^^^
  File ""/framework/npu_agent/sim/amd_mlir_frontend.py"", line 81, in parse_mlir
    module = Module.parse(text)
             ^^^^^^^^^^^^^^^^^^
aie._mlir_libs._mlir.ir.MLIRError: Unable to parse module assembly:
error: ""-"":2:11: expected '('
",0,True,0.0,,
translation,90ad131dfb260c253c26eed0,cuda_tiled_transpose,amd_xdna2_npu2,hinted_ir,5,model_code,blocked,infrastructure,complete token accounting unavailable,0,False,0.4688924509973731,,
translation,4b3e14c89a0b4c3514118c37,cuda_tiled_transpose,amd_xdna2_npu2,direct,1,model_code,blocked,infrastructure,complete token accounting unavailable,0,False,0.42511909199674847,,
translation,8ddb012acb4526407fe6f664,cuda_tiled_transpose,amd_xdna2_npu2,structured_ir,1,model_intermediate,completed,,,2472,True,28.57525352099765,gen-1789633456-HuWfHF6lgOV3piIoRqJ1,0.001988844
translation,8ddb012acb4526407fe6f664,cuda_tiled_transpose,amd_xdna2_npu2,structured_ir,1,model_code,completed,,,5327,True,72.1498649080022,gen-1789633485-U173gYDOrMvWM8hDubix,0.0047694465
translation,8ddb012acb4526407fe6f664,cuda_tiled_transpose,amd_xdna2_npu2,structured_ir,1,semantic_validation,passed,,IR matches independent oracle on 12 cases; prose metadata is not executable evidence,0,True,0.021753275002993178,,
translation,8ddb012acb4526407fe6f664,cuda_tiled_transpose,amd_xdna2_npu2,structured_ir,1,target_execution,blocked,,No validated executor for the emitted target artifact is configured.,0,True,0.0,,
translation,8ddb012acb4526407fe6f664,cuda_tiled_transpose,amd_xdna2_npu2,structured_ir,1,performance,not_requested,,,0,True,0.0,,
translation,8ddb012acb4526407fe6f664,cuda_tiled_transpose,amd_xdna2_npu2,structured_ir,1,oracle_validation,passed,,,0,True,0.019630691000202205,,
translation,8ddb012acb4526407fe6f664,cuda_tiled_transpose,amd_xdna2_npu2,structured_ir,1,design_emission,passed,,,0,True,0.866300109999429,,
translation,8ddb012acb4526407fe6f664,cuda_tiled_transpose,amd_xdna2_npu2,structured_ir,1,target_compile,failed,backend_api,"Traceback (most recent call last):
  File ""/tools/amd_compile.py"", line 93, in <module>
    main()
  File ""/tools/amd_compile.py"", line 26, in main
    module = Module.parse((work / 'design.mlir').read_text())
             ^^^^^^^^^^^^^^^^^^^^^^^^^^^^^^^^^^^^^^^^^^^^^^^^
aie._mlir_libs._mlir.ir.MLIRError: Unable to parse module assembly:
error: ""-"":3:86: custom op 'func.func' 'sym_visibility' is an inferred attribute and should not be specified in the explicit attribute dictionary
",0,True,1.066988771999604,,
translation,8ddb012acb4526407fe6f664,cuda_tiled_transpose,amd_xdna2_npu2,structured_ir,1,dataflow_frontend,failed,backend_api,"Traceback (most recent call last):
  File ""/tools/amd_parse.py"", line 9, in <module>
    program = parse_mlir(Path('/design/design.mlir').read_text(), sha256(Path('/candidate/kernel.cc')),
              ^^^^^^^^^^^^^^^^^^^^^^^^^^^^^^^^^^^^^^^^^^^^^^^^^^^^^^^^^^^^^^^^^^^^^^^^^^^^^^^^^^^^^^^^^
  File ""/framework/npu_agent/sim/amd_mlir_frontend.py"", line 81, in parse_mlir
    module = Module.parse(text)
             ^^^^^^^^^^^^^^^^^^
aie._mlir_libs._mlir.ir.MLIRError: Unable to parse module assembly:
error: ""-"":3:86: custom op 'func.func' 'sym_visibility' is an inferred attribute and should not be specified in the explicit attribute dictionary
",0,True,1.0167784060031408,,
translation,8ddb012acb4526407fe6f664,cuda_tiled_transpose,amd_xdna2_npu2,structured_ir,1,host_execution,failed,,"Traceback (most recent call last):
  File ""/tools/amd_parse.py"", line 9, in <module>
    program = parse_mlir(Path('/design/design.mlir').read_text(), sha256(Path('/candidate/kernel.cc')),
              ^^^^^^^^^^^^^^^^^^^^^^^^^^^^^^^^^^^^^^^^^^^^^^^^^^^^^^^^^^^^^^^^^^^^^^^^^^^^^^^^^^^^^^^^^
  File ""/framework/npu_agent/sim/amd_mlir_frontend.py"", line 81, in parse_mlir
    module = Module.parse(text)
             ^^^^^^^^^^^^^^^^^^
aie._mlir_libs._mlir.ir.MLIRError: Unable to parse module assembly:
error: ""-"":3:86: custom op 'func.func' 'sym_visibility' is an inferred attribute and should not be specified in the explicit attribute dictionary
",0,True,0.0,,
translation,8ddb012acb4526407fe6f664,cuda_tiled_transpose,amd_xdna2_npu2,structured_ir,1,dataflow_simulation,failed,,"Traceback (most recent call last):
  File ""/tools/amd_parse.py"", line 9, in <module>
    program = parse_mlir(Path('/design/design.mlir').read_text(), sha256(Path('/candidate/kernel.cc')),
              ^^^^^^^^^^^^^^^^^^^^^^^^^^^^^^^^^^^^^^^^^^^^^^^^^^^^^^^^^^^^^^^^^^^^^^^^^^^^^^^^^^^^^^^^^
  File ""/framework/npu_agent/sim/amd_mlir_frontend.py"", line 81, in parse_mlir
    module = Module.parse(text)
             ^^^^^^^^^^^^^^^^^^
aie._mlir_libs._mlir.ir.MLIRError: Unable to parse module assembly:
error: ""-"":3:86: custom op 'func.func' 'sym_visibility' is an inferred attribute and should not be specified in the explicit attribute dictionary
",0,True,0.0,,
translation,8ddb012acb4526407fe6f664,cuda_tiled_transpose,amd_xdna2_npu2,structured_ir,2,model_code,completed,,,7784,True,56.9579842259991,gen-1789633560-PI0oy39pLlCvcntUeHaR,0.0045538896
translation,8ddb012acb4526407fe6f664,cuda_tiled_transpose,amd_xdna2_npu2,structured_ir,2,semantic_validation,passed,,IR matches independent oracle on 12 cases; prose metadata is not executable evidence,0,True,0.0,,
translation,8ddb012acb4526407fe6f664,cuda_tiled_transpose,amd_xdna2_npu2,structured_ir,2,target_execution,blocked,,No validated executor for the emitted target artifact is configured.,0,True,0.0,,
translation,8ddb012acb4526407fe6f664,cuda_tiled_transpose,amd_xdna2_npu2,structured_ir,2,performance,not_requested,,,0,True,0.0,,
translation,8ddb012acb4526407fe6f664,cuda_tiled_transpose,amd_xdna2_npu2,structured_ir,2,oracle_validation,passed,,,0,True,0.01925907700206153,,
translation,8ddb012acb4526407fe6f664,cuda_tiled_transpose,amd_xdna2_npu2,structured_ir,2,design_emission,failed,backend_api,"  File ""/work/candidate/design.py"", line 15
    mlir_code = '''
                ^
SyntaxError: unterminated triple-quoted string literal (detected at line 19)
Traceback (most recent call last):
  File ""/tools/amd_emit.py"", line 8, in <module>
    subprocess.run(['python', 'design.py', '--dev', 'npu2', '--emit-mlir'], cwd=work, stdout=output, check=True)
  File ""/usr/lib/python3.12/subprocess.py"", line 571, in run
    raise CalledProcessError(retcode, process.args,
subprocess.CalledProcessError: Command '['python', 'design.py', '--dev', 'npu2', '--emit-mlir']' returned non-zero exit status 1.
",0,True,0.9665674669959117,,
translation,8ddb012acb4526407fe6f664,cuda_tiled_transpose,amd_xdna2_npu2,structured_ir,2,target_compile,failed,backend_api,"  File ""/work/candidate/design.py"", line 15
    mlir_code = '''
                ^
SyntaxError: unterminated triple-quoted string literal (detected at line 19)
Traceback (most recent call last):
  File ""/tools/amd_emit.py"", line 8, in <module>
    subprocess.run(['python', 'design.py', '--dev', 'npu2', '--emit-mlir'], cwd=work, stdout=output, check=True)
  File ""/usr/lib/python3.12/subprocess.py"", line 571, in run
    raise CalledProcessError(retcode, process.args,
subprocess.CalledProcessError: Command '['python', 'design.py', '--dev', 'npu2', '--emit-mlir']' returned non-zero exit status 1.
",0,True,0.0,,
translation,8ddb012acb4526407fe6f664,cuda_tiled_transpose,amd_xdna2_npu2,structured_ir,2,host_execution,blocked,,,0,True,0.0,,
translation,8ddb012acb4526407fe6f664,cuda_tiled_transpose,amd_xdna2_npu2,structured_ir,2,dataflow_simulation,blocked,,,0,True,0.0,,
translation,8ddb012acb4526407fe6f664,cuda_tiled_transpose,amd_xdna2_npu2,structured_ir,3,model_code,completed,,,7783,True,85.32487842800037,gen-1789633618-ghBAp04WYeZD38Xd4u4Y,0.0057880251
translation,8ddb012acb4526407fe6f664,cuda_tiled_transpose,amd_xdna2_npu2,structured_ir,3,semantic_validation,passed,,IR matches independent oracle on 12 cases; prose metadata is not executable evidence,0,True,0.0,,
translation,8ddb012acb4526407fe6f664,cuda_tiled_transpose,amd_xdna2_npu2,structured_ir,3,target_execution,blocked,,No validated executor for the emitted target artifact is configured.,0,True,0.0,,
translation,8ddb012acb4526407fe6f664,cuda_tiled_transpose,amd_xdna2_npu2,structured_ir,3,performance,not_requested,,,0,True,0.0,,
translation,8ddb012acb4526407fe6f664,cuda_tiled_transpose,amd_xdna2_npu2,structured_ir,3,oracle_validation,passed,,,0,True,0.01795320700330194,,
translation,8ddb012acb4526407fe6f664,cuda_tiled_transpose,amd_xdna2_npu2,structured_ir,3,design_emission,passed,,,0,True,0.8663381869992008,,
translation,8ddb012acb4526407fe6f664,cuda_tiled_transpose,amd_xdna2_npu2,structured_ir,3,target_compile,failed,backend_api,"Traceback (most recent call last):
  File ""/tools/amd_compile.py"", line 93, in <module>
    main()
  File ""/tools/amd_compile.py"", line 26, in main
    module = Module.parse((work / 'design.mlir').read_text())
             ^^^^^^^^^^^^^^^^^^^^^^^^^^^^^^^^^^^^^^^^^^^^^^^^
aie._mlir_libs._mlir.ir.MLIRError: Unable to parse module assembly:
error: ""-"":24:27: expected operation name in quotes
",0,True,1.067031358004897,,
translation,8ddb012acb4526407fe6f664,cuda_tiled_transpose,amd_xdna2_npu2,structured_ir,3,dataflow_frontend,failed,backend_api,"Traceback (most recent call last):
  File ""/tools/amd_parse.py"", line 9, in <module>
    program = parse_mlir(Path('/design/design.mlir').read_text(), sha256(Path('/candidate/kernel.cc')),
              ^^^^^^^^^^^^^^^^^^^^^^^^^^^^^^^^^^^^^^^^^^^^^^^^^^^^^^^^^^^^^^^^^^^^^^^^^^^^^^^^^^^^^^^^^
  File ""/framework/npu_agent/sim/amd_mlir_frontend.py"", line 81, in parse_mlir
    module = Module.parse(text)
             ^^^^^^^^^^^^^^^^^^
aie._mlir_libs._mlir.ir.MLIRError: Unable to parse module assembly:
error: ""-"":24:27: expected operation name in quotes
",0,True,1.0667847950026044,,
translation,8ddb012acb4526407fe6f664,cuda_tiled_transpose,amd_xdna2_npu2,structured_ir,3,host_execution,failed,,"Traceback (most recent call last):
  File ""/tools/amd_parse.py"", line 9, in <module>
    program = parse_mlir(Path('/design/design.mlir').read_text(), sha256(Path('/candidate/kernel.cc')),
              ^^^^^^^^^^^^^^^^^^^^^^^^^^^^^^^^^^^^^^^^^^^^^^^^^^^^^^^^^^^^^^^^^^^^^^^^^^^^^^^^^^^^^^^^^
  File ""/framework/npu_agent/sim/amd_mlir_frontend.py"", line 81, in parse_mlir
    module = Module.parse(text)
             ^^^^^^^^^^^^^^^^^^
aie._mlir_libs._mlir.ir.MLIRError: Unable to parse module assembly:
error: ""-"":24:27: expected operation name in quotes
",0,True,0.0,,
translation,8ddb012acb4526407fe6f664,cuda_tiled_transpose,amd_xdna2_npu2,structured_ir,3,dataflow_simulation,failed,,"Traceback (most recent call last):
  File ""/tools/amd_parse.py"", line 9, in <module>
    program = parse_mlir(Path('/design/design.mlir').read_text(), sha256(Path('/candidate/kernel.cc')),
              ^^^^^^^^^^^^^^^^^^^^^^^^^^^^^^^^^^^^^^^^^^^^^^^^^^^^^^^^^^^^^^^^^^^^^^^^^^^^^^^^^^^^^^^^^
  File ""/framework/npu_agent/sim/amd_mlir_frontend.py"", line 81, in parse_mlir
    module = Module.parse(text)
             ^^^^^^^^^^^^^^^^^^
aie._mlir_libs._mlir.ir.MLIRError: Unable to parse module assembly:
error: ""-"":24:27: expected operation name in quotes
",0,True,0.0,,
translation,8ddb012acb4526407fe6f664,cuda_tiled_transpose,amd_xdna2_npu2,structured_ir,4,model_code,completed,,,9226,True,87.79950142800226,gen-1789633706-VpK9lFSzSdY1z3LskSLe,0.0062335884
translation,8ddb012acb4526407fe6f664,cuda_tiled_transpose,amd_xdna2_npu2,structured_ir,4,semantic_validation,passed,,IR matches independent oracle on 12 cases; prose metadata is not executable evidence,0,True,0.0,,
translation,8ddb012acb4526407fe6f664,cuda_tiled_transpose,amd_xdna2_npu2,structured_ir,4,target_execution,blocked,,No validated executor for the emitted target artifact is configured.,0,True,0.0,,
translation,8ddb012acb4526407fe6f664,cuda_tiled_transpose,amd_xdna2_npu2,structured_ir,4,performance,not_requested,,,0,True,0.0,,
translation,8ddb012acb4526407fe6f664,cuda_tiled_transpose,amd_xdna2_npu2,structured_ir,4,oracle_validation,passed,,,0,True,0.017839878004451748,,
translation,8ddb012acb4526407fe6f664,cuda_tiled_transpose,amd_xdna2_npu2,structured_ir,4,design_emission,passed,,,0,True,1.066756941996573,,
translation,8ddb012acb4526407fe6f664,cuda_tiled_transpose,amd_xdna2_npu2,structured_ir,4,target_compile,failed,backend_api,"Traceback (most recent call last):
  File ""/tools/amd_compile.py"", line 93, in <module>
    main()
  File ""/tools/amd_compile.py"", line 26, in main
    module = Module.parse((work / 'design.mlir').read_text())
             ^^^^^^^^^^^^^^^^^^^^^^^^^^^^^^^^^^^^^^^^^^^^^^^^
aie._mlir_libs._mlir.ir.MLIRError: Unable to parse module assembly:
error: ""-"":5:25: unexpected character
",0,True,1.0166619600058766,,
translation,8ddb012acb4526407fe6f664,cuda_tiled_transpose,amd_xdna2_npu2,structured_ir,4,dataflow_frontend,failed,backend_api,"Traceback (most recent call last):
  File ""/tools/amd_parse.py"", line 9, in <module>
    program = parse_mlir(Path('/design/design.mlir').read_text(), sha256(Path('/candidate/kernel.cc')),
              ^^^^^^^^^^^^^^^^^^^^^^^^^^^^^^^^^^^^^^^^^^^^^^^^^^^^^^^^^^^^^^^^^^^^^^^^^^^^^^^^^^^^^^^^^
  File ""/framework/npu_agent/sim/amd_mlir_frontend.py"", line 81, in parse_mlir
    module = Module.parse(text)
             ^^^^^^^^^^^^^^^^^^
aie._mlir_libs._mlir.ir.MLIRError: Unable to parse module assembly:
error: ""-"":5:25: unexpected character
",0,True,1.0778464910035837,,
translation,8ddb012acb4526407fe6f664,cuda_tiled_transpose,amd_xdna2_npu2,structured_ir,4,host_execution,failed,,"Traceback (most recent call last):
  File ""/tools/amd_parse.py"", line 9, in <module>
    program = parse_mlir(Path('/design/design.mlir').read_text(), sha256(Path('/candidate/kernel.cc')),
              ^^^^^^^^^^^^^^^^^^^^^^^^^^^^^^^^^^^^^^^^^^^^^^^^^^^^^^^^^^^^^^^^^^^^^^^^^^^^^^^^^^^^^^^^^
  File ""/framework/npu_agent/sim/amd_mlir_frontend.py"", line 81, in parse_mlir
    module = Module.parse(text)
             ^^^^^^^^^^^^^^^^^^
aie._mlir_libs._mlir.ir.MLIRError: Unable to parse module assembly:
error: ""-"":5:25: unexpected character
",0,True,0.0,,
translation,8ddb012acb4526407fe6f664,cuda_tiled_transpose,amd_xdna2_npu2,structured_ir,4,dataflow_simulation,failed,,"Traceback (most recent call last):
  File ""/tools/amd_parse.py"", line 9, in <module>
    program = parse_mlir(Path('/design/design.mlir').read_text(), sha256(Path('/candidate/kernel.cc')),
              ^^^^^^^^^^^^^^^^^^^^^^^^^^^^^^^^^^^^^^^^^^^^^^^^^^^^^^^^^^^^^^^^^^^^^^^^^^^^^^^^^^^^^^^^^
  File ""/framework/npu_agent/sim/amd_mlir_frontend.py"", line 81, in parse_mlir
    module = Module.parse(text)
             ^^^^^^^^^^^^^^^^^^
aie._mlir_libs._mlir.ir.MLIRError: Unable to parse module assembly:
error: ""-"":5:25: unexpected character
",0,True,0.0,,
translation,8ddb012acb4526407fe6f664,cuda_tiled_transpose,amd_xdna2_npu2,structured_ir,5,model_code,completed,,,9913,True,103.11680236899701,gen-1789633797-GRSLv0yhzJFPHz5Kaovg,0.0070920369
translation,8ddb012acb4526407fe6f664,cuda_tiled_transpose,amd_xdna2_npu2,structured_ir,5,semantic_validation,passed,,IR matches independent oracle on 12 cases; prose metadata is not executable evidence,0,True,0.0,,
translation,8ddb012acb4526407fe6f664,cuda_tiled_transpose,amd_xdna2_npu2,structured_ir,5,target_execution,blocked,,No validated executor for the emitted target artifact is configured.,0,True,0.0,,
translation,8ddb012acb4526407fe6f664,cuda_tiled_transpose,amd_xdna2_npu2,structured_ir,5,performance,not_requested,,,0,True,0.0,,
translation,8ddb012acb4526407fe6f664,cuda_tiled_transpose,amd_xdna2_npu2,structured_ir,5,oracle_validation,passed,,,0,True,0.01947296799335163,,
translation,8ddb012acb4526407fe6f664,cuda_tiled_transpose,amd_xdna2_npu2,structured_ir,5,design_emission,passed,,,0,True,0.8159160290015279,,
translation,8ddb012acb4526407fe6f664,cuda_tiled_transpose,amd_xdna2_npu2,structured_ir,5,target_compile,failed,backend_api,"Traceback (most recent call last):
  File ""/tools/amd_compile.py"", line 93, in <module>
    main()
  File ""/tools/amd_compile.py"", line 26, in main
    module = Module.parse((work / 'design.mlir').read_text())
             ^^^^^^^^^^^^^^^^^^^^^^^^^^^^^^^^^^^^^^^^^^^^^^^^
aie._mlir_libs._mlir.ir.MLIRError: Unable to parse module assembly:
error: ""-"":3:11: expected '('
",0,True,1.0664258609976969,,
translation,8ddb012acb4526407fe6f664,cuda_tiled_transpose,amd_xdna2_npu2,structured_ir,5,dataflow_frontend,failed,backend_api,"Traceback (most recent call last):
  File ""/tools/amd_parse.py"", line 9, in <module>
    program = parse_mlir(Path('/design/design.mlir').read_text(), sha256(Path('/candidate/kernel.cc')),
              ^^^^^^^^^^^^^^^^^^^^^^^^^^^^^^^^^^^^^^^^^^^^^^^^^^^^^^^^^^^^^^^^^^^^^^^^^^^^^^^^^^^^^^^^^
  File ""/framework/npu_agent/sim/amd_mlir_frontend.py"", line 81, in parse_mlir
    module = Module.parse(text)
             ^^^^^^^^^^^^^^^^^^
aie._mlir_libs._mlir.ir.MLIRError: Unable to parse module assembly:
error: ""-"":3:11: expected '('
",0,True,1.066552275995491,,
translation,8ddb012acb4526407fe6f664,cuda_tiled_transpose,amd_xdna2_npu2,structured_ir,5,host_execution,failed,,"Traceback (most recent call last):
  File ""/tools/amd_parse.py"", line 9, in <module>
    program = parse_mlir(Path('/design/design.mlir').read_text(), sha256(Path('/candidate/kernel.cc')),
              ^^^^^^^^^^^^^^^^^^^^^^^^^^^^^^^^^^^^^^^^^^^^^^^^^^^^^^^^^^^^^^^^^^^^^^^^^^^^^^^^^^^^^^^^^
  File ""/framework/npu_agent/sim/amd_mlir_frontend.py"", line 81, in parse_mlir
    module = Module.parse(text)
             ^^^^^^^^^^^^^^^^^^
aie._mlir_libs._mlir.ir.MLIRError: Unable to parse module assembly:
error: ""-"":3:11: expected '('
",0,True,0.0,,
translation,8ddb012acb4526407fe6f664,cuda_tiled_transpose,amd_xdna2_npu2,structured_ir,5,dataflow_simulation,failed,,"Traceback (most recent call last):
  File ""/tools/amd_parse.py"", line 9, in <module>
    program = parse_mlir(Path('/design/design.mlir').read_text(), sha256(Path('/candidate/kernel.cc')),
              ^^^^^^^^^^^^^^^^^^^^^^^^^^^^^^^^^^^^^^^^^^^^^^^^^^^^^^^^^^^^^^^^^^^^^^^^^^^^^^^^^^^^^^^^^
  File ""/framework/npu_agent/sim/amd_mlir_frontend.py"", line 81, in parse_mlir
    module = Module.parse(text)
             ^^^^^^^^^^^^^^^^^^
aie._mlir_libs._mlir.ir.MLIRError: Unable to parse module assembly:
error: ""-"":3:11: expected '('
",0,True,0.0,,
translation,8ddb012acb4526407fe6f664,cuda_tiled_transpose,amd_xdna2_npu2,structured_ir,6,model_code,completed,,,10269,True,109.6589433620029,gen-1789633903-Suj90jUUvzHnlJ2h6pXM,0.0079557465
translation,8ddb012acb4526407fe6f664,cuda_tiled_transpose,amd_xdna2_npu2,structured_ir,6,semantic_validation,passed,,IR matches independent oracle on 12 cases; prose metadata is not executable evidence,0,True,0.0,,
translation,8ddb012acb4526407fe6f664,cuda_tiled_transpose,amd_xdna2_npu2,structured_ir,6,target_execution,blocked,,No validated executor for the emitted target artifact is configured.,0,True,0.0,,
translation,8ddb012acb4526407fe6f664,cuda_tiled_transpose,amd_xdna2_npu2,structured_ir,6,performance,not_requested,,,0,True,0.0,,
translation,8ddb012acb4526407fe6f664,cuda_tiled_transpose,amd_xdna2_npu2,structured_ir,6,oracle_validation,passed,,,0,True,0.01959222699952079,,
translation,8ddb012acb4526407fe6f664,cuda_tiled_transpose,amd_xdna2_npu2,structured_ir,6,design_emission,passed,,,0,True,0.9165354899960221,,
translation,8ddb012acb4526407fe6f664,cuda_tiled_transpose,amd_xdna2_npu2,structured_ir,6,target_compile,failed,backend_api,"Traceback (most recent call last):
  File ""/tools/amd_compile.py"", line 93, in <module>
    main()
  File ""/tools/amd_compile.py"", line 26, in main
    module = Module.parse((work / 'design.mlir').read_text())
             ^^^^^^^^^^^^^^^^^^^^^^^^^^^^^^^^^^^^^^^^^^^^^^^^
aie._mlir_libs._mlir.ir.MLIRError: Unable to parse module assembly:
error: ""-"":4:29: expected '('
",0,True,1.1170696240005782,,
translation,8ddb012acb4526407fe6f664,cuda_tiled_transpose,amd_xdna2_npu2,structured_ir,6,dataflow_frontend,failed,backend_api,"Traceback (most recent call last):
  File ""/tools/amd_parse.py"", line 9, in <module>
    program = parse_mlir(Path('/design/design.mlir').read_text(), sha256(Path('/candidate/kernel.cc')),
              ^^^^^^^^^^^^^^^^^^^^^^^^^^^^^^^^^^^^^^^^^^^^^^^^^^^^^^^^^^^^^^^^^^^^^^^^^^^^^^^^^^^^^^^^^
  File ""/framework/npu_agent/sim/amd_mlir_frontend.py"", line 81, in parse_mlir
    module = Module.parse(text)
             ^^^^^^^^^^^^^^^^^^
aie._mlir_libs._mlir.ir.MLIRError: Unable to parse module assembly:
error: ""-"":4:29: expected '('
",0,True,1.116871373000322,,
translation,8ddb012acb4526407fe6f664,cuda_tiled_transpose,amd_xdna2_npu2,structured_ir,6,host_execution,failed,,"Traceback (most recent call last):
  File ""/tools/amd_parse.py"", line 9, in <module>
    program = parse_mlir(Path('/design/design.mlir').read_text(), sha256(Path('/candidate/kernel.cc')),
              ^^^^^^^^^^^^^^^^^^^^^^^^^^^^^^^^^^^^^^^^^^^^^^^^^^^^^^^^^^^^^^^^^^^^^^^^^^^^^^^^^^^^^^^^^
  File ""/framework/npu_agent/sim/amd_mlir_frontend.py"", line 81, in parse_mlir
    module = Module.parse(text)
             ^^^^^^^^^^^^^^^^^^
aie._mlir_libs._mlir.ir.MLIRError: Unable to parse module assembly:
error: ""-"":4:29: expected '('
",0,True,0.0,,
translation,8ddb012acb4526407fe6f664,cuda_tiled_transpose,amd_xdna2_npu2,structured_ir,6,dataflow_simulation,failed,,"Traceback (most recent call last):
  File ""/tools/amd_parse.py"", line 9, in <module>
    program = parse_mlir(Path('/design/design.mlir').read_text(), sha256(Path('/candidate/kernel.cc')),
              ^^^^^^^^^^^^^^^^^^^^^^^^^^^^^^^^^^^^^^^^^^^^^^^^^^^^^^^^^^^^^^^^^^^^^^^^^^^^^^^^^^^^^^^^^
  File ""/framework/npu_agent/sim/amd_mlir_frontend.py"", line 81, in parse_mlir
    module = Module.parse(text)
             ^^^^^^^^^^^^^^^^^^
aie._mlir_libs._mlir.ir.MLIRError: Unable to parse module assembly:
error: ""-"":4:29: expected '('
",0,True,0.0,,
translation,8ddb012acb4526407fe6f664,cuda_tiled_transpose,amd_xdna2_npu2,structured_ir,7,model_code,completed,,,8061,True,53.4465833610011,gen-1789634016-wza8pv1rKoUZrROkFF8L,0.0045963489
translation,8ddb012acb4526407fe6f664,cuda_tiled_transpose,amd_xdna2_npu2,structured_ir,7,semantic_validation,passed,,IR matches independent oracle on 12 cases; prose metadata is not executable evidence,0,True,0.0,,
translation,8ddb012acb4526407fe6f664,cuda_tiled_transpose,amd_xdna2_npu2,structured_ir,7,target_execution,blocked,,No validated executor for the emitted target artifact is configured.,0,True,0.0,,
translation,8ddb012acb4526407fe6f664,cuda_tiled_transpose,amd_xdna2_npu2,structured_ir,7,performance,not_requested,,,0,True,0.0,,
translation,8ddb012acb4526407fe6f664,cuda_tiled_transpose,amd_xdna2_npu2,structured_ir,7,oracle_validation,passed,,,0,True,0.019773150997934863,,
translation,8ddb012acb4526407fe6f664,cuda_tiled_transpose,amd_xdna2_npu2,structured_ir,7,design_emission,passed,,,0,True,0.8162185000037425,,
translation,8ddb012acb4526407fe6f664,cuda_tiled_transpose,amd_xdna2_npu2,structured_ir,7,target_compile,failed,backend_api,"Traceback (most recent call last):
  File ""/tools/amd_compile.py"", line 93, in <module>
    main()
  File ""/tools/amd_compile.py"", line 26, in main
    module = Module.parse((work / 'design.mlir').read_text())
             ^^^^^^^^^^^^^^^^^^^^^^^^^^^^^^^^^^^^^^^^^^^^^^^^
aie._mlir_libs._mlir.ir.MLIRError: Unable to parse module assembly:
error: ""-"":4:27: expected '('
",0,True,1.066848973998276,,
translation,8ddb012acb4526407fe6f664,cuda_tiled_transpose,amd_xdna2_npu2,structured_ir,7,dataflow_frontend,failed,backend_api,"Traceback (most recent call last):
  File ""/tools/amd_parse.py"", line 9, in <module>
    program = parse_mlir(Path('/design/design.mlir').read_text(), sha256(Path('/candidate/kernel.cc')),
              ^^^^^^^^^^^^^^^^^^^^^^^^^^^^^^^^^^^^^^^^^^^^^^^^^^^^^^^^^^^^^^^^^^^^^^^^^^^^^^^^^^^^^^^^^
  File ""/framework/npu_agent/sim/amd_mlir_frontend.py"", line 81, in parse_mlir
    module = Module.parse(text)
             ^^^^^^^^^^^^^^^^^^
aie._mlir_libs._mlir.ir.MLIRError: Unable to parse module assembly:
error: ""-"":4:27: expected '('
",0,True,1.3677440180035774,,
translation,8ddb012acb4526407fe6f664,cuda_tiled_transpose,amd_xdna2_npu2,structured_ir,7,host_execution,failed,,"Traceback (most recent call last):
  File ""/tools/amd_parse.py"", line 9, in <module>
    program = parse_mlir(Path('/design/design.mlir').read_text(), sha256(Path('/candidate/kernel.cc')),
              ^^^^^^^^^^^^^^^^^^^^^^^^^^^^^^^^^^^^^^^^^^^^^^^^^^^^^^^^^^^^^^^^^^^^^^^^^^^^^^^^^^^^^^^^^
  File ""/framework/npu_agent/sim/amd_mlir_frontend.py"", line 81, in parse_mlir
    module = Module.parse(text)
             ^^^^^^^^^^^^^^^^^^
aie._mlir_libs._mlir.ir.MLIRError: Unable to parse module assembly:
error: ""-"":4:27: expected '('
",0,True,0.0,,
translation,8ddb012acb4526407fe6f664,cuda_tiled_transpose,amd_xdna2_npu2,structured_ir,7,dataflow_simulation,failed,,"Traceback (most recent call last):
  File ""/tools/amd_parse.py"", line 9, in <module>
    program = parse_mlir(Path('/design/design.mlir').read_text(), sha256(Path('/candidate/kernel.cc')),
              ^^^^^^^^^^^^^^^^^^^^^^^^^^^^^^^^^^^^^^^^^^^^^^^^^^^^^^^^^^^^^^^^^^^^^^^^^^^^^^^^^^^^^^^^^
  File ""/framework/npu_agent/sim/amd_mlir_frontend.py"", line 81, in parse_mlir
    module = Module.parse(text)
             ^^^^^^^^^^^^^^^^^^
aie._mlir_libs._mlir.ir.MLIRError: Unable to parse module assembly:
error: ""-"":4:27: expected '('
",0,True,0.0,,
translation,8ddb012acb4526407fe6f664,cuda_tiled_transpose,amd_xdna2_npu2,structured_ir,8,model_code,completed,,,9243,True,89.17594176700368,gen-1789634073-eITn9d1HwImlpLzUmYR7,0.0063414039
translation,8ddb012acb4526407fe6f664,cuda_tiled_transpose,amd_xdna2_npu2,structured_ir,8,semantic_validation,passed,,IR matches independent oracle on 12 cases; prose metadata is not executable evidence,0,True,0.0,,
translation,8ddb012acb4526407fe6f664,cuda_tiled_transpose,amd_xdna2_npu2,structured_ir,8,target_execution,blocked,,No validated executor for the emitted target artifact is configured.,0,True,0.0,,
translation,8ddb012acb4526407fe6f664,cuda_tiled_transpose,amd_xdna2_npu2,structured_ir,8,performance,not_requested,,,0,True,0.0,,
translation,8ddb012acb4526407fe6f664,cuda_tiled_transpose,amd_xdna2_npu2,structured_ir,8,oracle_validation,passed,,,0,True,0.019776725996052846,,
translation,8ddb012acb4526407fe6f664,cuda_tiled_transpose,amd_xdna2_npu2,structured_ir,8,design_emission,passed,,,0,True,0.8662148340008571,,
translation,8ddb012acb4526407fe6f664,cuda_tiled_transpose,amd_xdna2_npu2,structured_ir,8,target_compile,failed,backend_api,"Traceback (most recent call last):
  File ""/tools/amd_compile.py"", line 93, in <module>
    main()
  File ""/tools/amd_compile.py"", line 26, in main
    module = Module.parse((work / 'design.mlir').read_text())
             ^^^^^^^^^^^^^^^^^^^^^^^^^^^^^^^^^^^^^^^^^^^^^^^^
aie._mlir_libs._mlir.ir.MLIRError: Unable to parse module assembly:
error: ""-"":4:27: expected '('
",0,True,1.1672889359979308,,
translation,8ddb012acb4526407fe6f664,cuda_tiled_transpose,amd_xdna2_npu2,structured_ir,8,dataflow_frontend,failed,backend_api,"Traceback (most recent call last):
  File ""/tools/amd_parse.py"", line 9, in <module>
    program = parse_mlir(Path('/design/design.mlir').read_text(), sha256(Path('/candidate/kernel.cc')),
              ^^^^^^^^^^^^^^^^^^^^^^^^^^^^^^^^^^^^^^^^^^^^^^^^^^^^^^^^^^^^^^^^^^^^^^^^^^^^^^^^^^^^^^^^^
  File ""/framework/npu_agent/sim/amd_mlir_frontend.py"", line 81, in parse_mlir
    module = Module.parse(text)
             ^^^^^^^^^^^^^^^^^^
aie._mlir_libs._mlir.ir.MLIRError: Unable to parse module assembly:
error: ""-"":4:27: expected '('
",0,True,1.0670371119995252,,
translation,8ddb012acb4526407fe6f664,cuda_tiled_transpose,amd_xdna2_npu2,structured_ir,8,host_execution,failed,,"Traceback (most recent call last):
  File ""/tools/amd_parse.py"", line 9, in <module>
    program = parse_mlir(Path('/design/design.mlir').read_text(), sha256(Path('/candidate/kernel.cc')),
              ^^^^^^^^^^^^^^^^^^^^^^^^^^^^^^^^^^^^^^^^^^^^^^^^^^^^^^^^^^^^^^^^^^^^^^^^^^^^^^^^^^^^^^^^^
  File ""/framework/npu_agent/sim/amd_mlir_frontend.py"", line 81, in parse_mlir
    module = Module.parse(text)
             ^^^^^^^^^^^^^^^^^^
aie._mlir_libs._mlir.ir.MLIRError: Unable to parse module assembly:
error: ""-"":4:27: expected '('
",0,True,0.0,,
translation,8ddb012acb4526407fe6f664,cuda_tiled_transpose,amd_xdna2_npu2,structured_ir,8,dataflow_simulation,failed,,"Traceback (most recent call last):
  File ""/tools/amd_parse.py"", line 9, in <module>
    program = parse_mlir(Path('/design/design.mlir').read_text(), sha256(Path('/candidate/kernel.cc')),
              ^^^^^^^^^^^^^^^^^^^^^^^^^^^^^^^^^^^^^^^^^^^^^^^^^^^^^^^^^^^^^^^^^^^^^^^^^^^^^^^^^^^^^^^^^
  File ""/framework/npu_agent/sim/amd_mlir_frontend.py"", line 81, in parse_mlir
    module = Module.parse(text)
             ^^^^^^^^^^^^^^^^^^
aie._mlir_libs._mlir.ir.MLIRError: Unable to parse module assembly:
error: ""-"":4:27: expected '('
",0,True,0.0,,
translation,8ddb012acb4526407fe6f664,cuda_tiled_transpose,amd_xdna2_npu2,structured_ir,9,model_code,completed,,,7088,True,49.579647204998764,gen-1789634165-dbTTAqoLbyz8tIWyBrvK,0.0040024374
translation,8ddb012acb4526407fe6f664,cuda_tiled_transpose,amd_xdna2_npu2,structured_ir,9,semantic_validation,passed,,IR matches independent oracle on 12 cases; prose metadata is not executable evidence,0,True,0.0,,
translation,8ddb012acb4526407fe6f664,cuda_tiled_transpose,amd_xdna2_npu2,structured_ir,9,target_execution,blocked,,No validated executor for the emitted target artifact is configured.,0,True,0.0,,
translation,8ddb012acb4526407fe6f664,cuda_tiled_transpose,amd_xdna2_npu2,structured_ir,9,performance,not_requested,,,0,True,0.0,,
translation,8ddb012acb4526407fe6f664,cuda_tiled_transpose,amd_xdna2_npu2,structured_ir,9,oracle_validation,passed,,,0,True,0.01933161399938399,,
translation,8ddb012acb4526407fe6f664,cuda_tiled_transpose,amd_xdna2_npu2,structured_ir,9,design_emission,passed,,,0,True,0.9164092950013583,,
translation,8ddb012acb4526407fe6f664,cuda_tiled_transpose,amd_xdna2_npu2,structured_ir,9,target_compile,failed,backend_api,"Traceback (most recent call last):
  File ""/tools/amd_compile.py"", line 93, in <module>
    main()
  File ""/tools/amd_compile.py"", line 26, in main
    module = Module.parse((work / 'design.mlir').read_text())
             ^^^^^^^^^^^^^^^^^^^^^^^^^^^^^^^^^^^^^^^^^^^^^^^^
aie._mlir_libs._mlir.ir.MLIRError: Unable to parse module assembly:
error: ""-"":4:27: expected '('
",0,True,1.1674660939970636,,
translation,8ddb012acb4526407fe6f664,cuda_tiled_transpose,amd_xdna2_npu2,structured_ir,9,dataflow_frontend,failed,backend_api,"Traceback (most recent call last):
  File ""/tools/amd_parse.py"", line 9, in <module>
    program = parse_mlir(Path('/design/design.mlir').read_text(), sha256(Path('/candidate/kernel.cc')),
              ^^^^^^^^^^^^^^^^^^^^^^^^^^^^^^^^^^^^^^^^^^^^^^^^^^^^^^^^^^^^^^^^^^^^^^^^^^^^^^^^^^^^^^^^^
  File ""/framework/npu_agent/sim/amd_mlir_frontend.py"", line 81, in parse_mlir
    module = Module.parse(text)
             ^^^^^^^^^^^^^^^^^^
aie._mlir_libs._mlir.ir.MLIRError: Unable to parse module assembly:
error: ""-"":4:27: expected '('
",0,True,1.1170600589975948,,
translation,8ddb012acb4526407fe6f664,cuda_tiled_transpose,amd_xdna2_npu2,structured_ir,9,host_execution,failed,,"Traceback (most recent call last):
  File ""/tools/amd_parse.py"", line 9, in <module>
    program = parse_mlir(Path('/design/design.mlir').read_text(), sha256(Path('/candidate/kernel.cc')),
              ^^^^^^^^^^^^^^^^^^^^^^^^^^^^^^^^^^^^^^^^^^^^^^^^^^^^^^^^^^^^^^^^^^^^^^^^^^^^^^^^^^^^^^^^^
  File ""/framework/npu_agent/sim/amd_mlir_frontend.py"", line 81, in parse_mlir
    module = Module.parse(text)
             ^^^^^^^^^^^^^^^^^^
aie._mlir_libs._mlir.ir.MLIRError: Unable to parse module assembly:
error: ""-"":4:27: expected '('
",0,True,0.0,,
translation,8ddb012acb4526407fe6f664,cuda_tiled_transpose,amd_xdna2_npu2,structured_ir,9,dataflow_simulation,failed,,"Traceback (most recent call last):
  File ""/tools/amd_parse.py"", line 9, in <module>
    program = parse_mlir(Path('/design/design.mlir').read_text(), sha256(Path('/candidate/kernel.cc')),
              ^^^^^^^^^^^^^^^^^^^^^^^^^^^^^^^^^^^^^^^^^^^^^^^^^^^^^^^^^^^^^^^^^^^^^^^^^^^^^^^^^^^^^^^^^
  File ""/framework/npu_agent/sim/amd_mlir_frontend.py"", line 81, in parse_mlir
    module = Module.parse(text)
             ^^^^^^^^^^^^^^^^^^
aie._mlir_libs._mlir.ir.MLIRError: Unable to parse module assembly:
error: ""-"":4:27: expected '('
",0,True,0.0,,
translation,8ddb012acb4526407fe6f664,cuda_tiled_transpose,amd_xdna2_npu2,structured_ir,10,model_code,completed,,,9226,True,101.22628402199916,gen-1789634218-pqzzHbfLGVC2WzdGer3O,0.0063914214
translation,8ddb012acb4526407fe6f664,cuda_tiled_transpose,amd_xdna2_npu2,structured_ir,10,semantic_validation,passed,,IR matches independent oracle on 12 cases; prose metadata is not executable evidence,0,True,0.0,,
translation,8ddb012acb4526407fe6f664,cuda_tiled_transpose,amd_xdna2_npu2,structured_ir,10,target_execution,blocked,,No validated executor for the emitted target artifact is configured.,0,True,0.0,,
translation,8ddb012acb4526407fe6f664,cuda_tiled_transpose,amd_xdna2_npu2,structured_ir,10,performance,not_requested,,,0,True,0.0,,
translation,8ddb012acb4526407fe6f664,cuda_tiled_transpose,amd_xdna2_npu2,structured_ir,10,oracle_validation,passed,,,0,True,0.019313133001560345,,
translation,8ddb012acb4526407fe6f664,cuda_tiled_transpose,amd_xdna2_npu2,structured_ir,10,design_emission,passed,,,0,True,0.8157380479970016,,
translation,8ddb012acb4526407fe6f664,cuda_tiled_transpose,amd_xdna2_npu2,structured_ir,10,target_compile,failed,backend_api,"Traceback (most recent call last):
  File ""/tools/amd_compile.py"", line 93, in <module>
    main()
  File ""/tools/amd_compile.py"", line 26, in main
    module = Module.parse((work / 'design.mlir').read_text())
             ^^^^^^^^^^^^^^^^^^^^^^^^^^^^^^^^^^^^^^^^^^^^^^^^
aie._mlir_libs._mlir.ir.MLIRError: Unable to parse module assembly:
error: ""-"":3:3: custom op 'aie.memory' is unknown
",0,True,1.066395226996974,,
translation,8ddb012acb4526407fe6f664,cuda_tiled_transpose,amd_xdna2_npu2,structured_ir,10,dataflow_frontend,failed,backend_api,"Traceback (most recent call last):
  File ""/tools/amd_parse.py"", line 9, in <module>
    program = parse_mlir(Path('/design/design.mlir').read_text(), sha256(Path('/candidate/kernel.cc')),
              ^^^^^^^^^^^^^^^^^^^^^^^^^^^^^^^^^^^^^^^^^^^^^^^^^^^^^^^^^^^^^^^^^^^^^^^^^^^^^^^^^^^^^^^^^
  File ""/framework/npu_agent/sim/amd_mlir_frontend.py"", line 81, in parse_mlir
    module = Module.parse(text)
             ^^^^^^^^^^^^^^^^^^
aie._mlir_libs._mlir.ir.MLIRError: Unable to parse module assembly:
error: ""-"":3:3: custom op 'aie.memory' is unknown
",0,True,0.9664798739977414,,
translation,8ddb012acb4526407fe6f664,cuda_tiled_transpose,amd_xdna2_npu2,structured_ir,10,host_execution,failed,,"Traceback (most recent call last):
  File ""/tools/amd_parse.py"", line 9, in <module>
    program = parse_mlir(Path('/design/design.mlir').read_text(), sha256(Path('/candidate/kernel.cc')),
              ^^^^^^^^^^^^^^^^^^^^^^^^^^^^^^^^^^^^^^^^^^^^^^^^^^^^^^^^^^^^^^^^^^^^^^^^^^^^^^^^^^^^^^^^^
  File ""/framework/npu_agent/sim/amd_mlir_frontend.py"", line 81, in parse_mlir
    module = Module.parse(text)
             ^^^^^^^^^^^^^^^^^^
aie._mlir_libs._mlir.ir.MLIRError: Unable to parse module assembly:
error: ""-"":3:3: custom op 'aie.memory' is unknown
",0,True,0.0,,
translation,8ddb012acb4526407fe6f664,cuda_tiled_transpose,amd_xdna2_npu2,structured_ir,10,dataflow_simulation,failed,,"Traceback (most recent call last):
  File ""/tools/amd_parse.py"", line 9, in <module>
    program = parse_mlir(Path('/design/design.mlir').read_text(), sha256(Path('/candidate/kernel.cc')),
              ^^^^^^^^^^^^^^^^^^^^^^^^^^^^^^^^^^^^^^^^^^^^^^^^^^^^^^^^^^^^^^^^^^^^^^^^^^^^^^^^^^^^^^^^^
  File ""/framework/npu_agent/sim/amd_mlir_frontend.py"", line 81, in parse_mlir
    module = Module.parse(text)
             ^^^^^^^^^^^^^^^^^^
aie._mlir_libs._mlir.ir.MLIRError: Unable to parse module assembly:
error: ""-"":3:3: custom op 'aie.memory' is unknown
",0,True,0.0,,
translation,3cf80ea034a0f50733e36d52,triton_layer_norm,amd_xdna2_npu2,direct,1,model_code,completed,,,17000,True,279.0993929700053,gen-1789634322-safzBl9zbC4heOZ2xkiO,0.018181917
translation,3cf80ea034a0f50733e36d52,triton_layer_norm,amd_xdna2_npu2,direct,1,target_execution,blocked,,No validated executor for the emitted target artifact is configured.,0,True,0.0,,
translation,3cf80ea034a0f50733e36d52,triton_layer_norm,amd_xdna2_npu2,direct,1,performance,not_requested,,,0,True,0.0,,
translation,3cf80ea034a0f50733e36d52,triton_layer_norm,amd_xdna2_npu2,direct,1,oracle_validation,passed,,,0,True,0.004464067998924293,,
translation,3cf80ea034a0f50733e36d52,triton_layer_norm,amd_xdna2_npu2,direct,1,design_emission,failed,backend_api,"  File ""/work/candidate/design.py"", line 144
    '''
    ^
SyntaxError: unterminated triple-quoted string literal (detected at line 155)
Traceback (most recent call last):
  File ""/tools/amd_emit.py"", line 8, in <module>
    subprocess.run(['python', 'design.py', '--dev', 'npu2', '--emit-mlir'], cwd=work, stdout=output, check=True)
  File ""/usr/lib/python3.12/subprocess.py"", line 571, in run
    raise CalledProcessError(retcode, process.args,
subprocess.CalledProcessError: Command '['python', 'design.py', '--dev', 'npu2', '--emit-mlir']' returned non-zero exit status 1.
",0,True,0.8661955819989089,,
translation,3cf80ea034a0f50733e36d52,triton_layer_norm,amd_xdna2_npu2,direct,1,target_compile,failed,backend_api,"  File ""/work/candidate/design.py"", line 144
    '''
    ^
SyntaxError: unterminated triple-quoted string literal (detected at line 155)
Traceback (most recent call last):
  File ""/tools/amd_emit.py"", line 8, in <module>
    subprocess.run(['python', 'design.py', '--dev', 'npu2', '--emit-mlir'], cwd=work, stdout=output, check=True)
  File ""/usr/lib/python3.12/subprocess.py"", line 571, in run
    raise CalledProcessError(retcode, process.args,
subprocess.CalledProcessError: Command '['python', 'design.py', '--dev', 'npu2', '--emit-mlir']' returned non-zero exit status 1.
",0,True,0.0,,
translation,3cf80ea034a0f50733e36d52,triton_layer_norm,amd_xdna2_npu2,direct,1,host_execution,blocked,,,0,True,0.0,,
translation,3cf80ea034a0f50733e36d52,triton_layer_norm,amd_xdna2_npu2,direct,1,dataflow_simulation,blocked,,,0,True,0.0,,
translation,3cf80ea034a0f50733e36d52,triton_layer_norm,amd_xdna2_npu2,direct,2,model_code,completed,,,10167,True,84.3591740779957,gen-1789634602-vfrpzMIvb9vbZ3cSrID6,0.0070521711
translation,3cf80ea034a0f50733e36d52,triton_layer_norm,amd_xdna2_npu2,direct,2,target_execution,blocked,,No validated executor for the emitted target artifact is configured.,0,True,0.0,,
translation,3cf80ea034a0f50733e36d52,triton_layer_norm,amd_xdna2_npu2,direct,2,performance,not_requested,,,0,True,0.0,,
translation,3cf80ea034a0f50733e36d52,triton_layer_norm,amd_xdna2_npu2,direct,2,oracle_validation,passed,,,0,True,0.004254264000337571,,
translation,3cf80ea034a0f50733e36d52,triton_layer_norm,amd_xdna2_npu2,direct,2,design_emission,passed,,,0,True,0.866205849997641,,
translation,3cf80ea034a0f50733e36d52,triton_layer_norm,amd_xdna2_npu2,direct,2,target_compile,failed,backend_api,"Traceback (most recent call last):
  File ""/tools/amd_compile.py"", line 93, in <module>
    main()
  File ""/tools/amd_compile.py"", line 26, in main
    module = Module.parse((work / 'design.mlir').read_text())
             ^^^^^^^^^^^^^^^^^^^^^^^^^^^^^^^^^^^^^^^^^^^^^^^^
aie._mlir_libs._mlir.ir.MLIRError: Unable to parse module assembly:
error: ""-"":8:17: custom op 'aie.objectfifo.create' is unknown
",0,True,1.0669415429947549,,
translation,3cf80ea034a0f50733e36d52,triton_layer_norm,amd_xdna2_npu2,direct,2,dataflow_frontend,failed,backend_api,"Traceback (most recent call last):
  File ""/tools/amd_parse.py"", line 9, in <module>
    program = parse_mlir(Path('/design/design.mlir').read_text(), sha256(Path('/candidate/kernel.cc')),
              ^^^^^^^^^^^^^^^^^^^^^^^^^^^^^^^^^^^^^^^^^^^^^^^^^^^^^^^^^^^^^^^^^^^^^^^^^^^^^^^^^^^^^^^^^
  File ""/framework/npu_agent/sim/amd_mlir_frontend.py"", line 81, in parse_mlir
    module = Module.parse(text)
             ^^^^^^^^^^^^^^^^^^
aie._mlir_libs._mlir.ir.MLIRError: Unable to parse module assembly:
error: ""-"":8:17: custom op 'aie.objectfifo.create' is unknown
",0,True,1.016940171000897,,
translation,3cf80ea034a0f50733e36d52,triton_layer_norm,amd_xdna2_npu2,direct,2,host_execution,failed,,"Traceback (most recent call last):
  File ""/tools/amd_parse.py"", line 9, in <module>
    program = parse_mlir(Path('/design/design.mlir').read_text(), sha256(Path('/candidate/kernel.cc')),
              ^^^^^^^^^^^^^^^^^^^^^^^^^^^^^^^^^^^^^^^^^^^^^^^^^^^^^^^^^^^^^^^^^^^^^^^^^^^^^^^^^^^^^^^^^
  File ""/framework/npu_agent/sim/amd_mlir_frontend.py"", line 81, in parse_mlir
    module = Module.parse(text)
             ^^^^^^^^^^^^^^^^^^
aie._mlir_libs._mlir.ir.MLIRError: Unable to parse module assembly:
error: ""-"":8:17: custom op 'aie.objectfifo.create' is unknown
",0,True,0.0,,
translation,3cf80ea034a0f50733e36d52,triton_layer_norm,amd_xdna2_npu2,direct,2,dataflow_simulation,failed,,"Traceback (most recent call last):
  File ""/tools/amd_parse.py"", line 9, in <module>
    program = parse_mlir(Path('/design/design.mlir').read_text(), sha256(Path('/candidate/kernel.cc')),
              ^^^^^^^^^^^^^^^^^^^^^^^^^^^^^^^^^^^^^^^^^^^^^^^^^^^^^^^^^^^^^^^^^^^^^^^^^^^^^^^^^^^^^^^^^
  File ""/framework/npu_agent/sim/amd_mlir_frontend.py"", line 81, in parse_mlir
    module = Module.parse(text)
             ^^^^^^^^^^^^^^^^^^
aie._mlir_libs._mlir.ir.MLIRError: Unable to parse module assembly:
error: ""-"":8:17: custom op 'aie.objectfifo.create' is unknown
",0,True,0.0,,
translation,3cf80ea034a0f50733e36d52,triton_layer_norm,amd_xdna2_npu2,direct,3,model_code,completed,,,12141,True,112.7875419290067,gen-1789634690-NS5nm5g1Tx5WClvoDftF,0.0090198225
translation,3cf80ea034a0f50733e36d52,triton_layer_norm,amd_xdna2_npu2,direct,3,target_execution,blocked,,No validated executor for the emitted target artifact is configured.,0,True,0.0,,
translation,3cf80ea034a0f50733e36d52,triton_layer_norm,amd_xdna2_npu2,direct,3,performance,not_requested,,,0,True,0.0,,
translation,3cf80ea034a0f50733e36d52,triton_layer_norm,amd_xdna2_npu2,direct,3,oracle_validation,passed,,,0,True,0.004213501000776887,,
translation,3cf80ea034a0f50733e36d52,triton_layer_norm,amd_xdna2_npu2,direct,3,design_emission,passed,,,0,True,0.9162196360048256,,
translation,3cf80ea034a0f50733e36d52,triton_layer_norm,amd_xdna2_npu2,direct,3,target_compile,failed,backend_api,"Traceback (most recent call last):
  File ""/tools/amd_compile.py"", line 93, in <module>
    main()
  File ""/tools/amd_compile.py"", line 26, in main
    module = Module.parse((work / 'design.mlir').read_text())
             ^^^^^^^^^^^^^^^^^^^^^^^^^^^^^^^^^^^^^^^^^^^^^^^^
aie._mlir_libs._mlir.ir.MLIRError: Unable to parse module assembly:
error: ""-"":10:13: expected '('
",0,True,1.066739668000082,,
translation,3cf80ea034a0f50733e36d52,triton_layer_norm,amd_xdna2_npu2,direct,3,dataflow_frontend,failed,backend_api,"Traceback (most recent call last):
  File ""/tools/amd_parse.py"", line 9, in <module>
    program = parse_mlir(Path('/design/design.mlir').read_text(), sha256(Path('/candidate/kernel.cc')),
              ^^^^^^^^^^^^^^^^^^^^^^^^^^^^^^^^^^^^^^^^^^^^^^^^^^^^^^^^^^^^^^^^^^^^^^^^^^^^^^^^^^^^^^^^^
  File ""/framework/npu_agent/sim/amd_mlir_frontend.py"", line 81, in parse_mlir
    module = Module.parse(text)
             ^^^^^^^^^^^^^^^^^^
aie._mlir_libs._mlir.ir.MLIRError: Unable to parse module assembly:
error: ""-"":10:13: expected '('
",0,True,0.9664669959965977,,
translation,3cf80ea034a0f50733e36d52,triton_layer_norm,amd_xdna2_npu2,direct,3,host_execution,failed,,"Traceback (most recent call last):
  File ""/tools/amd_parse.py"", line 9, in <module>
    program = parse_mlir(Path('/design/design.mlir').read_text(), sha256(Path('/candidate/kernel.cc')),
              ^^^^^^^^^^^^^^^^^^^^^^^^^^^^^^^^^^^^^^^^^^^^^^^^^^^^^^^^^^^^^^^^^^^^^^^^^^^^^^^^^^^^^^^^^
  File ""/framework/npu_agent/sim/amd_mlir_frontend.py"", line 81, in parse_mlir
    module = Module.parse(text)
             ^^^^^^^^^^^^^^^^^^
aie._mlir_libs._mlir.ir.MLIRError: Unable to parse module assembly:
error: ""-"":10:13: expected '('
",0,True,0.0,,
translation,3cf80ea034a0f50733e36d52,triton_layer_norm,amd_xdna2_npu2,direct,3,dataflow_simulation,failed,,"Traceback (most recent call last):
  File ""/tools/amd_parse.py"", line 9, in <module>
    program = parse_mlir(Path('/design/design.mlir').read_text(), sha256(Path('/candidate/kernel.cc')),
              ^^^^^^^^^^^^^^^^^^^^^^^^^^^^^^^^^^^^^^^^^^^^^^^^^^^^^^^^^^^^^^^^^^^^^^^^^^^^^^^^^^^^^^^^^
  File ""/framework/npu_agent/sim/amd_mlir_frontend.py"", line 81, in parse_mlir
    module = Module.parse(text)
             ^^^^^^^^^^^^^^^^^^
aie._mlir_libs._mlir.ir.MLIRError: Unable to parse module assembly:
error: ""-"":10:13: expected '('
",0,True,0.0,,
translation,3cf80ea034a0f50733e36d52,triton_layer_norm,amd_xdna2_npu2,direct,4,model_code,completed,,,6771,True,40.42357284200261,gen-1789634806-LoESGlgOiIA2krq2UWPW,0.0040617915
translation,3cf80ea034a0f50733e36d52,triton_layer_norm,amd_xdna2_npu2,direct,4,target_execution,blocked,,No validated executor for the emitted target artifact is configured.,0,True,0.0,,
translation,3cf80ea034a0f50733e36d52,triton_layer_norm,amd_xdna2_npu2,direct,4,performance,not_requested,,,0,True,0.0,,
translation,3cf80ea034a0f50733e36d52,triton_layer_norm,amd_xdna2_npu2,direct,4,oracle_validation,passed,,,0,True,0.004357820005679969,,
translation,3cf80ea034a0f50733e36d52,triton_layer_norm,amd_xdna2_npu2,direct,4,design_emission,passed,,,0,True,0.8665980439982377,,
translation,3cf80ea034a0f50733e36d52,triton_layer_norm,amd_xdna2_npu2,direct,4,target_compile,failed,backend_api,"missing, empty, or unsafe artifact: design.mlir",0,True,0.0,,
translation,3cf80ea034a0f50733e36d52,triton_layer_norm,amd_xdna2_npu2,direct,4,host_execution,blocked,,,0,True,0.0,,
translation,3cf80ea034a0f50733e36d52,triton_layer_norm,amd_xdna2_npu2,direct,4,dataflow_simulation,blocked,,,0,True,0.0,,
translation,3cf80ea034a0f50733e36d52,triton_layer_norm,amd_xdna2_npu2,direct,5,model_code,completed,,,10354,True,171.22404907800228,gen-1789634847-SmbFGSmWat3O04rpjAFl,0.0103803726
translation,3cf80ea034a0f50733e36d52,triton_layer_norm,amd_xdna2_npu2,direct,5,target_execution,blocked,,No validated executor for the emitted target artifact is configured.,0,True,0.0,,
translation,3cf80ea034a0f50733e36d52,triton_layer_norm,amd_xdna2_npu2,direct,5,performance,not_requested,,,0,True,0.0,,
translation,3cf80ea034a0f50733e36d52,triton_layer_norm,amd_xdna2_npu2,direct,5,oracle_validation,passed,,,0,True,0.004319572995882481,,
translation,3cf80ea034a0f50733e36d52,triton_layer_norm,amd_xdna2_npu2,direct,5,design_emission,failed,backend_api,"  File ""/work/candidate/design.py"", line 161
    %mean = arith.divf %sum, %c{N cast to f32} : f32
                                ^^^^^^
SyntaxError: invalid syntax. Perhaps you forgot a comma?
Traceback (most recent call last):
  File ""/tools/amd_emit.py"", line 8, in <module>
    subprocess.run(['python', 'design.py', '--dev', 'npu2', '--emit-mlir'], cwd=work, stdout=output, check=True)
  File ""/usr/lib/python3.12/subprocess.py"", line 571, in run
    raise CalledProcessError(retcode, process.args,
subprocess.CalledProcessError: Command '['python', 'design.py', '--dev', 'npu2', '--emit-mlir']' returned non-zero exit status 1.
",0,True,1.0671408339985646,,
translation,3cf80ea034a0f50733e36d52,triton_layer_norm,amd_xdna2_npu2,direct,5,target_compile,failed,backend_api,"  File ""/work/candidate/design.py"", line 161
    %mean = arith.divf %sum, %c{N cast to f32} : f32
                                ^^^^^^
SyntaxError: invalid syntax. Perhaps you forgot a comma?
Traceback (most recent call last):
  File ""/tools/amd_emit.py"", line 8, in <module>
    subprocess.run(['python', 'design.py', '--dev', 'npu2', '--emit-mlir'], cwd=work, stdout=output, check=True)
  File ""/usr/lib/python3.12/subprocess.py"", line 571, in run
    raise CalledProcessError(retcode, process.args,
subprocess.CalledProcessError: Command '['python', 'design.py', '--dev', 'npu2', '--emit-mlir']' returned non-zero exit status 1.
",0,True,0.0,,
translation,3cf80ea034a0f50733e36d52,triton_layer_norm,amd_xdna2_npu2,direct,5,host_execution,blocked,,,0,True,0.0,,
translation,3cf80ea034a0f50733e36d52,triton_layer_norm,amd_xdna2_npu2,direct,5,dataflow_simulation,blocked,,,0,True,0.0,,
translation,3cf80ea034a0f50733e36d52,triton_layer_norm,amd_xdna2_npu2,direct,6,model_code,completed,,,9327,True,64.44555190299434,gen-1789635019-cPWIhTXQIVwL6Nq9L7aZ,0.0058243341
translation,3cf80ea034a0f50733e36d52,triton_layer_norm,amd_xdna2_npu2,direct,6,target_execution,blocked,,No validated executor for the emitted target artifact is configured.,0,True,0.0,,
translation,3cf80ea034a0f50733e36d52,triton_layer_norm,amd_xdna2_npu2,direct,6,performance,not_requested,,,0,True,0.0,,
translation,3cf80ea034a0f50733e36d52,triton_layer_norm,amd_xdna2_npu2,direct,6,oracle_validation,passed,,,0,True,0.004237233006278984,,
translation,3cf80ea034a0f50733e36d52,triton_layer_norm,amd_xdna2_npu2,direct,6,design_emission,passed,,,0,True,0.8662531679947278,,
translation,3cf80ea034a0f50733e36d52,triton_layer_norm,amd_xdna2_npu2,direct,6,target_compile,failed,backend_api,"Traceback (most recent call last):
  File ""/tools/amd_compile.py"", line 93, in <module>
    main()
  File ""/tools/amd_compile.py"", line 26, in main
    module = Module.parse((work / 'design.mlir').read_text())
             ^^^^^^^^^^^^^^^^^^^^^^^^^^^^^^^^^^^^^^^^^^^^^^^^
aie._mlir_libs._mlir.ir.MLIRError: Unable to parse module assembly:
error: ""-"":2:9: expected operation name in quotes
",0,True,1.3683798799975193,,
translation,3cf80ea034a0f50733e36d52,triton_layer_norm,amd_xdna2_npu2,direct,6,dataflow_frontend,failed,backend_api,"Traceback (most recent call last):
  File ""/tools/amd_parse.py"", line 9, in <module>
    program = parse_mlir(Path('/design/design.mlir').read_text(), sha256(Path('/candidate/kernel.cc')),
              ^^^^^^^^^^^^^^^^^^^^^^^^^^^^^^^^^^^^^^^^^^^^^^^^^^^^^^^^^^^^^^^^^^^^^^^^^^^^^^^^^^^^^^^^^
  File ""/framework/npu_agent/sim/amd_mlir_frontend.py"", line 81, in parse_mlir
    module = Module.parse(text)
             ^^^^^^^^^^^^^^^^^^
aie._mlir_libs._mlir.ir.MLIRError: Unable to parse module assembly:
error: ""-"":2:9: expected operation name in quotes
",0,True,1.017097616000683,,
translation,3cf80ea034a0f50733e36d52,triton_layer_norm,amd_xdna2_npu2,direct,6,host_execution,failed,,"Traceback (most recent call last):
  File ""/tools/amd_parse.py"", line 9, in <module>
    program = parse_mlir(Path('/design/design.mlir').read_text(), sha256(Path('/candidate/kernel.cc')),
              ^^^^^^^^^^^^^^^^^^^^^^^^^^^^^^^^^^^^^^^^^^^^^^^^^^^^^^^^^^^^^^^^^^^^^^^^^^^^^^^^^^^^^^^^^
  File ""/framework/npu_agent/sim/amd_mlir_frontend.py"", line 81, in parse_mlir
    module = Module.parse(text)
             ^^^^^^^^^^^^^^^^^^
aie._mlir_libs._mlir.ir.MLIRError: Unable to parse module assembly:
error: ""-"":2:9: expected operation name in quotes
",0,True,0.0,,
translation,3cf80ea034a0f50733e36d52,triton_layer_norm,amd_xdna2_npu2,direct,6,dataflow_simulation,failed,,"Traceback (most recent call last):
  File ""/tools/amd_parse.py"", line 9, in <module>
    program = parse_mlir(Path('/design/design.mlir').read_text(), sha256(Path('/candidate/kernel.cc')),
              ^^^^^^^^^^^^^^^^^^^^^^^^^^^^^^^^^^^^^^^^^^^^^^^^^^^^^^^^^^^^^^^^^^^^^^^^^^^^^^^^^^^^^^^^^
  File ""/framework/npu_agent/sim/amd_mlir_frontend.py"", line 81, in parse_mlir
    module = Module.parse(text)
             ^^^^^^^^^^^^^^^^^^
aie._mlir_libs._mlir.ir.MLIRError: Unable to parse module assembly:
error: ""-"":2:9: expected operation name in quotes
",0,True,0.0,,
translation,3cf80ea034a0f50733e36d52,triton_layer_norm,amd_xdna2_npu2,direct,7,model_code,completed,,,8651,True,56.681516638003814,gen-1789635087-vzH9iHJmvRxeeugNqHHT,0.0053040039
translation,3cf80ea034a0f50733e36d52,triton_layer_norm,amd_xdna2_npu2,direct,7,target_execution,blocked,,No validated executor for the emitted target artifact is configured.,0,True,0.0,,
translation,3cf80ea034a0f50733e36d52,triton_layer_norm,amd_xdna2_npu2,direct,7,performance,not_requested,,,0,True,0.0,,
translation,3cf80ea034a0f50733e36d52,triton_layer_norm,amd_xdna2_npu2,direct,7,oracle_validation,passed,,,0,True,0.004547721000562888,,
translation,3cf80ea034a0f50733e36d52,triton_layer_norm,amd_xdna2_npu2,direct,7,design_emission,passed,,,0,True,0.9164115009989473,,
translation,3cf80ea034a0f50733e36d52,triton_layer_norm,amd_xdna2_npu2,direct,7,target_compile,failed,backend_api,"Traceback (most recent call last):
  File ""/tools/amd_compile.py"", line 93, in <module>
    main()
  File ""/tools/amd_compile.py"", line 26, in main
    module = Module.parse((work / 'design.mlir').read_text())
             ^^^^^^^^^^^^^^^^^^^^^^^^^^^^^^^^^^^^^^^^^^^^^^^^
aie._mlir_libs._mlir.ir.MLIRError: Unable to parse module assembly:
error: ""-"":3:13: expected '('
",0,True,1.0166889280008036,,
translation,3cf80ea034a0f50733e36d52,triton_layer_norm,amd_xdna2_npu2,direct,7,dataflow_frontend,failed,backend_api,"Traceback (most recent call last):
  File ""/tools/amd_parse.py"", line 9, in <module>
    program = parse_mlir(Path('/design/design.mlir').read_text(), sha256(Path('/candidate/kernel.cc')),
              ^^^^^^^^^^^^^^^^^^^^^^^^^^^^^^^^^^^^^^^^^^^^^^^^^^^^^^^^^^^^^^^^^^^^^^^^^^^^^^^^^^^^^^^^^
  File ""/framework/npu_agent/sim/amd_mlir_frontend.py"", line 81, in parse_mlir
    module = Module.parse(text)
             ^^^^^^^^^^^^^^^^^^
aie._mlir_libs._mlir.ir.MLIRError: Unable to parse module assembly:
error: ""-"":3:13: expected '('
",0,True,1.0241415809941827,,
translation,3cf80ea034a0f50733e36d52,triton_layer_norm,amd_xdna2_npu2,direct,7,host_execution,failed,,"Traceback (most recent call last):
  File ""/tools/amd_parse.py"", line 9, in <module>
    program = parse_mlir(Path('/design/design.mlir').read_text(), sha256(Path('/candidate/kernel.cc')),
              ^^^^^^^^^^^^^^^^^^^^^^^^^^^^^^^^^^^^^^^^^^^^^^^^^^^^^^^^^^^^^^^^^^^^^^^^^^^^^^^^^^^^^^^^^
  File ""/framework/npu_agent/sim/amd_mlir_frontend.py"", line 81, in parse_mlir
    module = Module.parse(text)
             ^^^^^^^^^^^^^^^^^^
aie._mlir_libs._mlir.ir.MLIRError: Unable to parse module assembly:
error: ""-"":3:13: expected '('
",0,True,0.0,,
translation,3cf80ea034a0f50733e36d52,triton_layer_norm,amd_xdna2_npu2,direct,7,dataflow_simulation,failed,,"Traceback (most recent call last):
  File ""/tools/amd_parse.py"", line 9, in <module>
    program = parse_mlir(Path('/design/design.mlir').read_text(), sha256(Path('/candidate/kernel.cc')),
              ^^^^^^^^^^^^^^^^^^^^^^^^^^^^^^^^^^^^^^^^^^^^^^^^^^^^^^^^^^^^^^^^^^^^^^^^^^^^^^^^^^^^^^^^^
  File ""/framework/npu_agent/sim/amd_mlir_frontend.py"", line 81, in parse_mlir
    module = Module.parse(text)
             ^^^^^^^^^^^^^^^^^^
aie._mlir_libs._mlir.ir.MLIRError: Unable to parse module assembly:
error: ""-"":3:13: expected '('
",0,True,0.0,,
translation,3cf80ea034a0f50733e36d52,triton_layer_norm,amd_xdna2_npu2,direct,8,model_code,completed,,,10901,True,103.02082116199745,gen-1789635147-SwQyN8mc4eN6OYbCmd4w,0.0078620841
translation,3cf80ea034a0f50733e36d52,triton_layer_norm,amd_xdna2_npu2,direct,8,target_execution,blocked,,No validated executor for the emitted target artifact is configured.,0,True,0.0,,
translation,3cf80ea034a0f50733e36d52,triton_layer_norm,amd_xdna2_npu2,direct,8,performance,not_requested,,,0,True,0.0,,
translation,3cf80ea034a0f50733e36d52,triton_layer_norm,amd_xdna2_npu2,direct,8,oracle_validation,passed,,,0,True,0.004382620994874742,,
translation,3cf80ea034a0f50733e36d52,triton_layer_norm,amd_xdna2_npu2,direct,8,design_emission,passed,,,0,True,0.8159385120015941,,
translation,3cf80ea034a0f50733e36d52,triton_layer_norm,amd_xdna2_npu2,direct,8,target_compile,failed,backend_api,"Traceback (most recent call last):
  File ""/tools/amd_compile.py"", line 93, in <module>
    main()
  File ""/tools/amd_compile.py"", line 26, in main
    module = Module.parse((work / 'design.mlir').read_text())
             ^^^^^^^^^^^^^^^^^^^^^^^^^^^^^^^^^^^^^^^^^^^^^^^^
aie._mlir_libs._mlir.ir.MLIRError: Unable to parse module assembly:
error: ""-"":3:13: expected '('
",0,True,1.1166390959988348,,
translation,3cf80ea034a0f50733e36d52,triton_layer_norm,amd_xdna2_npu2,direct,8,dataflow_frontend,failed,backend_api,"Traceback (most recent call last):
  File ""/tools/amd_parse.py"", line 9, in <module>
    program = parse_mlir(Path('/design/design.mlir').read_text(), sha256(Path('/candidate/kernel.cc')),
              ^^^^^^^^^^^^^^^^^^^^^^^^^^^^^^^^^^^^^^^^^^^^^^^^^^^^^^^^^^^^^^^^^^^^^^^^^^^^^^^^^^^^^^^^^
  File ""/framework/npu_agent/sim/amd_mlir_frontend.py"", line 81, in parse_mlir
    module = Module.parse(text)
             ^^^^^^^^^^^^^^^^^^
aie._mlir_libs._mlir.ir.MLIRError: Unable to parse module assembly:
error: ""-"":3:13: expected '('
",0,True,1.0166396929998882,,
translation,3cf80ea034a0f50733e36d52,triton_layer_norm,amd_xdna2_npu2,direct,8,host_execution,failed,,"Traceback (most recent call last):
  File ""/tools/amd_parse.py"", line 9, in <module>
    program = parse_mlir(Path('/design/design.mlir').read_text(), sha256(Path('/candidate/kernel.cc')),
              ^^^^^^^^^^^^^^^^^^^^^^^^^^^^^^^^^^^^^^^^^^^^^^^^^^^^^^^^^^^^^^^^^^^^^^^^^^^^^^^^^^^^^^^^^
  File ""/framework/npu_agent/sim/amd_mlir_frontend.py"", line 81, in parse_mlir
    module = Module.parse(text)
             ^^^^^^^^^^^^^^^^^^
aie._mlir_libs._mlir.ir.MLIRError: Unable to parse module assembly:
error: ""-"":3:13: expected '('
",0,True,0.0,,
translation,3cf80ea034a0f50733e36d52,triton_layer_norm,amd_xdna2_npu2,direct,8,dataflow_simulation,failed,,"Traceback (most recent call last):
  File ""/tools/amd_parse.py"", line 9, in <module>
    program = parse_mlir(Path('/design/design.mlir').read_text(), sha256(Path('/candidate/kernel.cc')),
              ^^^^^^^^^^^^^^^^^^^^^^^^^^^^^^^^^^^^^^^^^^^^^^^^^^^^^^^^^^^^^^^^^^^^^^^^^^^^^^^^^^^^^^^^^
  File ""/framework/npu_agent/sim/amd_mlir_frontend.py"", line 81, in parse_mlir
    module = Module.parse(text)
             ^^^^^^^^^^^^^^^^^^
aie._mlir_libs._mlir.ir.MLIRError: Unable to parse module assembly:
error: ""-"":3:13: expected '('
",0,True,0.0,,
translation,3cf80ea034a0f50733e36d52,triton_layer_norm,amd_xdna2_npu2,direct,9,model_code,completed,,,11174,True,107.81675449300383,gen-1789635253-urlVCBzvqpH7ISd55Ebe,0.0082483674
translation,3cf80ea034a0f50733e36d52,triton_layer_norm,amd_xdna2_npu2,direct,9,target_execution,blocked,,No validated executor for the emitted target artifact is configured.,0,True,0.0,,
translation,3cf80ea034a0f50733e36d52,triton_layer_norm,amd_xdna2_npu2,direct,9,performance,not_requested,,,0,True,0.0,,
translation,3cf80ea034a0f50733e36d52,triton_layer_norm,amd_xdna2_npu2,direct,9,oracle_validation,passed,,,0,True,0.0042918710023513995,,
translation,3cf80ea034a0f50733e36d52,triton_layer_norm,amd_xdna2_npu2,direct,9,design_emission,passed,,,0,True,0.866613951002364,,
translation,3cf80ea034a0f50733e36d52,triton_layer_norm,amd_xdna2_npu2,direct,9,target_compile,failed,backend_api,"Traceback (most recent call last):
  File ""/tools/amd_compile.py"", line 93, in <module>
    main()
  File ""/tools/amd_compile.py"", line 26, in main
    module = Module.parse((work / 'design.mlir').read_text())
             ^^^^^^^^^^^^^^^^^^^^^^^^^^^^^^^^^^^^^^^^^^^^^^^^
aie._mlir_libs._mlir.ir.MLIRError: Unable to parse module assembly:
error: ""-"":3:13: expected '('
",0,True,1.0669251330036786,,
translation,3cf80ea034a0f50733e36d52,triton_layer_norm,amd_xdna2_npu2,direct,9,dataflow_frontend,failed,backend_api,"Traceback (most recent call last):
  File ""/tools/amd_parse.py"", line 9, in <module>
    program = parse_mlir(Path('/design/design.mlir').read_text(), sha256(Path('/candidate/kernel.cc')),
              ^^^^^^^^^^^^^^^^^^^^^^^^^^^^^^^^^^^^^^^^^^^^^^^^^^^^^^^^^^^^^^^^^^^^^^^^^^^^^^^^^^^^^^^^^
  File ""/framework/npu_agent/sim/amd_mlir_frontend.py"", line 81, in parse_mlir
    module = Module.parse(text)
             ^^^^^^^^^^^^^^^^^^
aie._mlir_libs._mlir.ir.MLIRError: Unable to parse module assembly:
error: ""-"":3:13: expected '('
",0,True,1.0166241460028687,,
translation,3cf80ea034a0f50733e36d52,triton_layer_norm,amd_xdna2_npu2,direct,9,host_execution,failed,,"Traceback (most recent call last):
  File ""/tools/amd_parse.py"", line 9, in <module>
    program = parse_mlir(Path('/design/design.mlir').read_text(), sha256(Path('/candidate/kernel.cc')),
              ^^^^^^^^^^^^^^^^^^^^^^^^^^^^^^^^^^^^^^^^^^^^^^^^^^^^^^^^^^^^^^^^^^^^^^^^^^^^^^^^^^^^^^^^^
  File ""/framework/npu_agent/sim/amd_mlir_frontend.py"", line 81, in parse_mlir
    module = Module.parse(text)
             ^^^^^^^^^^^^^^^^^^
aie._mlir_libs._mlir.ir.MLIRError: Unable to parse module assembly:
error: ""-"":3:13: expected '('
",0,True,0.0,,
translation,3cf80ea034a0f50733e36d52,triton_layer_norm,amd_xdna2_npu2,direct,9,dataflow_simulation,failed,,"Traceback (most recent call last):
  File ""/tools/amd_parse.py"", line 9, in <module>
    program = parse_mlir(Path('/design/design.mlir').read_text(), sha256(Path('/candidate/kernel.cc')),
              ^^^^^^^^^^^^^^^^^^^^^^^^^^^^^^^^^^^^^^^^^^^^^^^^^^^^^^^^^^^^^^^^^^^^^^^^^^^^^^^^^^^^^^^^^
  File ""/framework/npu_agent/sim/amd_mlir_frontend.py"", line 81, in parse_mlir
    module = Module.parse(text)
             ^^^^^^^^^^^^^^^^^^
aie._mlir_libs._mlir.ir.MLIRError: Unable to parse module assembly:
error: ""-"":3:13: expected '('
",0,True,0.0,,
translation,3cf80ea034a0f50733e36d52,triton_layer_norm,amd_xdna2_npu2,direct,10,model_code,completed,,,10308,True,89.00254589100223,gen-1789635364-lik56oYKP1tt6Su9krd4,0.0072480174
translation,3ab2d65f53e94ea4e866cf5b,triton_layer_norm,amd_xdna2_npu2,structured_ir,1,model_intermediate,rejected,model_output,response does not satisfy the requested JSON schema,4075,True,57.65117024900246,gen-1789635453-xscnpvEG2pF4YogDAWT3,0.0036497955
translation,3ab2d65f53e94ea4e866cf5b,triton_layer_norm,amd_xdna2_npu2,structured_ir,2,model_intermediate,rejected,model_output,response does not satisfy the requested JSON schema,5023,True,68.51539880799828,gen-1789635510-tFBwYiKzGtiOyHBdJ9K6,0.0046871955
translation,3ab2d65f53e94ea4e866cf5b,triton_layer_norm,amd_xdna2_npu2,structured_ir,3,model_intermediate,completed,,,7395,True,122.02696494600241,gen-1789635579-3hNZoECAdJbAJHa0ScAa,0.0069822207
translation,3ab2d65f53e94ea4e866cf5b,triton_layer_norm,amd_xdna2_npu2,structured_ir,3,semantic_validation,failed,semantic,"not enough values to unpack (expected 3, got 1)",0,True,0.00142002400389174,,
translation,3ab2d65f53e94ea4e866cf5b,triton_layer_norm,amd_xdna2_npu2,structured_ir,4,model_intermediate,rejected,model_output,response does not satisfy the requested JSON schema,4508,True,46.988439382999786,gen-1789635701-HCYJ3VG6Bf7g7YZnX6Ub,0.003461211
translation,3ab2d65f53e94ea4e866cf5b,triton_layer_norm,amd_xdna2_npu2,structured_ir,5,model_intermediate,completed,,,5283,True,81.99043159899884,gen-1789635748-uEkjf6qbAsflKozjV4bv,0.0049761855
translation,3ab2d65f53e94ea4e866cf5b,triton_layer_norm,amd_xdna2_npu2,structured_ir,5,semantic_validation,failed,semantic,IR signature does not match the manifest,0,True,0.00013065000530332327,,
translation,3ab2d65f53e94ea4e866cf5b,triton_layer_norm,amd_xdna2_npu2,structured_ir,6,model_intermediate,completed,,,7687,True,102.78895544999978,gen-1789635830-xDqCkvhjQIm0BJKHwM2v,0.0067605135
translation,3ab2d65f53e94ea4e866cf5b,triton_layer_norm,amd_xdna2_npu2,structured_ir,6,semantic_validation,failed,semantic,IR signature does not match the manifest,0,True,9.81760022114031e-05,,
translation,3ab2d65f53e94ea4e866cf5b,triton_layer_norm,amd_xdna2_npu2,structured_ir,7,model_intermediate,completed,,,4999,True,60.79238241799612,gen-1789635932-eLcCcNN5Rwa5lo9t6BUf,0.0037370853
translation,3ab2d65f53e94ea4e866cf5b,triton_layer_norm,amd_xdna2_npu2,structured_ir,7,semantic_validation,failed,semantic,IR signature does not match the manifest,0,True,0.0001012880020425655,,
translation,3ab2d65f53e94ea4e866cf5b,triton_layer_norm,amd_xdna2_npu2,structured_ir,8,model_intermediate,rejected,model_output,response does not satisfy the requested JSON schema,6686,True,96.70106484999997,gen-1789635993-znq4t2OkvNU4JFaUvUTA,0.0056447898
translation,3ab2d65f53e94ea4e866cf5b,triton_layer_norm,amd_xdna2_npu2,structured_ir,9,model_intermediate,rejected,model_output,response does not satisfy the requested JSON schema,5875,True,89.83462443200551,gen-1789636090-IjqrWYPIXXApZBb2dbwQ,0.0056341935
translation,3ab2d65f53e94ea4e866cf5b,triton_layer_norm,amd_xdna2_npu2,structured_ir,10,model_intermediate,rejected,model_output,response does not satisfy the requested JSON schema,6368,True,98.41018501499639,gen-1789636180-M7H1tG5gAA53tvLW5ZHm,0.006182163
translation,eec4bc016e74f08f5c7b48c9,triton_layer_norm,amd_xdna2_npu2,hinted_ir,1,model_intermediate,completed,,,6731,True,109.88972237000416,gen-1789636278-aJNJpRnGrYyxtM2dPro9,0.0068672175
translation,eec4bc016e74f08f5c7b48c9,triton_layer_norm,amd_xdna2_npu2,hinted_ir,1,model_code,completed,,,9430,True,148.42543769300391,gen-1789636388-5qckrlfr0ZkXSXQeOnDa,0.009111336
translation,eec4bc016e74f08f5c7b48c9,triton_layer_norm,amd_xdna2_npu2,hinted_ir,1,target_execution,blocked,,No validated executor for the emitted target artifact is configured.,0,True,0.0,,
translation,eec4bc016e74f08f5c7b48c9,triton_layer_norm,amd_xdna2_npu2,hinted_ir,1,performance,not_requested,,,0,True,0.0,,
translation,eec4bc016e74f08f5c7b48c9,triton_layer_norm,amd_xdna2_npu2,hinted_ir,1,oracle_validation,passed,,,0,True,0.004629183000361081,,
translation,eec4bc016e74f08f5c7b48c9,triton_layer_norm,amd_xdna2_npu2,hinted_ir,1,design_emission,failed,backend_api,"Traceback (most recent call last):
  File ""/work/candidate/design.py"", line 346, in <module>
    main()
  File ""/work/candidate/design.py"", line 307, in main
    mlir = create_layer_norm_mlir(args.dev, args.emit_mlir, args.xclbin_path, args.insts_path)
           ^^^^^^^^^^^^^^^^^^^^^^^^^^^^^^^^^^^^^^^^^^^^^^^^^^^^^^^^^^^^^^^^^^^^^^^^^^^^^^^^^^^
  File ""/work/candidate/design.py"", line 57, in create_layer_norm_mlir
    c0 = arith.constant(value=IntegerAttr.get(T.index(), 0))
         ^^^^^^^^^^^^^^^^^^^^^^^^^^^^^^^^^^^^^^^^^^^^^^^^^^^
  File ""/opt/ironenv/lib/python3.12/site-packages/mlir_aie/python/aie/extras/dialects/arith.py"", line 80, in constant
    type = infer_mlir_type(value, vector=vector)
           ^^^^^^^^^^^^^^^^^^^^^^^^^^^^^^^^^^^^^
  File ""/opt/ironenv/lib/python3.12/site-packages/mlir_aie/python/aie/extras/util.py"", line 223, in infer_mlir_type
    raise NotImplementedError(
NotImplementedError: Unsupported Python value py_val=IntegerAttr(0 : index) with type <class 'aie._mlir_libs._mlir.ir.IntegerAttr'>
Traceback (most recent call last):
  File ""/tools/amd_emit.py"", line 8, in <module>
    subprocess.run(['python', 'design.py', '--dev', 'npu2', '--emit-mlir'], cwd=work, stdout=output, check=True)
  File ""/usr/lib/python3.12/subprocess.py"", line 571, in run
    raise CalledProcessError(retcode, process.args,
subprocess.CalledProcessError: Command '['python', 'design.py', '--dev', 'npu2', '--emit-mlir']' returned non-zero exit status 1.
",0,True,1.5673155240001506,,
translation,eec4bc016e74f08f5c7b48c9,triton_layer_norm,amd_xdna2_npu2,hinted_ir,1,target_compile,failed,backend_api,"Traceback (most recent call last):
  File ""/work/candidate/design.py"", line 346, in <module>
    main()
  File ""/work/candidate/design.py"", line 307, in main
    mlir = create_layer_norm_mlir(args.dev, args.emit_mlir, args.xclbin_path, args.insts_path)
           ^^^^^^^^^^^^^^^^^^^^^^^^^^^^^^^^^^^^^^^^^^^^^^^^^^^^^^^^^^^^^^^^^^^^^^^^^^^^^^^^^^^
  File ""/work/candidate/design.py"", line 57, in create_layer_norm_mlir
    c0 = arith.constant(value=IntegerAttr.get(T.index(), 0))
         ^^^^^^^^^^^^^^^^^^^^^^^^^^^^^^^^^^^^^^^^^^^^^^^^^^^
  File ""/opt/ironenv/lib/python3.12/site-packages/mlir_aie/python/aie/extras/dialects/arith.py"", line 80, in constant
    type = infer_mlir_type(value, vector=vector)
           ^^^^^^^^^^^^^^^^^^^^^^^^^^^^^^^^^^^^^
  File ""/opt/ironenv/lib/python3.12/site-packages/mlir_aie/python/aie/extras/util.py"", line 223, in infer_mlir_type
    raise NotImplementedError(
NotImplementedError: Unsupported Python value py_val=IntegerAttr(0 : index) with type <class 'aie._mlir_libs._mlir.ir.IntegerAttr'>
Traceback (most recent call last):
  File ""/tools/amd_emit.py"", line 8, in <module>
    subprocess.run(['python', 'design.py', '--dev', 'npu2', '--emit-mlir'], cwd=work, stdout=output, check=True)
  File ""/usr/lib/python3.12/subprocess.py"", line 571, in run
    raise CalledProcessError(retcode, process.args,
subprocess.CalledProcessError: Command '['python', 'design.py', '--dev', 'npu2', '--emit-mlir']' returned non-zero exit status 1.
",0,True,0.0,,
translation,eec4bc016e74f08f5c7b48c9,triton_layer_norm,amd_xdna2_npu2,hinted_ir,1,host_execution,blocked,,,0,True,0.0,,
translation,eec4bc016e74f08f5c7b48c9,triton_layer_norm,amd_xdna2_npu2,hinted_ir,1,dataflow_simulation,blocked,,,0,True,0.0,,
translation,eec4bc016e74f08f5c7b48c9,triton_layer_norm,amd_xdna2_npu2,hinted_ir,2,model_code,completed,,,13767,True,92.82431387799443,gen-1789636538-nqquc7sk2v0I7lSRgdbn,0.0086967465
translation,eec4bc016e74f08f5c7b48c9,triton_layer_norm,amd_xdna2_npu2,hinted_ir,2,target_execution,blocked,,No validated executor for the emitted target artifact is configured.,0,True,0.0,,
translation,eec4bc016e74f08f5c7b48c9,triton_layer_norm,amd_xdna2_npu2,hinted_ir,2,performance,not_requested,,,0,True,0.0,,
translation,eec4bc016e74f08f5c7b48c9,triton_layer_norm,amd_xdna2_npu2,hinted_ir,2,oracle_validation,passed,,,0,True,0.004315973994380329,,
translation,eec4bc016e74f08f5c7b48c9,triton_layer_norm,amd_xdna2_npu2,hinted_ir,2,design_emission,failed,backend_api,"Traceback (most recent call last):
  File ""/work/candidate/design.py"", line 16, in <module>
    from aie.extras.dialects.ext import memref
ModuleNotFoundError: No module named 'aie.extras.dialects.ext'
Traceback (most recent call last):
  File ""/tools/amd_emit.py"", line 8, in <module>
    subprocess.run(['python', 'design.py', '--dev', 'npu2', '--emit-mlir'], cwd=work, stdout=output, check=True)
  File ""/usr/lib/python3.12/subprocess.py"", line 571, in run
    raise CalledProcessError(retcode, process.args,
subprocess.CalledProcessError: Command '['python', 'design.py', '--dev', 'npu2', '--emit-mlir']' returned non-zero exit status 1.
",0,True,1.3171549619946745,,
translation,eec4bc016e74f08f5c7b48c9,triton_layer_norm,amd_xdna2_npu2,hinted_ir,2,target_compile,failed,backend_api,"Traceback (most recent call last):
  File ""/work/candidate/design.py"", line 16, in <module>
    from aie.extras.dialects.ext import memref
ModuleNotFoundError: No module named 'aie.extras.dialects.ext'
Traceback (most recent call last):
  File ""/tools/amd_emit.py"", line 8, in <module>
    subprocess.run(['python', 'design.py', '--dev', 'npu2', '--emit-mlir'], cwd=work, stdout=output, check=True)
  File ""/usr/lib/python3.12/subprocess.py"", line 571, in run
    raise CalledProcessError(retcode, process.args,
subprocess.CalledProcessError: Command '['python', 'design.py', '--dev', 'npu2', '--emit-mlir']' returned non-zero exit status 1.
",0,True,0.0,,
translation,eec4bc016e74f08f5c7b48c9,triton_layer_norm,amd_xdna2_npu2,hinted_ir,2,host_execution,blocked,,,0,True,0.0,,
translation,eec4bc016e74f08f5c7b48c9,triton_layer_norm,amd_xdna2_npu2,hinted_ir,2,dataflow_simulation,blocked,,,0,True,0.0,,
translation,eec4bc016e74f08f5c7b48c9,triton_layer_norm,amd_xdna2_npu2,hinted_ir,3,model_code,completed,,,9984,True,75.39533418200153,gen-1789636632-5m3jlTsaxm6uykSHLDNJ,0.006774222
translation,eec4bc016e74f08f5c7b48c9,triton_layer_norm,amd_xdna2_npu2,hinted_ir,3,target_execution,blocked,,No validated executor for the emitted target artifact is configured.,0,True,0.0,,
translation,eec4bc016e74f08f5c7b48c9,triton_layer_norm,amd_xdna2_npu2,hinted_ir,3,performance,not_requested,,,0,True,0.0,,
translation,eec4bc016e74f08f5c7b48c9,triton_layer_norm,amd_xdna2_npu2,hinted_ir,3,oracle_validation,passed,,,0,True,0.0043087640005978756,,
translation,eec4bc016e74f08f5c7b48c9,triton_layer_norm,amd_xdna2_npu2,hinted_ir,3,design_emission,failed,backend_api,"  File ""/work/candidate/design.py"", line 67
    input_obj = objectfifo.acquire(ObjectFifoPort.Produce, of_in, 1),
    ^^^^^^^^^^^^^^^^^^^^^^^^^^^^^^^^^^^^^^^^^^^^^^^^^^^^^^^^^^^^^^^^
SyntaxError: invalid syntax. Maybe you meant '==' or ':=' instead of '='?
Traceback (most recent call last):
  File ""/tools/amd_emit.py"", line 8, in <module>
    subprocess.run(['python', 'design.py', '--dev', 'npu2', '--emit-mlir'], cwd=work, stdout=output, check=True)
  File ""/usr/lib/python3.12/subprocess.py"", line 571, in run
    raise CalledProcessError(retcode, process.args,
subprocess.CalledProcessError: Command '['python', 'design.py', '--dev', 'npu2', '--emit-mlir']' returned non-zero exit status 1.
",0,True,0.9664748719951604,,
translation,eec4bc016e74f08f5c7b48c9,triton_layer_norm,amd_xdna2_npu2,hinted_ir,3,target_compile,failed,backend_api,"  File ""/work/candidate/design.py"", line 67
    input_obj = objectfifo.acquire(ObjectFifoPort.Produce, of_in, 1),
    ^^^^^^^^^^^^^^^^^^^^^^^^^^^^^^^^^^^^^^^^^^^^^^^^^^^^^^^^^^^^^^^^
SyntaxError: invalid syntax. Maybe you meant '==' or ':=' instead of '='?
Traceback (most recent call last):
  File ""/tools/amd_emit.py"", line 8, in <module>
    subprocess.run(['python', 'design.py', '--dev', 'npu2', '--emit-mlir'], cwd=work, stdout=output, check=True)
  File ""/usr/lib/python3.12/subprocess.py"", line 571, in run
    raise CalledProcessError(retcode, process.args,
subprocess.CalledProcessError: Command '['python', 'design.py', '--dev', 'npu2', '--emit-mlir']' returned non-zero exit status 1.
",0,True,0.0,,
translation,eec4bc016e74f08f5c7b48c9,triton_layer_norm,amd_xdna2_npu2,hinted_ir,3,host_execution,blocked,,,0,True,0.0,,
translation,eec4bc016e74f08f5c7b48c9,triton_layer_norm,amd_xdna2_npu2,hinted_ir,3,dataflow_simulation,blocked,,,0,True,0.0,,
translation,eec4bc016e74f08f5c7b48c9,triton_layer_norm,amd_xdna2_npu2,hinted_ir,4,model_code,completed,,,10432,True,91.16499513699819,gen-1789636709-KEM39I4A2YktQ7xWl129,0.0068269812
translation,eec4bc016e74f08f5c7b48c9,triton_layer_norm,amd_xdna2_npu2,hinted_ir,4,target_execution,blocked,,No validated executor for the emitted target artifact is configured.,0,True,0.0,,
translation,eec4bc016e74f08f5c7b48c9,triton_layer_norm,amd_xdna2_npu2,hinted_ir,4,performance,not_requested,,,0,True,0.0,,
translation,eec4bc016e74f08f5c7b48c9,triton_layer_norm,amd_xdna2_npu2,hinted_ir,4,oracle_validation,passed,,,0,True,0.004297742001654115,,
translation,eec4bc016e74f08f5c7b48c9,triton_layer_norm,amd_xdna2_npu2,hinted_ir,4,design_emission,failed,backend_api,"Traceback (most recent call last):
  File ""/work/candidate/design.py"", line 175, in <module>
    main()
  File ""/work/candidate/design.py"", line 139, in main
    mlir = create_layer_norm_mlir(args.dev, args.emit_mlir, args.xclbin_path, args.insts_path)
           ^^^^^^^^^^^^^^^^^^^^^^^^^^^^^^^^^^^^^^^^^^^^^^^^^^^^^^^^^^^^^^^^^^^^^^^^^^^^^^^^^^^
  File ""/work/candidate/design.py"", line 24, in create_layer_norm_mlir
    c0 = arith.constant(value=0, index_type=T.index())
         ^^^^^^^^^^^^^^^^^^^^^^^^^^^^^^^^^^^^^^^^^^^^^
TypeError: constant() got an unexpected keyword argument 'index_type'
Traceback (most recent call last):
  File ""/tools/amd_emit.py"", line 8, in <module>
    subprocess.run(['python', 'design.py', '--dev', 'npu2', '--emit-mlir'], cwd=work, stdout=output, check=True)
  File ""/usr/lib/python3.12/subprocess.py"", line 571, in run
    raise CalledProcessError(retcode, process.args,
subprocess.CalledProcessError: Command '['python', 'design.py', '--dev', 'npu2', '--emit-mlir']' returned non-zero exit status 1.
",0,True,1.417754016998515,,
translation,eec4bc016e74f08f5c7b48c9,triton_layer_norm,amd_xdna2_npu2,hinted_ir,4,target_compile,failed,backend_api,"Traceback (most recent call last):
  File ""/work/candidate/design.py"", line 175, in <module>
    main()
  File ""/work/candidate/design.py"", line 139, in main
    mlir = create_layer_norm_mlir(args.dev, args.emit_mlir, args.xclbin_path, args.insts_path)
           ^^^^^^^^^^^^^^^^^^^^^^^^^^^^^^^^^^^^^^^^^^^^^^^^^^^^^^^^^^^^^^^^^^^^^^^^^^^^^^^^^^^
  File ""/work/candidate/design.py"", line 24, in create_layer_norm_mlir
    c0 = arith.constant(value=0, index_type=T.index())
         ^^^^^^^^^^^^^^^^^^^^^^^^^^^^^^^^^^^^^^^^^^^^^
TypeError: constant() got an unexpected keyword argument 'index_type'
Traceback (most recent call last):
  File ""/tools/amd_emit.py"", line 8, in <module>
    subprocess.run(['python', 'design.py', '--dev', 'npu2', '--emit-mlir'], cwd=work, stdout=output, check=True)
  File ""/usr/lib/python3.12/subprocess.py"", line 571, in run
    raise CalledProcessError(retcode, process.args,
subprocess.CalledProcessError: Command '['python', 'design.py', '--dev', 'npu2', '--emit-mlir']' returned non-zero exit status 1.
",0,True,0.0,,
translation,eec4bc016e74f08f5c7b48c9,triton_layer_norm,amd_xdna2_npu2,hinted_ir,4,host_execution,blocked,,,0,True,0.0,,
translation,eec4bc016e74f08f5c7b48c9,triton_layer_norm,amd_xdna2_npu2,hinted_ir,4,dataflow_simulation,blocked,,,0,True,0.0,,
translation,eec4bc016e74f08f5c7b48c9,triton_layer_norm,amd_xdna2_npu2,hinted_ir,5,model_code,completed,,,9587,True,61.77515835799568,gen-1789636801-1LSjmlzUoBHHAtESYcUo,0.0057165927
translation,eec4bc016e74f08f5c7b48c9,triton_layer_norm,amd_xdna2_npu2,hinted_ir,5,target_execution,blocked,,No validated executor for the emitted target artifact is configured.,0,True,0.0,,
translation,eec4bc016e74f08f5c7b48c9,triton_layer_norm,amd_xdna2_npu2,hinted_ir,5,performance,not_requested,,,0,True,0.0,,
translation,eec4bc016e74f08f5c7b48c9,triton_layer_norm,amd_xdna2_npu2,hinted_ir,5,oracle_validation,passed,,,0,True,0.004303360998164862,,
translation,eec4bc016e74f08f5c7b48c9,triton_layer_norm,amd_xdna2_npu2,hinted_ir,5,design_emission,failed,backend_api,"Traceback (most recent call last):
  File ""/work/candidate/design.py"", line 174, in <module>
    main()
  File ""/work/candidate/design.py"", line 138, in main
    mlir = create_layer_norm_mlir(args.dev, args.emit_mlir, args.xclbin_path, args.insts_path)
           ^^^^^^^^^^^^^^^^^^^^^^^^^^^^^^^^^^^^^^^^^^^^^^^^^^^^^^^^^^^^^^^^^^^^^^^^^^^^^^^^^^^
  File ""/work/candidate/design.py"", line 23, in create_layer_norm_mlir
    c0 = arith.constant(value=0, type=IndexType.get())
         ^^^^^^^^^^^^^^^^^^^^^^^^^^^^^^^^^^^^^^^^^^^^^
TypeError: constant() got an unexpected keyword argument 'type'
Traceback (most recent call last):
  File ""/tools/amd_emit.py"", line 8, in <module>
    subprocess.run(['python', 'design.py', '--dev', 'npu2', '--emit-mlir'], cwd=work, stdout=output, check=True)
  File ""/usr/lib/python3.12/subprocess.py"", line 571, in run
    raise CalledProcessError(retcode, process.args,
subprocess.CalledProcessError: Command '['python', 'design.py', '--dev', 'npu2', '--emit-mlir']' returned non-zero exit status 1.
",0,True,1.3668874919967493,,
translation,eec4bc016e74f08f5c7b48c9,triton_layer_norm,amd_xdna2_npu2,hinted_ir,5,target_compile,failed,backend_api,"Traceback (most recent call last):
  File ""/work/candidate/design.py"", line 174, in <module>
    main()
  File ""/work/candidate/design.py"", line 138, in main
    mlir = create_layer_norm_mlir(args.dev, args.emit_mlir, args.xclbin_path, args.insts_path)
           ^^^^^^^^^^^^^^^^^^^^^^^^^^^^^^^^^^^^^^^^^^^^^^^^^^^^^^^^^^^^^^^^^^^^^^^^^^^^^^^^^^^
  File ""/work/candidate/design.py"", line 23, in create_layer_norm_mlir
    c0 = arith.constant(value=0, type=IndexType.get())
         ^^^^^^^^^^^^^^^^^^^^^^^^^^^^^^^^^^^^^^^^^^^^^
TypeError: constant() got an unexpected keyword argument 'type'
Traceback (most recent call last):
  File ""/tools/amd_emit.py"", line 8, in <module>
    subprocess.run(['python', 'design.py', '--dev', 'npu2', '--emit-mlir'], cwd=work, stdout=output, check=True)
  File ""/usr/lib/python3.12/subprocess.py"", line 571, in run
    raise CalledProcessError(retcode, process.args,
subprocess.CalledProcessError: Command '['python', 'design.py', '--dev', 'npu2', '--emit-mlir']' returned non-zero exit status 1.
",0,True,0.0,,
translation,eec4bc016e74f08f5c7b48c9,triton_layer_norm,amd_xdna2_npu2,hinted_ir,5,host_execution,blocked,,,0,True,0.0,,
translation,eec4bc016e74f08f5c7b48c9,triton_layer_norm,amd_xdna2_npu2,hinted_ir,5,dataflow_simulation,blocked,,,0,True,0.0,,
translation,eec4bc016e74f08f5c7b48c9,triton_layer_norm,amd_xdna2_npu2,hinted_ir,6,model_code,completed,,,9723,True,64.94235439999466,gen-1789636865-HDtX401PXJDiZyG5kHfE,0.0058877637
translation,eec4bc016e74f08f5c7b48c9,triton_layer_norm,amd_xdna2_npu2,hinted_ir,6,target_execution,blocked,,No validated executor for the emitted target artifact is configured.,0,True,0.0,,
translation,eec4bc016e74f08f5c7b48c9,triton_layer_norm,amd_xdna2_npu2,hinted_ir,6,performance,not_requested,,,0,True,0.0,,
translation,eec4bc016e74f08f5c7b48c9,triton_layer_norm,amd_xdna2_npu2,hinted_ir,6,oracle_validation,passed,,,0,True,0.004402275997563265,,
translation,eec4bc016e74f08f5c7b48c9,triton_layer_norm,amd_xdna2_npu2,hinted_ir,6,design_emission,failed,backend_api,"Traceback (most recent call last):
  File ""/work/candidate/design.py"", line 174, in <module>
    main()
  File ""/work/candidate/design.py"", line 138, in main
    mlir = create_layer_norm_mlir(args.dev, args.emit_mlir, args.xclbin_path, args.insts_path)
           ^^^^^^^^^^^^^^^^^^^^^^^^^^^^^^^^^^^^^^^^^^^^^^^^^^^^^^^^^^^^^^^^^^^^^^^^^^^^^^^^^^^
  File ""/work/candidate/design.py"", line 23, in create_layer_norm_mlir
    c0 = arith.constant(0, index=True)
         ^^^^^^^^^^^^^^^^^^^^^^^^^^^^^
TypeError: constant() got an unexpected keyword argument 'index'
Traceback (most recent call last):
  File ""/tools/amd_emit.py"", line 8, in <module>
    subprocess.run(['python', 'design.py', '--dev', 'npu2', '--emit-mlir'], cwd=work, stdout=output, check=True)
  File ""/usr/lib/python3.12/subprocess.py"", line 571, in run
    raise CalledProcessError(retcode, process.args,
subprocess.CalledProcessError: Command '['python', 'design.py', '--dev', 'npu2', '--emit-mlir']' returned non-zero exit status 1.
",0,True,1.1168040100019425,,
translation,eec4bc016e74f08f5c7b48c9,triton_layer_norm,amd_xdna2_npu2,hinted_ir,6,target_compile,failed,backend_api,"Traceback (most recent call last):
  File ""/work/candidate/design.py"", line 174, in <module>
    main()
  File ""/work/candidate/design.py"", line 138, in main
    mlir = create_layer_norm_mlir(args.dev, args.emit_mlir, args.xclbin_path, args.insts_path)
           ^^^^^^^^^^^^^^^^^^^^^^^^^^^^^^^^^^^^^^^^^^^^^^^^^^^^^^^^^^^^^^^^^^^^^^^^^^^^^^^^^^^
  File ""/work/candidate/design.py"", line 23, in create_layer_norm_mlir
    c0 = arith.constant(0, index=True)
         ^^^^^^^^^^^^^^^^^^^^^^^^^^^^^
TypeError: constant() got an unexpected keyword argument 'index'
Traceback (most recent call last):
  File ""/tools/amd_emit.py"", line 8, in <module>
    subprocess.run(['python', 'design.py', '--dev', 'npu2', '--emit-mlir'], cwd=work, stdout=output, check=True)
  File ""/usr/lib/python3.12/subprocess.py"", line 571, in run
    raise CalledProcessError(retcode, process.args,
subprocess.CalledProcessError: Command '['python', 'design.py', '--dev', 'npu2', '--emit-mlir']' returned non-zero exit status 1.
",0,True,0.0,,
translation,eec4bc016e74f08f5c7b48c9,triton_layer_norm,amd_xdna2_npu2,hinted_ir,6,host_execution,blocked,,,0,True,0.0,,
translation,eec4bc016e74f08f5c7b48c9,triton_layer_norm,amd_xdna2_npu2,hinted_ir,6,dataflow_simulation,blocked,,,0,True,0.0,,
translation,eec4bc016e74f08f5c7b48c9,triton_layer_norm,amd_xdna2_npu2,hinted_ir,7,model_code,completed,,,9895,True,69.93777911100187,gen-1789636931-s9bqenC3PUtZyv6ax8Ko,0.0060380385
translation,eec4bc016e74f08f5c7b48c9,triton_layer_norm,amd_xdna2_npu2,hinted_ir,7,target_execution,blocked,,No validated executor for the emitted target artifact is configured.,0,True,0.0,,
translation,eec4bc016e74f08f5c7b48c9,triton_layer_norm,amd_xdna2_npu2,hinted_ir,7,performance,not_requested,,,0,True,0.0,,
translation,eec4bc016e74f08f5c7b48c9,triton_layer_norm,amd_xdna2_npu2,hinted_ir,7,oracle_validation,passed,,,0,True,0.004263176997483242,,
translation,eec4bc016e74f08f5c7b48c9,triton_layer_norm,amd_xdna2_npu2,hinted_ir,7,design_emission,failed,backend_api,"  File ""/work/candidate/design.py"", line 112
    compute_tile_obj = device.tile(1,1373779
                                  ^
SyntaxError: '(' was never closed
Traceback (most recent call last):
  File ""/tools/amd_emit.py"", line 8, in <module>
    subprocess.run(['python', 'design.py', '--dev', 'npu2', '--emit-mlir'], cwd=work, stdout=output, check=True)
  File ""/usr/lib/python3.12/subprocess.py"", line 571, in run
    raise CalledProcessError(retcode, process.args,
subprocess.CalledProcessError: Command '['python', 'design.py', '--dev', 'npu2', '--emit-mlir']' returned non-zero exit status 1.
",0,True,0.8161357620047056,,
translation,eec4bc016e74f08f5c7b48c9,triton_layer_norm,amd_xdna2_npu2,hinted_ir,7,target_compile,failed,backend_api,"  File ""/work/candidate/design.py"", line 112
    compute_tile_obj = device.tile(1,1373779
                                  ^
SyntaxError: '(' was never closed
Traceback (most recent call last):
  File ""/tools/amd_emit.py"", line 8, in <module>
    subprocess.run(['python', 'design.py', '--dev', 'npu2', '--emit-mlir'], cwd=work, stdout=output, check=True)
  File ""/usr/lib/python3.12/subprocess.py"", line 571, in run
    raise CalledProcessError(retcode, process.args,
subprocess.CalledProcessError: Command '['python', 'design.py', '--dev', 'npu2', '--emit-mlir']' returned non-zero exit status 1.
",0,True,0.0,,
translation,eec4bc016e74f08f5c7b48c9,triton_layer_norm,amd_xdna2_npu2,hinted_ir,7,host_execution,blocked,,,0,True,0.0,,
translation,eec4bc016e74f08f5c7b48c9,triton_layer_norm,amd_xdna2_npu2,hinted_ir,7,dataflow_simulation,blocked,,,0,True,0.0,,
translation,eec4bc016e74f08f5c7b48c9,triton_layer_norm,amd_xdna2_npu2,hinted_ir,8,model_code,completed,,,10679,True,96.50243051099824,gen-1789637002-ZDjKh1nHXh9Avi8kh2Vj,0.0076387467
translation,eec4bc016e74f08f5c7b48c9,triton_layer_norm,amd_xdna2_npu2,hinted_ir,8,target_execution,blocked,,No validated executor for the emitted target artifact is configured.,0,True,0.0,,
translation,eec4bc016e74f08f5c7b48c9,triton_layer_norm,amd_xdna2_npu2,hinted_ir,8,performance,not_requested,,,0,True,0.0,,
translation,eec4bc016e74f08f5c7b48c9,triton_layer_norm,amd_xdna2_npu2,hinted_ir,8,oracle_validation,passed,,,0,True,0.004272486999980174,,
translation,eec4bc016e74f08f5c7b48c9,triton_layer_norm,amd_xdna2_npu2,hinted_ir,8,design_emission,failed,backend_api,"Traceback (most recent call last):
  File ""/work/candidate/design.py"", line 142, in <module>
    main()
  File ""/work/candidate/design.py"", line 139, in main
    create_layer_norm_mlir(args.dev, args.emit_mlir, args.xclbin_path, args.insts_path)
  File ""/work/candidate/design.py"", line 37, in create_layer_norm_mlir
    of_in = objectfifo(""of_in"", dma_tile, compute_tile, depth, F32Type.get())
            ^^^^^^^^^^^^^^^^^^^^^^^^^^^^^^^^^^^^^^^^^^^^^^^^^^^^^^^^^^^^^^^^^
TypeError: objectfifo() missing 2 required positional arguments: 'dimensions_to_stream' and 'dimensions_from_stream_per_consumer'
Traceback (most recent call last):
  File ""/tools/amd_emit.py"", line 8, in <module>
    subprocess.run(['python', 'design.py', '--dev', 'npu2', '--emit-mlir'], cwd=work, stdout=output, check=True)
  File ""/usr/lib/python3.12/subprocess.py"", line 571, in run
    raise CalledProcessError(retcode, process.args,
subprocess.CalledProcessError: Command '['python', 'design.py', '--dev', 'npu2', '--emit-mlir']' returned non-zero exit status 1.
",0,True,1.0667160239972873,,
translation,eec4bc016e74f08f5c7b48c9,triton_layer_norm,amd_xdna2_npu2,hinted_ir,8,target_compile,failed,backend_api,"Traceback (most recent call last):
  File ""/work/candidate/design.py"", line 142, in <module>
    main()
  File ""/work/candidate/design.py"", line 139, in main
    create_layer_norm_mlir(args.dev, args.emit_mlir, args.xclbin_path, args.insts_path)
  File ""/work/candidate/design.py"", line 37, in create_layer_norm_mlir
    of_in = objectfifo(""of_in"", dma_tile, compute_tile, depth, F32Type.get())
            ^^^^^^^^^^^^^^^^^^^^^^^^^^^^^^^^^^^^^^^^^^^^^^^^^^^^^^^^^^^^^^^^^
TypeError: objectfifo() missing 2 required positional arguments: 'dimensions_to_stream' and 'dimensions_from_stream_per_consumer'
Traceback (most recent call last):
  File ""/tools/amd_emit.py"", line 8, in <module>
    subprocess.run(['python', 'design.py', '--dev', 'npu2', '--emit-mlir'], cwd=work, stdout=output, check=True)
  File ""/usr/lib/python3.12/subprocess.py"", line 571, in run
    raise CalledProcessError(retcode, process.args,
subprocess.CalledProcessError: Command '['python', 'design.py', '--dev', 'npu2', '--emit-mlir']' returned non-zero exit status 1.
",0,True,0.0,,
translation,eec4bc016e74f08f5c7b48c9,triton_layer_norm,amd_xdna2_npu2,hinted_ir,8,host_execution,blocked,,,0,True,0.0,,
translation,eec4bc016e74f08f5c7b48c9,triton_layer_norm,amd_xdna2_npu2,hinted_ir,8,dataflow_simulation,blocked,,,0,True,0.0,,
translation,eec4bc016e74f08f5c7b48c9,triton_layer_norm,amd_xdna2_npu2,hinted_ir,9,model_code,completed,,,9169,True,58.13867167400167,gen-1789637099-fhV167HnuSfhV840ZWqZ,0.0054157467
translation,eec4bc016e74f08f5c7b48c9,triton_layer_norm,amd_xdna2_npu2,hinted_ir,9,target_execution,blocked,,No validated executor for the emitted target artifact is configured.,0,True,0.0,,
translation,eec4bc016e74f08f5c7b48c9,triton_layer_norm,amd_xdna2_npu2,hinted_ir,9,performance,not_requested,,,0,True,0.0,,
translation,eec4bc016e74f08f5c7b48c9,triton_layer_norm,amd_xdna2_npu2,hinted_ir,9,oracle_validation,passed,,,0,True,0.004395429998112377,,
translation,eec4bc016e74f08f5c7b48c9,triton_layer_norm,amd_xdna2_npu2,hinted_ir,9,design_emission,failed,backend_api,"Traceback (most recent call last):
  File ""/work/candidate/design.py"", line 146, in <module>
    main()
  File ""/work/candidate/design.py"", line 143, in main
    create_layer_norm_mlir(args.dev, args.emit_mlir, args.xclbin_path, args.insts_path)
  File ""/work/candidate/design.py"", line 41, in create_layer_norm_mlir
    of_in = objectfifo(""of_in"", dma_tile, compute_tile, depth, F32Type.get(), [128], [128])
            ^^^^^^^^^^^^^^^^^^^^^^^^^^^^^^^^^^^^^^^^^^^^^^^^^^^^^^^^^^^^^^^^^^^^^^^^^^^^^^^
  File ""/opt/ironenv/lib/python3.12/site-packages/mlir_aie/python/aie/dialects/_aie_ops_gen.py"", line 3648, in objectfifo
    return ObjectFifoCreateOp(sym_name=sym_name, producerTile=producer_tile, consumerTiles=consumer_tiles, elemNumber=elem_number, elemType=elem_type, dimensionsToStream=dimensions_to_stream, dimensionsFromStreamPerConsumer=dimensions_from_stream_per_consumer, consumerElemType=consumer_elem_type, via_DMA=via_dma, plio=plio, disable_synchronization=disable_synchronization, repeat_count=repeat_count, aie_stream=aie_stream, aie_stream_port=aie_stream_port, prod_dma_channel=prod_dma_channel, cons_dma_channels=cons_dma_channels, initValues=init_values, padDimensions=pad_dimensions, padValue=pad_value, iter_count=iter_count, loc=loc, ip=ip)
           ^^^^^^^^^^^^^^^^^^^^^^^^^^^^^^^^^^^^^^^^^^^^^^^^^^^^^^^^^^^^^^^^^^^^^^^^^^^^^^^^^^^^^^^^^^^^^^^^^^^^^^^^^^^^^^^^^^^^^^^^^^^^^^^^^^^^^^^^^^^^^^^^^^^^^^^^^^^^^^^^^^^^^^^^^^^^^^^^^^^^^^^^^^^^^^^^^^^^^^^^^^^^^^^^^^^^^^^^^^^^^^^^^^^^^^^^^^^^^^^^^^^^^^^^^^^^^^^^^^^^^^^^^^^^^^^^^^^^^^^^^^^^^^^^^^^^^^^^^^^^^^^^^^^^^^^^^^^^^^^^^^^^^^^^^^^^^^^^^^^^^^^^^^^^^^^^^^^^^^^^^^^^^^^^^^^^^^^^^^^^^^^^^^^^^^^^^^^^^^^^^^^^^^^^^^^^^^^^^^^^^^^^^^^^^^^^^^^^^^^^^^^^^^^^^^^^^^^^^^^^^^^^^^^^^^^^^^^^^^^^^^^^^^^^^^^^^^^^^^^^^^^^^^^^^^^^^^^^^^^^^^^^^^^^^^^^^^^^^^^^^^^^^^^^^^^^^^^^^^^^^^^^^^^^^^^^^^^^^^^^^^^^^^^^^^^^^^^^^^^^^^^^^^^^^^^^^^^^^^^^^^^^^^^^^^^
  File ""/opt/ironenv/lib/python3.12/site-packages/mlir_aie/python/aie/dialects/_aie_ops_gen.py"", line 3226, in __init__
    _ods_ir.AttrBuilder.get('BDDimLayoutArrayAttr')(dimensionsToStream, context=_ods_context))
    ^^^^^^^^^^^^^^^^^^^^^^^^^^^^^^^^^^^^^^^^^^^^^^^^^^^^^^^^^^^^^^^^^^^^^^^^^^^^^^^^^^^^^^^^^
  File ""/opt/ironenv/lib/python3.12/site-packages/mlir_aie/python/aie/dialects/aie.py"", line 286, in bd_dim_layout_array_attr_builder
    return Attribute.parse(
           ^^^^^^^^^^^^^^^^
aie._mlir_libs._mlir.ir.MLIRError: Unable to parse attribute:
error: ""#aie<bd_dim_layout_array[128]>"":1:26: expected '<'
error: ""#aie<bd_dim_layout_array[128]>"":1:26: failed to parse BDDimLayoutArrayAttr parameter 'value' which is to be a `::llvm::ArrayRef<BDDimLayoutAttr>`
Traceback (most recent call last):
  File ""/tools/amd_emit.py"", line 8, in <module>
    subprocess.run(['python', 'design.py', '--dev', 'npu2', '--emit-mlir'], cwd=work, stdout=output, check=True)
  File ""/usr/lib/python3.12/subprocess.py"", line 571, in run
    raise CalledProcessError(retcode, process.args,
subprocess.CalledProcessError: Command '['python', 'design.py', '--dev', 'npu2', '--emit-mlir']' returned non-zero exit status 1.
",0,True,1.1170501250016969,,
translation,eec4bc016e74f08f5c7b48c9,triton_layer_norm,amd_xdna2_npu2,hinted_ir,9,target_compile,failed,backend_api,"Traceback (most recent call last):
  File ""/work/candidate/design.py"", line 146, in <module>
    main()
  File ""/work/candidate/design.py"", line 143, in main
    create_layer_norm_mlir(args.dev, args.emit_mlir, args.xclbin_path, args.insts_path)
  File ""/work/candidate/design.py"", line 41, in create_layer_norm_mlir
    of_in = objectfifo(""of_in"", dma_tile, compute_tile, depth, F32Type.get(), [128], [128])
            ^^^^^^^^^^^^^^^^^^^^^^^^^^^^^^^^^^^^^^^^^^^^^^^^^^^^^^^^^^^^^^^^^^^^^^^^^^^^^^^
  File ""/opt/ironenv/lib/python3.12/site-packages/mlir_aie/python/aie/dialects/_aie_ops_gen.py"", line 3648, in objectfifo
    return ObjectFifoCreateOp(sym_name=sym_name, producerTile=producer_tile, consumerTiles=consumer_tiles, elemNumber=elem_number, elemType=elem_type, dimensionsToStream=dimensions_to_stream, dimensionsFromStreamPerConsumer=dimensions_from_stream_per_consumer, consumerElemType=consumer_elem_type, via_DMA=via_dma, plio=plio, disable_synchronization=disable_synchronization, repeat_count=repeat_count, aie_stream=aie_stream, aie_stream_port=aie_stream_port, prod_dma_channel=prod_dma_channel, cons_dma_channels=cons_dma_channels, initValues=init_values, padDimensions=pad_dimensions, padValue=pad_value, iter_count=iter_count, loc=loc, ip=ip)
           ^^^^^^^^^^^^^^^^^^^^^^^^^^^^^^^^^^^^^^^^^^^^^^^^^^^^^^^^^^^^^^^^^^^^^^^^^^^^^^^^^^^^^^^^^^^^^^^^^^^^^^^^^^^^^^^^^^^^^^^^^^^^^^^^^^^^^^^^^^^^^^^^^^^^^^^^^^^^^^^^^^^^^^^^^^^^^^^^^^^^^^^^^^^^^^^^^^^^^^^^^^^^^^^^^^^^^^^^^^^^^^^^^^^^^^^^^^^^^^^^^^^^^^^^^^^^^^^^^^^^^^^^^^^^^^^^^^^^^^^^^^^^^^^^^^^^^^^^^^^^^^^^^^^^^^^^^^^^^^^^^^^^^^^^^^^^^^^^^^^^^^^^^^^^^^^^^^^^^^^^^^^^^^^^^^^^^^^^^^^^^^^^^^^^^^^^^^^^^^^^^^^^^^^^^^^^^^^^^^^^^^^^^^^^^^^^^^^^^^^^^^^^^^^^^^^^^^^^^^^^^^^^^^^^^^^^^^^^^^^^^^^^^^^^^^^^^^^^^^^^^^^^^^^^^^^^^^^^^^^^^^^^^^^^^^^^^^^^^^^^^^^^^^^^^^^^^^^^^^^^^^^^^^^^^^^^^^^^^^^^^^^^^^^^^^^^^^^^^^^^^^^^^^^^^^^^^^^^^^^^^^^^^^^^^^^
  File ""/opt/ironenv/lib/python3.12/site-packages/mlir_aie/python/aie/dialects/_aie_ops_gen.py"", line 3226, in __init__
    _ods_ir.AttrBuilder.get('BDDimLayoutArrayAttr')(dimensionsToStream, context=_ods_context))
    ^^^^^^^^^^^^^^^^^^^^^^^^^^^^^^^^^^^^^^^^^^^^^^^^^^^^^^^^^^^^^^^^^^^^^^^^^^^^^^^^^^^^^^^^^
  File ""/opt/ironenv/lib/python3.12/site-packages/mlir_aie/python/aie/dialects/aie.py"", line 286, in bd_dim_layout_array_attr_builder
    return Attribute.parse(
           ^^^^^^^^^^^^^^^^
aie._mlir_libs._mlir.ir.MLIRError: Unable to parse attribute:
error: ""#aie<bd_dim_layout_array[128]>"":1:26: expected '<'
error: ""#aie<bd_dim_layout_array[128]>"":1:26: failed to parse BDDimLayoutArrayAttr parameter 'value' which is to be a `::llvm::ArrayRef<BDDimLayoutAttr>`
Traceback (most recent call last):
  File ""/tools/amd_emit.py"", line 8, in <module>
    subprocess.run(['python', 'design.py', '--dev', 'npu2', '--emit-mlir'], cwd=work, stdout=output, check=True)
  File ""/usr/lib/python3.12/subprocess.py"", line 571, in run
    raise CalledProcessError(retcode, process.args,
subprocess.CalledProcessError: Command '['python', 'design.py', '--dev', 'npu2', '--emit-mlir']' returned non-zero exit status 1.
",0,True,0.0,,
translation,eec4bc016e74f08f5c7b48c9,triton_layer_norm,amd_xdna2_npu2,hinted_ir,9,host_execution,blocked,,,0,True,0.0,,
translation,eec4bc016e74f08f5c7b48c9,triton_layer_norm,amd_xdna2_npu2,hinted_ir,9,dataflow_simulation,blocked,,,0,True,0.0,,
translation,eec4bc016e74f08f5c7b48c9,triton_layer_norm,amd_xdna2_npu2,hinted_ir,10,model_code,completed,,,10319,True,72.41378591900138,gen-1789637158-9ZBMe6Ac4L1nYE2bkdq8,0.0063990537
translation,cdf9ca1768e04abd3b8125d5,cuda_vector_add,amd_xdna2_npu2,structured_ir,1,model_intermediate,completed,,,4587,True,68.56313690500247,gen-1789637231-A15LLlGVOtJCuP7ndhqp,0.0043552275
translation,cdf9ca1768e04abd3b8125d5,cuda_vector_add,amd_xdna2_npu2,structured_ir,1,semantic_validation,failed,unsupported_ir,unsupported executable index_expression; use structured operations,0,True,0.0014307279998320155,,
translation,cdf9ca1768e04abd3b8125d5,cuda_vector_add,amd_xdna2_npu2,structured_ir,2,model_intermediate,completed,,,4004,True,41.61546172799717,gen-1789637299-7ANWsXjkClXMauoCHG8f,0.0029696316
translation,cdf9ca1768e04abd3b8125d5,cuda_vector_add,amd_xdna2_npu2,structured_ir,2,model_code,completed,,,7654,True,96.63506877500186,gen-1789637341-QlBLQ787NV79aZYvHZ0p,0.006812013
translation,cdf9ca1768e04abd3b8125d5,cuda_vector_add,amd_xdna2_npu2,structured_ir,2,semantic_validation,passed,,IR matches independent oracle on 12 cases; prose metadata is not executable evidence,0,True,0.0019344359971000813,,
translation,cdf9ca1768e04abd3b8125d5,cuda_vector_add,amd_xdna2_npu2,structured_ir,2,candidate_contract,failed,backend_api,unexpected generated files for amd_xdna2: ['manifest.tensors'],0,True,,,
translation,cdf9ca1768e04abd3b8125d5,cuda_vector_add,amd_xdna2_npu2,structured_ir,3,model_code,completed,,,9717,True,122.52222244199947,gen-1789637438-RFdMGncHxjQEAbJo1g6Y,0.0081088371
translation,cdf9ca1768e04abd3b8125d5,cuda_vector_add,amd_xdna2_npu2,structured_ir,3,semantic_validation,passed,,IR matches independent oracle on 12 cases; prose metadata is not executable evidence,0,True,0.0,,
translation,cdf9ca1768e04abd3b8125d5,cuda_vector_add,amd_xdna2_npu2,structured_ir,3,target_execution,blocked,,No validated executor for the emitted target artifact is configured.,0,True,0.0,,
translation,cdf9ca1768e04abd3b8125d5,cuda_vector_add,amd_xdna2_npu2,structured_ir,3,performance,not_requested,,,0,True,0.0,,
translation,cdf9ca1768e04abd3b8125d5,cuda_vector_add,amd_xdna2_npu2,structured_ir,3,oracle_validation,passed,,,0,True,0.001091008001822047,,
translation,cdf9ca1768e04abd3b8125d5,cuda_vector_add,amd_xdna2_npu2,structured_ir,3,design_emission,failed,backend_api,"Traceback (most recent call last):
  File ""/work/candidate/design.py"", line 11, in <module>
    from iron import aie
ImportError: cannot import name 'aie' from 'iron' (/opt/IRON/iron/__init__.py)
Traceback (most recent call last):
  File ""/tools/amd_emit.py"", line 8, in <module>
    subprocess.run(['python', 'design.py', '--dev', 'npu2', '--emit-mlir'], cwd=work, stdout=output, check=True)
  File ""/usr/lib/python3.12/subprocess.py"", line 571, in run
    raise CalledProcessError(retcode, process.args,
subprocess.CalledProcessError: Command '['python', 'design.py', '--dev', 'npu2', '--emit-mlir']' returned non-zero exit status 1.
",0,True,0.9662623639960657,,
translation,cdf9ca1768e04abd3b8125d5,cuda_vector_add,amd_xdna2_npu2,structured_ir,3,target_compile,failed,backend_api,"Traceback (most recent call last):
  File ""/work/candidate/design.py"", line 11, in <module>
    from iron import aie
ImportError: cannot import name 'aie' from 'iron' (/opt/IRON/iron/__init__.py)
Traceback (most recent call last):
  File ""/tools/amd_emit.py"", line 8, in <module>
    subprocess.run(['python', 'design.py', '--dev', 'npu2', '--emit-mlir'], cwd=work, stdout=output, check=True)
  File ""/usr/lib/python3.12/subprocess.py"", line 571, in run
    raise CalledProcessError(retcode, process.args,
subprocess.CalledProcessError: Command '['python', 'design.py', '--dev', 'npu2', '--emit-mlir']' returned non-zero exit status 1.
",0,True,0.0,,
translation,cdf9ca1768e04abd3b8125d5,cuda_vector_add,amd_xdna2_npu2,structured_ir,3,host_execution,blocked,,,0,True,0.0,,
translation,cdf9ca1768e04abd3b8125d5,cuda_vector_add,amd_xdna2_npu2,structured_ir,3,dataflow_simulation,blocked,,,0,True,0.0,,
translation,cdf9ca1768e04abd3b8125d5,cuda_vector_add,amd_xdna2_npu2,structured_ir,4,model_code,completed,,,7346,True,61.1960176270004,gen-1789637561-F2OgMKfkOlahoclcwwyt,0.0047302476
translation,cdf9ca1768e04abd3b8125d5,cuda_vector_add,amd_xdna2_npu2,structured_ir,4,semantic_validation,passed,,IR matches independent oracle on 12 cases; prose metadata is not executable evidence,0,True,0.0,,
translation,cdf9ca1768e04abd3b8125d5,cuda_vector_add,amd_xdna2_npu2,structured_ir,4,target_execution,blocked,,No validated executor for the emitted target artifact is configured.,0,True,0.0,,
translation,cdf9ca1768e04abd3b8125d5,cuda_vector_add,amd_xdna2_npu2,structured_ir,4,performance,not_requested,,,0,True,0.0,,
translation,cdf9ca1768e04abd3b8125d5,cuda_vector_add,amd_xdna2_npu2,structured_ir,4,oracle_validation,passed,,,0,True,0.0009886010011541657,,
translation,cdf9ca1768e04abd3b8125d5,cuda_vector_add,amd_xdna2_npu2,structured_ir,4,design_emission,failed,backend_api,"Traceback (most recent call last):
  File ""/work/candidate/design.py"", line 9, in <module>
    from mlir.ir import *
ModuleNotFoundError: No module named 'mlir'
Traceback (most recent call last):
  File ""/tools/amd_emit.py"", line 8, in <module>
    subprocess.run(['python', 'design.py', '--dev', 'npu2', '--emit-mlir'], cwd=work, stdout=output, check=True)
  File ""/usr/lib/python3.12/subprocess.py"", line 571, in run
    raise CalledProcessError(retcode, process.args,
subprocess.CalledProcessError: Command '['python', 'design.py', '--dev', 'npu2', '--emit-mlir']' returned non-zero exit status 1.
",0,True,0.9663631220028037,,
translation,cdf9ca1768e04abd3b8125d5,cuda_vector_add,amd_xdna2_npu2,structured_ir,4,target_compile,failed,backend_api,"Traceback (most recent call last):
  File ""/work/candidate/design.py"", line 9, in <module>
    from mlir.ir import *
ModuleNotFoundError: No module named 'mlir'
Traceback (most recent call last):
  File ""/tools/amd_emit.py"", line 8, in <module>
    subprocess.run(['python', 'design.py', '--dev', 'npu2', '--emit-mlir'], cwd=work, stdout=output, check=True)
  File ""/usr/lib/python3.12/subprocess.py"", line 571, in run
    raise CalledProcessError(retcode, process.args,
subprocess.CalledProcessError: Command '['python', 'design.py', '--dev', 'npu2', '--emit-mlir']' returned non-zero exit status 1.
",0,True,0.0,,
translation,cdf9ca1768e04abd3b8125d5,cuda_vector_add,amd_xdna2_npu2,structured_ir,4,host_execution,blocked,,,0,True,0.0,,
translation,cdf9ca1768e04abd3b8125d5,cuda_vector_add,amd_xdna2_npu2,structured_ir,4,dataflow_simulation,blocked,,,0,True,0.0,,
translation,cdf9ca1768e04abd3b8125d5,cuda_vector_add,amd_xdna2_npu2,structured_ir,5,model_code,completed,,,8655,True,92.33568741199997,gen-1789637624-tzcUhhIEkDISzv55RHGg,0.0067990455
translation,cdf9ca1768e04abd3b8125d5,cuda_vector_add,amd_xdna2_npu2,structured_ir,5,semantic_validation,passed,,IR matches independent oracle on 12 cases; prose metadata is not executable evidence,0,True,0.0,,
translation,cdf9ca1768e04abd3b8125d5,cuda_vector_add,amd_xdna2_npu2,structured_ir,5,target_execution,blocked,,No validated executor for the emitted target artifact is configured.,0,True,0.0,,
translation,cdf9ca1768e04abd3b8125d5,cuda_vector_add,amd_xdna2_npu2,structured_ir,5,performance,not_requested,,,0,True,0.0,,
translation,cdf9ca1768e04abd3b8125d5,cuda_vector_add,amd_xdna2_npu2,structured_ir,5,oracle_validation,passed,,,0,True,0.0011159220011904836,,
translation,cdf9ca1768e04abd3b8125d5,cuda_vector_add,amd_xdna2_npu2,structured_ir,5,design_emission,passed,,,0,True,0.9664005239974358,,
translation,cdf9ca1768e04abd3b8125d5,cuda_vector_add,amd_xdna2_npu2,structured_ir,5,target_compile,failed,backend_api,"Traceback (most recent call last):
  File ""/tools/amd_compile.py"", line 93, in <module>
    main()
  File ""/tools/amd_compile.py"", line 26, in main
    module = Module.parse((work / 'design.mlir').read_text())
             ^^^^^^^^^^^^^^^^^^^^^^^^^^^^^^^^^^^^^^^^^^^^^^^^
aie._mlir_libs._mlir.ir.MLIRError: Unable to parse module assembly:
error: ""-"":11:14: expected SSA operand
",0,True,1.2672547859983752,,
translation,cdf9ca1768e04abd3b8125d5,cuda_vector_add,amd_xdna2_npu2,structured_ir,5,dataflow_frontend,failed,backend_api,"Traceback (most recent call last):
  File ""/tools/amd_parse.py"", line 9, in <module>
    program = parse_mlir(Path('/design/design.mlir').read_text(), sha256(Path('/candidate/kernel.cc')),
              ^^^^^^^^^^^^^^^^^^^^^^^^^^^^^^^^^^^^^^^^^^^^^^^^^^^^^^^^^^^^^^^^^^^^^^^^^^^^^^^^^^^^^^^^^
  File ""/framework/npu_agent/sim/amd_mlir_frontend.py"", line 81, in parse_mlir
    module = Module.parse(text)
             ^^^^^^^^^^^^^^^^^^
aie._mlir_libs._mlir.ir.MLIRError: Unable to parse module assembly:
error: ""-"":11:14: expected SSA operand
",0,True,1.0665637019992573,,
translation,cdf9ca1768e04abd3b8125d5,cuda_vector_add,amd_xdna2_npu2,structured_ir,5,host_execution,failed,,"Traceback (most recent call last):
  File ""/tools/amd_parse.py"", line 9, in <module>
    program = parse_mlir(Path('/design/design.mlir').read_text(), sha256(Path('/candidate/kernel.cc')),
              ^^^^^^^^^^^^^^^^^^^^^^^^^^^^^^^^^^^^^^^^^^^^^^^^^^^^^^^^^^^^^^^^^^^^^^^^^^^^^^^^^^^^^^^^^
  File ""/framework/npu_agent/sim/amd_mlir_frontend.py"", line 81, in parse_mlir
    module = Module.parse(text)
             ^^^^^^^^^^^^^^^^^^
aie._mlir_libs._mlir.ir.MLIRError: Unable to parse module assembly:
error: ""-"":11:14: expected SSA operand
",0,True,0.0,,
translation,cdf9ca1768e04abd3b8125d5,cuda_vector_add,amd_xdna2_npu2,structured_ir,5,dataflow_simulation,failed,,"Traceback (most recent call last):
  File ""/tools/amd_parse.py"", line 9, in <module>
    program = parse_mlir(Path('/design/design.mlir').read_text(), sha256(Path('/candidate/kernel.cc')),
              ^^^^^^^^^^^^^^^^^^^^^^^^^^^^^^^^^^^^^^^^^^^^^^^^^^^^^^^^^^^^^^^^^^^^^^^^^^^^^^^^^^^^^^^^^
  File ""/framework/npu_agent/sim/amd_mlir_frontend.py"", line 81, in parse_mlir
    module = Module.parse(text)
             ^^^^^^^^^^^^^^^^^^
aie._mlir_libs._mlir.ir.MLIRError: Unable to parse module assembly:
error: ""-"":11:14: expected SSA operand
",0,True,0.0,,
translation,cdf9ca1768e04abd3b8125d5,cuda_vector_add,amd_xdna2_npu2,structured_ir,6,model_code,completed,,,7105,True,51.70317025300028,gen-1789637719-it2hIJ7WEzKJHjRN6YM7,0.0042185871
translation,cdf9ca1768e04abd3b8125d5,cuda_vector_add,amd_xdna2_npu2,structured_ir,6,semantic_validation,passed,,IR matches independent oracle on 12 cases; prose metadata is not executable evidence,0,True,0.0,,
translation,cdf9ca1768e04abd3b8125d5,cuda_vector_add,amd_xdna2_npu2,structured_ir,6,target_execution,blocked,,No validated executor for the emitted target artifact is configured.,0,True,0.0,,
translation,cdf9ca1768e04abd3b8125d5,cuda_vector_add,amd_xdna2_npu2,structured_ir,6,performance,not_requested,,,0,True,0.0,,
translation,cdf9ca1768e04abd3b8125d5,cuda_vector_add,amd_xdna2_npu2,structured_ir,6,oracle_validation,passed,,,0,True,0.0010991469971486367,,
translation,cdf9ca1768e04abd3b8125d5,cuda_vector_add,amd_xdna2_npu2,structured_ir,6,design_emission,passed,,,0,True,0.9661830300028669,,
translation,cdf9ca1768e04abd3b8125d5,cuda_vector_add,amd_xdna2_npu2,structured_ir,6,target_compile,failed,backend_api,"Traceback (most recent call last):
  File ""/tools/amd_compile.py"", line 93, in <module>
    main()
  File ""/tools/amd_compile.py"", line 26, in main
    module = Module.parse((work / 'design.mlir').read_text())
             ^^^^^^^^^^^^^^^^^^^^^^^^^^^^^^^^^^^^^^^^^^^^^^^^
aie._mlir_libs._mlir.ir.MLIRError: Unable to parse module assembly:
error: ""-"":14:14: expected SSA operand
",0,True,1.0665809249985614,,
translation,cdf9ca1768e04abd3b8125d5,cuda_vector_add,amd_xdna2_npu2,structured_ir,6,dataflow_frontend,failed,backend_api,"Traceback (most recent call last):
  File ""/tools/amd_parse.py"", line 9, in <module>
    program = parse_mlir(Path('/design/design.mlir').read_text(), sha256(Path('/candidate/kernel.cc')),
              ^^^^^^^^^^^^^^^^^^^^^^^^^^^^^^^^^^^^^^^^^^^^^^^^^^^^^^^^^^^^^^^^^^^^^^^^^^^^^^^^^^^^^^^^^
  File ""/framework/npu_agent/sim/amd_mlir_frontend.py"", line 81, in parse_mlir
    module = Module.parse(text)
             ^^^^^^^^^^^^^^^^^^
aie._mlir_libs._mlir.ir.MLIRError: Unable to parse module assembly:
error: ""-"":14:14: expected SSA operand
",0,True,1.0665596970065963,,
translation,cdf9ca1768e04abd3b8125d5,cuda_vector_add,amd_xdna2_npu2,structured_ir,6,host_execution,failed,,"Traceback (most recent call last):
  File ""/tools/amd_parse.py"", line 9, in <module>
    program = parse_mlir(Path('/design/design.mlir').read_text(), sha256(Path('/candidate/kernel.cc')),
              ^^^^^^^^^^^^^^^^^^^^^^^^^^^^^^^^^^^^^^^^^^^^^^^^^^^^^^^^^^^^^^^^^^^^^^^^^^^^^^^^^^^^^^^^^
  File ""/framework/npu_agent/sim/amd_mlir_frontend.py"", line 81, in parse_mlir
    module = Module.parse(text)
             ^^^^^^^^^^^^^^^^^^
aie._mlir_libs._mlir.ir.MLIRError: Unable to parse module assembly:
error: ""-"":14:14: expected SSA operand
",0,True,0.0,,
translation,cdf9ca1768e04abd3b8125d5,cuda_vector_add,amd_xdna2_npu2,structured_ir,6,dataflow_simulation,failed,,"Traceback (most recent call last):
  File ""/tools/amd_parse.py"", line 9, in <module>
    program = parse_mlir(Path('/design/design.mlir').read_text(), sha256(Path('/candidate/kernel.cc')),
              ^^^^^^^^^^^^^^^^^^^^^^^^^^^^^^^^^^^^^^^^^^^^^^^^^^^^^^^^^^^^^^^^^^^^^^^^^^^^^^^^^^^^^^^^^
  File ""/framework/npu_agent/sim/amd_mlir_frontend.py"", line 81, in parse_mlir
    module = Module.parse(text)
             ^^^^^^^^^^^^^^^^^^
aie._mlir_libs._mlir.ir.MLIRError: Unable to parse module assembly:
error: ""-"":14:14: expected SSA operand
",0,True,0.0,,
translation,cdf9ca1768e04abd3b8125d5,cuda_vector_add,amd_xdna2_npu2,structured_ir,7,model_code,completed,,,6188,True,33.615835227006755,gen-1789637774-WgJmp7wpoE96N2OGoySm,0.003596814
translation,cdf9ca1768e04abd3b8125d5,cuda_vector_add,amd_xdna2_npu2,structured_ir,7,semantic_validation,passed,,IR matches independent oracle on 12 cases; prose metadata is not executable evidence,0,True,0.0,,
translation,cdf9ca1768e04abd3b8125d5,cuda_vector_add,amd_xdna2_npu2,structured_ir,7,target_execution,blocked,,No validated executor for the emitted target artifact is configured.,0,True,0.0,,
translation,cdf9ca1768e04abd3b8125d5,cuda_vector_add,amd_xdna2_npu2,structured_ir,7,performance,not_requested,,,0,True,0.0,,
translation,cdf9ca1768e04abd3b8125d5,cuda_vector_add,amd_xdna2_npu2,structured_ir,7,oracle_validation,passed,,,0,True,0.0010570879967417568,,
translation,cdf9ca1768e04abd3b8125d5,cuda_vector_add,amd_xdna2_npu2,structured_ir,7,design_emission,passed,,,0,True,0.8661755110006197,,
translation,cdf9ca1768e04abd3b8125d5,cuda_vector_add,amd_xdna2_npu2,structured_ir,7,target_compile,failed,backend_api,"Traceback (most recent call last):
  File ""/tools/amd_compile.py"", line 93, in <module>
    main()
  File ""/tools/amd_compile.py"", line 31, in main
    raise ValueError('exactly one target device required')
ValueError: exactly one target device required
",0,True,1.0668169589989702,,
translation,cdf9ca1768e04abd3b8125d5,cuda_vector_add,amd_xdna2_npu2,structured_ir,7,dataflow_frontend,unsupported,backend_api,"unsupported builtin.module attributes: ['llvm.data_layout']
",0,True,1.1167314710037317,,
translation,cdf9ca1768e04abd3b8125d5,cuda_vector_add,amd_xdna2_npu2,structured_ir,7,host_execution,unsupported,,"unsupported builtin.module attributes: ['llvm.data_layout']
",0,True,0.0,,
translation,cdf9ca1768e04abd3b8125d5,cuda_vector_add,amd_xdna2_npu2,structured_ir,7,dataflow_simulation,unsupported,,"unsupported builtin.module attributes: ['llvm.data_layout']
",0,True,0.0,,
translation,cdf9ca1768e04abd3b8125d5,cuda_vector_add,amd_xdna2_npu2,structured_ir,8,model_code,completed,,,5333,True,39.887905230003526,gen-1789637811-T0H4gjM3YaBlwMsakKDT,0.0030246879
translation,cdf9ca1768e04abd3b8125d5,cuda_vector_add,amd_xdna2_npu2,structured_ir,8,semantic_validation,passed,,IR matches independent oracle on 12 cases; prose metadata is not executable evidence,0,True,0.0,,
translation,cdf9ca1768e04abd3b8125d5,cuda_vector_add,amd_xdna2_npu2,structured_ir,8,target_execution,blocked,,No validated executor for the emitted target artifact is configured.,0,True,0.0,,
translation,cdf9ca1768e04abd3b8125d5,cuda_vector_add,amd_xdna2_npu2,structured_ir,8,performance,not_requested,,,0,True,0.0,,
translation,cdf9ca1768e04abd3b8125d5,cuda_vector_add,amd_xdna2_npu2,structured_ir,8,oracle_validation,passed,,,0,True,0.0010111219962709583,,
translation,cdf9ca1768e04abd3b8125d5,cuda_vector_add,amd_xdna2_npu2,structured_ir,8,design_emission,passed,,,0,True,0.9667221449999488,,
translation,cdf9ca1768e04abd3b8125d5,cuda_vector_add,amd_xdna2_npu2,structured_ir,8,target_compile,failed,backend_api,"Traceback (most recent call last):
  File ""/tools/amd_compile.py"", line 93, in <module>
    main()
  File ""/tools/amd_compile.py"", line 31, in main
    raise ValueError('exactly one target device required')
ValueError: exactly one target device required
",0,True,1.1170313479960896,,
translation,cdf9ca1768e04abd3b8125d5,cuda_vector_add,amd_xdna2_npu2,structured_ir,8,dataflow_frontend,unsupported,backend_api,"unsupported builtin.module attributes: ['llvm.data_layout']
",0,True,1.016356985004677,,
translation,cdf9ca1768e04abd3b8125d5,cuda_vector_add,amd_xdna2_npu2,structured_ir,8,host_execution,unsupported,,"unsupported builtin.module attributes: ['llvm.data_layout']
",0,True,0.0,,
translation,cdf9ca1768e04abd3b8125d5,cuda_vector_add,amd_xdna2_npu2,structured_ir,8,dataflow_simulation,unsupported,,"unsupported builtin.module attributes: ['llvm.data_layout']
",0,True,0.0,,
translation,cdf9ca1768e04abd3b8125d5,cuda_vector_add,amd_xdna2_npu2,structured_ir,9,model_code,completed,,,9681,True,117.32940876099747,gen-1789637854-xzJD4FJcqgdXeHYl5fSQ,0.0078352599
translation,cdf9ca1768e04abd3b8125d5,cuda_vector_add,amd_xdna2_npu2,structured_ir,9,semantic_validation,passed,,IR matches independent oracle on 12 cases; prose metadata is not executable evidence,0,True,0.0,,
translation,cdf9ca1768e04abd3b8125d5,cuda_vector_add,amd_xdna2_npu2,structured_ir,9,target_execution,blocked,,No validated executor for the emitted target artifact is configured.,0,True,0.0,,
translation,cdf9ca1768e04abd3b8125d5,cuda_vector_add,amd_xdna2_npu2,structured_ir,9,performance,not_requested,,,0,True,0.0,,
translation,cdf9ca1768e04abd3b8125d5,cuda_vector_add,amd_xdna2_npu2,structured_ir,9,oracle_validation,passed,,,0,True,0.0009875300020212308,,
translation,cdf9ca1768e04abd3b8125d5,cuda_vector_add,amd_xdna2_npu2,structured_ir,9,design_emission,passed,,,0,True,0.8661861700020381,,
translation,cdf9ca1768e04abd3b8125d5,cuda_vector_add,amd_xdna2_npu2,structured_ir,9,target_compile,failed,backend_api,"Traceback (most recent call last):
  File ""/tools/amd_compile.py"", line 93, in <module>
    main()
  File ""/tools/amd_compile.py"", line 31, in main
    raise ValueError('exactly one target device required')
ValueError: exactly one target device required
",0,True,1.066564204003953,,
translation,cdf9ca1768e04abd3b8125d5,cuda_vector_add,amd_xdna2_npu2,structured_ir,9,dataflow_frontend,unsupported,backend_api,"unsupported builtin.module attributes: ['llvm.data_layout']
",0,True,1.0165586729999632,,
translation,cdf9ca1768e04abd3b8125d5,cuda_vector_add,amd_xdna2_npu2,structured_ir,9,host_execution,unsupported,,"unsupported builtin.module attributes: ['llvm.data_layout']
",0,True,0.0,,
translation,cdf9ca1768e04abd3b8125d5,cuda_vector_add,amd_xdna2_npu2,structured_ir,9,dataflow_simulation,unsupported,,"unsupported builtin.module attributes: ['llvm.data_layout']
",0,True,0.0,,
translation,cdf9ca1768e04abd3b8125d5,cuda_vector_add,amd_xdna2_npu2,structured_ir,10,model_code,completed,,,9419,True,118.3673788889937,gen-1789637974-Iyxx4pHAtX83XwVUk4kM,0.0075403419
translation,cdf9ca1768e04abd3b8125d5,cuda_vector_add,amd_xdna2_npu2,structured_ir,10,semantic_validation,passed,,IR matches independent oracle on 12 cases; prose metadata is not executable evidence,0,True,0.0,,
translation,cdf9ca1768e04abd3b8125d5,cuda_vector_add,amd_xdna2_npu2,structured_ir,10,target_execution,blocked,,No validated executor for the emitted target artifact is configured.,0,True,0.0,,
translation,cdf9ca1768e04abd3b8125d5,cuda_vector_add,amd_xdna2_npu2,structured_ir,10,performance,not_requested,,,0,True,0.0,,
translation,cdf9ca1768e04abd3b8125d5,cuda_vector_add,amd_xdna2_npu2,structured_ir,10,oracle_validation,passed,,,0,True,0.0010764399994513951,,
translation,cdf9ca1768e04abd3b8125d5,cuda_vector_add,amd_xdna2_npu2,structured_ir,10,design_emission,passed,,,0,True,0.9664336439964245,,
translation,cdf9ca1768e04abd3b8125d5,cuda_vector_add,amd_xdna2_npu2,structured_ir,10,target_compile,failed,backend_api,"Traceback (most recent call last):
  File ""/tools/amd_compile.py"", line 93, in <module>
    main()
  File ""/tools/amd_compile.py"", line 26, in main
    module = Module.parse((work / 'design.mlir').read_text())
             ^^^^^^^^^^^^^^^^^^^^^^^^^^^^^^^^^^^^^^^^^^^^^^^^
aie._mlir_libs._mlir.ir.MLIRError: Unable to parse module assembly:
error: ""-"":10:32: expected SSA operand
",0,True,1.016115403996082,,
translation,cdf9ca1768e04abd3b8125d5,cuda_vector_add,amd_xdna2_npu2,structured_ir,10,dataflow_frontend,failed,backend_api,"Traceback (most recent call last):
  File ""/tools/amd_parse.py"", line 9, in <module>
    program = parse_mlir(Path('/design/design.mlir').read_text(), sha256(Path('/candidate/kernel.cc')),
              ^^^^^^^^^^^^^^^^^^^^^^^^^^^^^^^^^^^^^^^^^^^^^^^^^^^^^^^^^^^^^^^^^^^^^^^^^^^^^^^^^^^^^^^^^
  File ""/framework/npu_agent/sim/amd_mlir_frontend.py"", line 81, in parse_mlir
    module = Module.parse(text)
             ^^^^^^^^^^^^^^^^^^
aie._mlir_libs._mlir.ir.MLIRError: Unable to parse module assembly:
error: ""-"":10:32: expected SSA operand
",0,True,1.0163437009978225,,
translation,cdf9ca1768e04abd3b8125d5,cuda_vector_add,amd_xdna2_npu2,structured_ir,10,host_execution,failed,,"Traceback (most recent call last):
  File ""/tools/amd_parse.py"", line 9, in <module>
    program = parse_mlir(Path('/design/design.mlir').read_text(), sha256(Path('/candidate/kernel.cc')),
              ^^^^^^^^^^^^^^^^^^^^^^^^^^^^^^^^^^^^^^^^^^^^^^^^^^^^^^^^^^^^^^^^^^^^^^^^^^^^^^^^^^^^^^^^^
  File ""/framework/npu_agent/sim/amd_mlir_frontend.py"", line 81, in parse_mlir
    module = Module.parse(text)
             ^^^^^^^^^^^^^^^^^^
aie._mlir_libs._mlir.ir.MLIRError: Unable to parse module assembly:
error: ""-"":10:32: expected SSA operand
",0,True,0.0,,
translation,cdf9ca1768e04abd3b8125d5,cuda_vector_add,amd_xdna2_npu2,structured_ir,10,dataflow_simulation,failed,,"Traceback (most recent call last):
  File ""/tools/amd_parse.py"", line 9, in <module>
    program = parse_mlir(Path('/design/design.mlir').read_text(), sha256(Path('/candidate/kernel.cc')),
              ^^^^^^^^^^^^^^^^^^^^^^^^^^^^^^^^^^^^^^^^^^^^^^^^^^^^^^^^^^^^^^^^^^^^^^^^^^^^^^^^^^^^^^^^^
  File ""/framework/npu_agent/sim/amd_mlir_frontend.py"", line 81, in parse_mlir
    module = Module.parse(text)
             ^^^^^^^^^^^^^^^^^^
aie._mlir_libs._mlir.ir.MLIRError: Unable to parse module assembly:
error: ""-"":10:32: expected SSA operand
",0,True,0.0,,
translation,1666138f0fe1e4b1c8cb130b,cuda_vector_add,amd_xdna2_npu2,direct,1,model_code,completed,,,5728,True,97.0344123840041,gen-1789638096-n4c9PbAr6JkT6ww3CSRY,0.005789433
translation,1666138f0fe1e4b1c8cb130b,cuda_vector_add,amd_xdna2_npu2,direct,1,target_execution,blocked,,No validated executor for the emitted target artifact is configured.,0,True,0.0,,
translation,1666138f0fe1e4b1c8cb130b,cuda_vector_add,amd_xdna2_npu2,direct,1,performance,not_requested,,,0,True,0.0,,
translation,1666138f0fe1e4b1c8cb130b,cuda_vector_add,amd_xdna2_npu2,direct,1,oracle_validation,passed,,,0,True,0.0011453129991423339,,
translation,1666138f0fe1e4b1c8cb130b,cuda_vector_add,amd_xdna2_npu2,direct,1,design_emission,passed,,,0,True,1.0665940300023067,,
translation,1666138f0fe1e4b1c8cb130b,cuda_vector_add,amd_xdna2_npu2,direct,1,target_compile,failed,backend_api,"Traceback (most recent call last):
  File ""/tools/amd_compile.py"", line 93, in <module>
    main()
  File ""/tools/amd_compile.py"", line 26, in main
    module = Module.parse((work / 'design.mlir').read_text())
             ^^^^^^^^^^^^^^^^^^^^^^^^^^^^^^^^^^^^^^^^^^^^^^^^
aie._mlir_libs._mlir.ir.MLIRError: Unable to parse module assembly:
error: ""-"":2:7: expected '{' to begin a region
",0,True,1.1167104370033485,,
translation,1666138f0fe1e4b1c8cb130b,cuda_vector_add,amd_xdna2_npu2,direct,1,dataflow_frontend,failed,backend_api,"Traceback (most recent call last):
  File ""/tools/amd_parse.py"", line 9, in <module>
    program = parse_mlir(Path('/design/design.mlir').read_text(), sha256(Path('/candidate/kernel.cc')),
              ^^^^^^^^^^^^^^^^^^^^^^^^^^^^^^^^^^^^^^^^^^^^^^^^^^^^^^^^^^^^^^^^^^^^^^^^^^^^^^^^^^^^^^^^^
  File ""/framework/npu_agent/sim/amd_mlir_frontend.py"", line 81, in parse_mlir
    module = Module.parse(text)
             ^^^^^^^^^^^^^^^^^^
aie._mlir_libs._mlir.ir.MLIRError: Unable to parse module assembly:
error: ""-"":2:7: expected '{' to begin a region
",0,True,1.016586603000178,,
translation,1666138f0fe1e4b1c8cb130b,cuda_vector_add,amd_xdna2_npu2,direct,1,host_execution,failed,,"Traceback (most recent call last):
  File ""/tools/amd_parse.py"", line 9, in <module>
    program = parse_mlir(Path('/design/design.mlir').read_text(), sha256(Path('/candidate/kernel.cc')),
              ^^^^^^^^^^^^^^^^^^^^^^^^^^^^^^^^^^^^^^^^^^^^^^^^^^^^^^^^^^^^^^^^^^^^^^^^^^^^^^^^^^^^^^^^^
  File ""/framework/npu_agent/sim/amd_mlir_frontend.py"", line 81, in parse_mlir
    module = Module.parse(text)
             ^^^^^^^^^^^^^^^^^^
aie._mlir_libs._mlir.ir.MLIRError: Unable to parse module assembly:
error: ""-"":2:7: expected '{' to begin a region
",0,True,0.0,,
translation,1666138f0fe1e4b1c8cb130b,cuda_vector_add,amd_xdna2_npu2,direct,1,dataflow_simulation,failed,,"Traceback (most recent call last):
  File ""/tools/amd_parse.py"", line 9, in <module>
    program = parse_mlir(Path('/design/design.mlir').read_text(), sha256(Path('/candidate/kernel.cc')),
              ^^^^^^^^^^^^^^^^^^^^^^^^^^^^^^^^^^^^^^^^^^^^^^^^^^^^^^^^^^^^^^^^^^^^^^^^^^^^^^^^^^^^^^^^^
  File ""/framework/npu_agent/sim/amd_mlir_frontend.py"", line 81, in parse_mlir
    module = Module.parse(text)
             ^^^^^^^^^^^^^^^^^^
aie._mlir_libs._mlir.ir.MLIRError: Unable to parse module assembly:
error: ""-"":2:7: expected '{' to begin a region
",0,True,0.0,,
translation,1666138f0fe1e4b1c8cb130b,cuda_vector_add,amd_xdna2_npu2,direct,2,model_code,completed,,,9380,True,73.62665538599686,gen-1789638196-scFKklh57YiwIgtVJn13,0.0060953178
translation,1666138f0fe1e4b1c8cb130b,cuda_vector_add,amd_xdna2_npu2,direct,2,target_execution,blocked,,No validated executor for the emitted target artifact is configured.,0,True,0.0,,
translation,1666138f0fe1e4b1c8cb130b,cuda_vector_add,amd_xdna2_npu2,direct,2,performance,not_requested,,,0,True,0.0,,
translation,1666138f0fe1e4b1c8cb130b,cuda_vector_add,amd_xdna2_npu2,direct,2,oracle_validation,passed,,,0,True,0.001001782002276741,,
translation,1666138f0fe1e4b1c8cb130b,cuda_vector_add,amd_xdna2_npu2,direct,2,design_emission,passed,,,0,True,1.0166437259977101,,
translation,1666138f0fe1e4b1c8cb130b,cuda_vector_add,amd_xdna2_npu2,direct,2,target_compile,failed,backend_api,"Traceback (most recent call last):
  File ""/tools/amd_compile.py"", line 93, in <module>
    main()
  File ""/tools/amd_compile.py"", line 26, in main
    module = Module.parse((work / 'design.mlir').read_text())
             ^^^^^^^^^^^^^^^^^^^^^^^^^^^^^^^^^^^^^^^^^^^^^^^^
aie._mlir_libs._mlir.ir.MLIRError: Unable to parse module assembly:
error: ""-"":14:5: custom op 'func.func' 'sym_visibility' is an inferred attribute and should not be specified in the explicit attribute dictionary
",0,True,1.217086135999125,,
translation,1666138f0fe1e4b1c8cb130b,cuda_vector_add,amd_xdna2_npu2,direct,2,dataflow_frontend,failed,backend_api,"Traceback (most recent call last):
  File ""/tools/amd_parse.py"", line 9, in <module>
    program = parse_mlir(Path('/design/design.mlir').read_text(), sha256(Path('/candidate/kernel.cc')),
              ^^^^^^^^^^^^^^^^^^^^^^^^^^^^^^^^^^^^^^^^^^^^^^^^^^^^^^^^^^^^^^^^^^^^^^^^^^^^^^^^^^^^^^^^^
  File ""/framework/npu_agent/sim/amd_mlir_frontend.py"", line 81, in parse_mlir
    module = Module.parse(text)
             ^^^^^^^^^^^^^^^^^^
aie._mlir_libs._mlir.ir.MLIRError: Unable to parse module assembly:
error: ""-"":14:5: custom op 'func.func' 'sym_visibility' is an inferred attribute and should not be specified in the explicit attribute dictionary
",0,True,1.069452055999136,,
translation,1666138f0fe1e4b1c8cb130b,cuda_vector_add,amd_xdna2_npu2,direct,2,host_execution,failed,,"Traceback (most recent call last):
  File ""/tools/amd_parse.py"", line 9, in <module>
    program = parse_mlir(Path('/design/design.mlir').read_text(), sha256(Path('/candidate/kernel.cc')),
              ^^^^^^^^^^^^^^^^^^^^^^^^^^^^^^^^^^^^^^^^^^^^^^^^^^^^^^^^^^^^^^^^^^^^^^^^^^^^^^^^^^^^^^^^^
  File ""/framework/npu_agent/sim/amd_mlir_frontend.py"", line 81, in parse_mlir
    module = Module.parse(text)
             ^^^^^^^^^^^^^^^^^^
aie._mlir_libs._mlir.ir.MLIRError: Unable to parse module assembly:
error: ""-"":14:5: custom op 'func.func' 'sym_visibility' is an inferred attribute and should not be specified in the explicit attribute dictionary
",0,True,0.0,,
translation,1666138f0fe1e4b1c8cb130b,cuda_vector_add,amd_xdna2_npu2,direct,2,dataflow_simulation,failed,,"Traceback (most recent call last):
  File ""/tools/amd_parse.py"", line 9, in <module>
    program = parse_mlir(Path('/design/design.mlir').read_text(), sha256(Path('/candidate/kernel.cc')),
              ^^^^^^^^^^^^^^^^^^^^^^^^^^^^^^^^^^^^^^^^^^^^^^^^^^^^^^^^^^^^^^^^^^^^^^^^^^^^^^^^^^^^^^^^^
  File ""/framework/npu_agent/sim/amd_mlir_frontend.py"", line 81, in parse_mlir
    module = Module.parse(text)
             ^^^^^^^^^^^^^^^^^^
aie._mlir_libs._mlir.ir.MLIRError: Unable to parse module assembly:
error: ""-"":14:5: custom op 'func.func' 'sym_visibility' is an inferred attribute and should not be specified in the explicit attribute dictionary
",0,True,0.0,,
translation,1666138f0fe1e4b1c8cb130b,cuda_vector_add,amd_xdna2_npu2,direct,3,model_code,completed,,,9353,True,77.15634428400517,gen-1789638273-IEdXhkWWWRIkOVjqch7Q,0.0065782275
translation,1666138f0fe1e4b1c8cb130b,cuda_vector_add,amd_xdna2_npu2,direct,3,target_execution,blocked,,No validated executor for the emitted target artifact is configured.,0,True,0.0,,
translation,1666138f0fe1e4b1c8cb130b,cuda_vector_add,amd_xdna2_npu2,direct,3,performance,not_requested,,,0,True,0.0,,
translation,1666138f0fe1e4b1c8cb130b,cuda_vector_add,amd_xdna2_npu2,direct,3,oracle_validation,passed,,,0,True,0.0010608309967210516,,
translation,1666138f0fe1e4b1c8cb130b,cuda_vector_add,amd_xdna2_npu2,direct,3,design_emission,passed,,,0,True,0.8661527570002363,,
translation,1666138f0fe1e4b1c8cb130b,cuda_vector_add,amd_xdna2_npu2,direct,3,target_compile,failed,backend_api,"Traceback (most recent call last):
  File ""/tools/amd_compile.py"", line 93, in <module>
    main()
  File ""/tools/amd_compile.py"", line 26, in main
    module = Module.parse((work / 'design.mlir').read_text())
             ^^^^^^^^^^^^^^^^^^^^^^^^^^^^^^^^^^^^^^^^^^^^^^^^
aie._mlir_libs._mlir.ir.MLIRError: Unable to parse module assembly:
error: ""-"":16:17: Dialect `AIE' not found for custom op 'AIE.tile' 
 note: ""-"":16:17: Available dialects: acc, affine, aie, aievec, aiex, amdgpu, arith, arm_neon, arm_sme, arm_sve, async, bufferization, builtin, cf, complex, dlti, emitc, func, gpu, index, irdl, linalg, llvm, math, memref, ml_program, mpi, nvgpu, nvvm, omp, pdl, pdl_interp, ptr, quant, rocdl, scf, shape, shard, smt, sparse_tensor, spirv, tensor, tosa, transform, ub, vcix, vector, wasmssa, x86, xegpu, xevm ; for more info on dialect registration see https://mlir.llvm.org/getting_started/Faq/#registered-loaded-dependent-whats-up-with-dialects-management
",0,True,1.1168971770021017,,
translation,1666138f0fe1e4b1c8cb130b,cuda_vector_add,amd_xdna2_npu2,direct,3,dataflow_frontend,failed,backend_api,"Traceback (most recent call last):
  File ""/tools/amd_parse.py"", line 9, in <module>
    program = parse_mlir(Path('/design/design.mlir').read_text(), sha256(Path('/candidate/kernel.cc')),
              ^^^^^^^^^^^^^^^^^^^^^^^^^^^^^^^^^^^^^^^^^^^^^^^^^^^^^^^^^^^^^^^^^^^^^^^^^^^^^^^^^^^^^^^^^
  File ""/framework/npu_agent/sim/amd_mlir_frontend.py"", line 81, in parse_mlir
    module = Module.parse(text)
             ^^^^^^^^^^^^^^^^^^
aie._mlir_libs._mlir.ir.MLIRError: Unable to parse module assembly:
error: ""-"":16:17: Dialect `AIE' not found for custom op 'AIE.tile' 
 note: ""-"":16:17: Available dialects: acc, affine, aie, aievec, aiex, amdgpu, arith, arm_neon, arm_sme, arm_sve, async, bufferization, builtin, cf, complex, dlti, emitc, func, gpu, index, irdl, linalg, llvm, math, memref, ml_program, mpi, nvgpu, nvvm, omp, pdl, pdl_interp, ptr, quant, rocdl, scf, shape, shard, smt, sparse_tensor, spirv, tensor, tosa, transform, ub, vcix, vector, wasmssa, x86, xegpu, xevm ; for more info on dialect registration see https://mlir.llvm.org/getting_started/Faq/#registered-loaded-dependent-whats-up-with-dialects-management
",0,True,1.1170543129992438,,
translation,1666138f0fe1e4b1c8cb130b,cuda_vector_add,amd_xdna2_npu2,direct,3,host_execution,failed,,"Traceback (most recent call last):
  File ""/tools/amd_parse.py"", line 9, in <module>
    program = parse_mlir(Path('/design/design.mlir').read_text(), sha256(Path('/candidate/kernel.cc')),
              ^^^^^^^^^^^^^^^^^^^^^^^^^^^^^^^^^^^^^^^^^^^^^^^^^^^^^^^^^^^^^^^^^^^^^^^^^^^^^^^^^^^^^^^^^
  File ""/framework/npu_agent/sim/amd_mlir_frontend.py"", line 81, in parse_mlir
    module = Module.parse(text)
             ^^^^^^^^^^^^^^^^^^
aie._mlir_libs._mlir.ir.MLIRError: Unable to parse module assembly:
error: ""-"":16:17: Dialect `AIE' not found for custom op 'AIE.tile' 
 note: ""-"":16:17: Available dialects: acc, affine, aie, aievec, aiex, amdgpu, arith, arm_neon, arm_sme, arm_sve, async, bufferization, builtin, cf, complex, dlti, emitc, func, gpu, index, irdl, linalg, llvm, math, memref, ml_program, mpi, nvgpu, nvvm, omp, pdl, pdl_interp, ptr, quant, rocdl, scf, shape, shard, smt, sparse_tensor, spirv, tensor, tosa, transform, ub, vcix, vector, wasmssa, x86, xegpu, xevm ; for more info on dialect registration see https://mlir.llvm.org/getting_started/Faq/#registered-loaded-dependent-whats-up-with-dialects-management
",0,True,0.0,,
translation,1666138f0fe1e4b1c8cb130b,cuda_vector_add,amd_xdna2_npu2,direct,3,dataflow_simulation,failed,,"Traceback (most recent call last):
  File ""/tools/amd_parse.py"", line 9, in <module>
    program = parse_mlir(Path('/design/design.mlir').read_text(), sha256(Path('/candidate/kernel.cc')),
              ^^^^^^^^^^^^^^^^^^^^^^^^^^^^^^^^^^^^^^^^^^^^^^^^^^^^^^^^^^^^^^^^^^^^^^^^^^^^^^^^^^^^^^^^^
  File ""/framework/npu_agent/sim/amd_mlir_frontend.py"", line 81, in parse_mlir
    module = Module.parse(text)
             ^^^^^^^^^^^^^^^^^^
aie._mlir_libs._mlir.ir.MLIRError: Unable to parse module assembly:
error: ""-"":16:17: Dialect `AIE' not found for custom op 'AIE.tile' 
 note: ""-"":16:17: Available dialects: acc, affine, aie, aievec, aiex, amdgpu, arith, arm_neon, arm_sme, arm_sve, async, bufferization, builtin, cf, complex, dlti, emitc, func, gpu, index, irdl, linalg, llvm, math, memref, ml_program, mpi, nvgpu, nvvm, omp, pdl, pdl_interp, ptr, quant, rocdl, scf, shape, shard, smt, sparse_tensor, spirv, tensor, tosa, transform, ub, vcix, vector, wasmssa, x86, xegpu, xevm ; for more info on dialect registration see https://mlir.llvm.org/getting_started/Faq/#registered-loaded-dependent-whats-up-with-dialects-management
",0,True,0.0,,
translation,1666138f0fe1e4b1c8cb130b,cuda_vector_add,amd_xdna2_npu2,direct,4,model_code,completed,,,8245,True,52.45539935099805,gen-1789638353-DfZWAEATGHDL9vSarVgo,0.0050151621
translation,1666138f0fe1e4b1c8cb130b,cuda_vector_add,amd_xdna2_npu2,direct,4,target_execution,blocked,,No validated executor for the emitted target artifact is configured.,0,True,0.0,,
translation,1666138f0fe1e4b1c8cb130b,cuda_vector_add,amd_xdna2_npu2,direct,4,performance,not_requested,,,0,True,0.0,,
translation,1666138f0fe1e4b1c8cb130b,cuda_vector_add,amd_xdna2_npu2,direct,4,oracle_validation,passed,,,0,True,0.0009887029955280013,,
translation,1666138f0fe1e4b1c8cb130b,cuda_vector_add,amd_xdna2_npu2,direct,4,design_emission,passed,,,0,True,0.816096346003178,,
translation,1666138f0fe1e4b1c8cb130b,cuda_vector_add,amd_xdna2_npu2,direct,4,target_compile,failed,backend_api,"Traceback (most recent call last):
  File ""/tools/amd_compile.py"", line 93, in <module>
    main()
  File ""/tools/amd_compile.py"", line 26, in main
    module = Module.parse((work / 'design.mlir').read_text())
             ^^^^^^^^^^^^^^^^^^^^^^^^^^^^^^^^^^^^^^^^^^^^^^^^
aie._mlir_libs._mlir.ir.MLIRError: Unable to parse module assembly:
error: ""-"":16:17: Dialect `AIE' not found for custom op 'AIE.tile' 
 note: ""-"":16:17: Available dialects: acc, affine, aie, aievec, aiex, amdgpu, arith, arm_neon, arm_sme, arm_sve, async, bufferization, builtin, cf, complex, dlti, emitc, func, gpu, index, irdl, linalg, llvm, math, memref, ml_program, mpi, nvgpu, nvvm, omp, pdl, pdl_interp, ptr, quant, rocdl, scf, shape, shard, smt, sparse_tensor, spirv, tensor, tosa, transform, ub, vcix, vector, wasmssa, x86, xegpu, xevm ; for more info on dialect registration see https://mlir.llvm.org/getting_started/Faq/#registered-loaded-dependent-whats-up-with-dialects-management
",0,True,1.1167717429998447,,
translation,1666138f0fe1e4b1c8cb130b,cuda_vector_add,amd_xdna2_npu2,direct,4,dataflow_frontend,failed,backend_api,"Traceback (most recent call last):
  File ""/tools/amd_parse.py"", line 9, in <module>
    program = parse_mlir(Path('/design/design.mlir').read_text(), sha256(Path('/candidate/kernel.cc')),
              ^^^^^^^^^^^^^^^^^^^^^^^^^^^^^^^^^^^^^^^^^^^^^^^^^^^^^^^^^^^^^^^^^^^^^^^^^^^^^^^^^^^^^^^^^
  File ""/framework/npu_agent/sim/amd_mlir_frontend.py"", line 81, in parse_mlir
    module = Module.parse(text)
             ^^^^^^^^^^^^^^^^^^
aie._mlir_libs._mlir.ir.MLIRError: Unable to parse module assembly:
error: ""-"":16:17: Dialect `AIE' not found for custom op 'AIE.tile' 
 note: ""-"":16:17: Available dialects: acc, affine, aie, aievec, aiex, amdgpu, arith, arm_neon, arm_sme, arm_sve, async, bufferization, builtin, cf, complex, dlti, emitc, func, gpu, index, irdl, linalg, llvm, math, memref, ml_program, mpi, nvgpu, nvvm, omp, pdl, pdl_interp, ptr, quant, rocdl, scf, shape, shard, smt, sparse_tensor, spirv, tensor, tosa, transform, ub, vcix, vector, wasmssa, x86, xegpu, xevm ; for more info on dialect registration see https://mlir.llvm.org/getting_started/Faq/#registered-loaded-dependent-whats-up-with-dialects-management
",0,True,1.1168857250013389,,
translation,1666138f0fe1e4b1c8cb130b,cuda_vector_add,amd_xdna2_npu2,direct,4,host_execution,failed,,"Traceback (most recent call last):
  File ""/tools/amd_parse.py"", line 9, in <module>
    program = parse_mlir(Path('/design/design.mlir').read_text(), sha256(Path('/candidate/kernel.cc')),
              ^^^^^^^^^^^^^^^^^^^^^^^^^^^^^^^^^^^^^^^^^^^^^^^^^^^^^^^^^^^^^^^^^^^^^^^^^^^^^^^^^^^^^^^^^
  File ""/framework/npu_agent/sim/amd_mlir_frontend.py"", line 81, in parse_mlir
    module = Module.parse(text)
             ^^^^^^^^^^^^^^^^^^
aie._mlir_libs._mlir.ir.MLIRError: Unable to parse module assembly:
error: ""-"":16:17: Dialect `AIE' not found for custom op 'AIE.tile' 
 note: ""-"":16:17: Available dialects: acc, affine, aie, aievec, aiex, amdgpu, arith, arm_neon, arm_sme, arm_sve, async, bufferization, builtin, cf, complex, dlti, emitc, func, gpu, index, irdl, linalg, llvm, math, memref, ml_program, mpi, nvgpu, nvvm, omp, pdl, pdl_interp, ptr, quant, rocdl, scf, shape, shard, smt, sparse_tensor, spirv, tensor, tosa, transform, ub, vcix, vector, wasmssa, x86, xegpu, xevm ; for more info on dialect registration see https://mlir.llvm.org/getting_started/Faq/#registered-loaded-dependent-whats-up-with-dialects-management
",0,True,0.0,,
translation,1666138f0fe1e4b1c8cb130b,cuda_vector_add,amd_xdna2_npu2,direct,4,dataflow_simulation,failed,,"Traceback (most recent call last):
  File ""/tools/amd_parse.py"", line 9, in <module>
    program = parse_mlir(Path('/design/design.mlir').read_text(), sha256(Path('/candidate/kernel.cc')),
              ^^^^^^^^^^^^^^^^^^^^^^^^^^^^^^^^^^^^^^^^^^^^^^^^^^^^^^^^^^^^^^^^^^^^^^^^^^^^^^^^^^^^^^^^^
  File ""/framework/npu_agent/sim/amd_mlir_frontend.py"", line 81, in parse_mlir
    module = Module.parse(text)
             ^^^^^^^^^^^^^^^^^^
aie._mlir_libs._mlir.ir.MLIRError: Unable to parse module assembly:
error: ""-"":16:17: Dialect `AIE' not found for custom op 'AIE.tile' 
 note: ""-"":16:17: Available dialects: acc, affine, aie, aievec, aiex, amdgpu, arith, arm_neon, arm_sme, arm_sve, async, bufferization, builtin, cf, complex, dlti, emitc, func, gpu, index, irdl, linalg, llvm, math, memref, ml_program, mpi, nvgpu, nvvm, omp, pdl, pdl_interp, ptr, quant, rocdl, scf, shape, shard, smt, sparse_tensor, spirv, tensor, tosa, transform, ub, vcix, vector, wasmssa, x86, xegpu, xevm ; for more info on dialect registration see https://mlir.llvm.org/getting_started/Faq/#registered-loaded-dependent-whats-up-with-dialects-management
",0,True,0.0,,
translation,1666138f0fe1e4b1c8cb130b,cuda_vector_add,amd_xdna2_npu2,direct,5,model_code,completed,,,8131,True,49.905733389998204,gen-1789638409-HNY0IrwvnSzSVU0hLfPH,0.0051569895
translation,1666138f0fe1e4b1c8cb130b,cuda_vector_add,amd_xdna2_npu2,direct,5,target_execution,blocked,,No validated executor for the emitted target artifact is configured.,0,True,0.0,,
translation,1666138f0fe1e4b1c8cb130b,cuda_vector_add,amd_xdna2_npu2,direct,5,performance,not_requested,,,0,True,0.0,,
translation,1666138f0fe1e4b1c8cb130b,cuda_vector_add,amd_xdna2_npu2,direct,5,oracle_validation,passed,,,0,True,0.000994283996988088,,
translation,1666138f0fe1e4b1c8cb130b,cuda_vector_add,amd_xdna2_npu2,direct,5,design_emission,passed,,,0,True,0.8659745269978885,,
translation,1666138f0fe1e4b1c8cb130b,cuda_vector_add,amd_xdna2_npu2,direct,5,target_compile,failed,backend_api,"Traceback (most recent call last):
  File ""/tools/amd_compile.py"", line 93, in <module>
    main()
  File ""/tools/amd_compile.py"", line 26, in main
    module = Module.parse((work / 'design.mlir').read_text())
             ^^^^^^^^^^^^^^^^^^^^^^^^^^^^^^^^^^^^^^^^^^^^^^^^
aie._mlir_libs._mlir.ir.MLIRError: Unable to parse module assembly:
error: ""-"":12:13: Dialect `AIE' not found for custom op 'AIE.tile' 
 note: ""-"":12:13: Available dialects: acc, affine, aie, aievec, aiex, amdgpu, arith, arm_neon, arm_sme, arm_sve, async, bufferization, builtin, cf, complex, dlti, emitc, func, gpu, index, irdl, linalg, llvm, math, memref, ml_program, mpi, nvgpu, nvvm, omp, pdl, pdl_interp, ptr, quant, rocdl, scf, shape, shard, smt, sparse_tensor, spirv, tensor, tosa, transform, ub, vcix, vector, wasmssa, x86, xegpu, xevm ; for more info on dialect registration see https://mlir.llvm.org/getting_started/Faq/#registered-loaded-dependent-whats-up-with-dialects-management
",0,True,1.1264057389998925,,
translation,1666138f0fe1e4b1c8cb130b,cuda_vector_add,amd_xdna2_npu2,direct,5,dataflow_frontend,failed,backend_api,"Traceback (most recent call last):
  File ""/tools/amd_parse.py"", line 9, in <module>
    program = parse_mlir(Path('/design/design.mlir').read_text(), sha256(Path('/candidate/kernel.cc')),
              ^^^^^^^^^^^^^^^^^^^^^^^^^^^^^^^^^^^^^^^^^^^^^^^^^^^^^^^^^^^^^^^^^^^^^^^^^^^^^^^^^^^^^^^^^
  File ""/framework/npu_agent/sim/amd_mlir_frontend.py"", line 81, in parse_mlir
    module = Module.parse(text)
             ^^^^^^^^^^^^^^^^^^
aie._mlir_libs._mlir.ir.MLIRError: Unable to parse module assembly:
error: ""-"":12:13: Dialect `AIE' not found for custom op 'AIE.tile' 
 note: ""-"":12:13: Available dialects: acc, affine, aie, aievec, aiex, amdgpu, arith, arm_neon, arm_sme, arm_sve, async, bufferization, builtin, cf, complex, dlti, emitc, func, gpu, index, irdl, linalg, llvm, math, memref, ml_program, mpi, nvgpu, nvvm, omp, pdl, pdl_interp, ptr, quant, rocdl, scf, shape, shard, smt, sparse_tensor, spirv, tensor, tosa, transform, ub, vcix, vector, wasmssa, x86, xegpu, xevm ; for more info on dialect registration see https://mlir.llvm.org/getting_started/Faq/#registered-loaded-dependent-whats-up-with-dialects-management
",0,True,1.0667188669976895,,
translation,1666138f0fe1e4b1c8cb130b,cuda_vector_add,amd_xdna2_npu2,direct,5,host_execution,failed,,"Traceback (most recent call last):
  File ""/tools/amd_parse.py"", line 9, in <module>
    program = parse_mlir(Path('/design/design.mlir').read_text(), sha256(Path('/candidate/kernel.cc')),
              ^^^^^^^^^^^^^^^^^^^^^^^^^^^^^^^^^^^^^^^^^^^^^^^^^^^^^^^^^^^^^^^^^^^^^^^^^^^^^^^^^^^^^^^^^
  File ""/framework/npu_agent/sim/amd_mlir_frontend.py"", line 81, in parse_mlir
    module = Module.parse(text)
             ^^^^^^^^^^^^^^^^^^
aie._mlir_libs._mlir.ir.MLIRError: Unable to parse module assembly:
error: ""-"":12:13: Dialect `AIE' not found for custom op 'AIE.tile' 
 note: ""-"":12:13: Available dialects: acc, affine, aie, aievec, aiex, amdgpu, arith, arm_neon, arm_sme, arm_sve, async, bufferization, builtin, cf, complex, dlti, emitc, func, gpu, index, irdl, linalg, llvm, math, memref, ml_program, mpi, nvgpu, nvvm, omp, pdl, pdl_interp, ptr, quant, rocdl, scf, shape, shard, smt, sparse_tensor, spirv, tensor, tosa, transform, ub, vcix, vector, wasmssa, x86, xegpu, xevm ; for more info on dialect registration see https://mlir.llvm.org/getting_started/Faq/#registered-loaded-dependent-whats-up-with-dialects-management
",0,True,0.0,,
translation,1666138f0fe1e4b1c8cb130b,cuda_vector_add,amd_xdna2_npu2,direct,5,dataflow_simulation,failed,,"Traceback (most recent call last):
  File ""/tools/amd_parse.py"", line 9, in <module>
    program = parse_mlir(Path('/design/design.mlir').read_text(), sha256(Path('/candidate/kernel.cc')),
              ^^^^^^^^^^^^^^^^^^^^^^^^^^^^^^^^^^^^^^^^^^^^^^^^^^^^^^^^^^^^^^^^^^^^^^^^^^^^^^^^^^^^^^^^^
  File ""/framework/npu_agent/sim/amd_mlir_frontend.py"", line 81, in parse_mlir
    module = Module.parse(text)
             ^^^^^^^^^^^^^^^^^^
aie._mlir_libs._mlir.ir.MLIRError: Unable to parse module assembly:
error: ""-"":12:13: Dialect `AIE' not found for custom op 'AIE.tile' 
 note: ""-"":12:13: Available dialects: acc, affine, aie, aievec, aiex, amdgpu, arith, arm_neon, arm_sme, arm_sve, async, bufferization, builtin, cf, complex, dlti, emitc, func, gpu, index, irdl, linalg, llvm, math, memref, ml_program, mpi, nvgpu, nvvm, omp, pdl, pdl_interp, ptr, quant, rocdl, scf, shape, shard, smt, sparse_tensor, spirv, tensor, tosa, transform, ub, vcix, vector, wasmssa, x86, xegpu, xevm ; for more info on dialect registration see https://mlir.llvm.org/getting_started/Faq/#registered-loaded-dependent-whats-up-with-dialects-management
",0,True,0.0,,
translation,1666138f0fe1e4b1c8cb130b,cuda_vector_add,amd_xdna2_npu2,direct,6,model_code,completed,,,10291,True,92.72788476799906,gen-1789638462-DyUkr4FAGV8Vq4rA6kGS,0.0073626501
translation,1666138f0fe1e4b1c8cb130b,cuda_vector_add,amd_xdna2_npu2,direct,6,target_execution,blocked,,No validated executor for the emitted target artifact is configured.,0,True,0.0,,
translation,1666138f0fe1e4b1c8cb130b,cuda_vector_add,amd_xdna2_npu2,direct,6,performance,not_requested,,,0,True,0.0,,
translation,1666138f0fe1e4b1c8cb130b,cuda_vector_add,amd_xdna2_npu2,direct,6,oracle_validation,passed,,,0,True,0.0011418969952501357,,
translation,1666138f0fe1e4b1c8cb130b,cuda_vector_add,amd_xdna2_npu2,direct,6,design_emission,passed,,,0,True,0.9164488909955253,,
translation,1666138f0fe1e4b1c8cb130b,cuda_vector_add,amd_xdna2_npu2,direct,6,target_compile,failed,backend_api,"Traceback (most recent call last):
  File ""/tools/amd_compile.py"", line 93, in <module>
    main()
  File ""/tools/amd_compile.py"", line 26, in main
    module = Module.parse((work / 'design.mlir').read_text())
             ^^^^^^^^^^^^^^^^^^^^^^^^^^^^^^^^^^^^^^^^^^^^^^^^
aie._mlir_libs._mlir.ir.MLIRError: Unable to parse module assembly:
error: ""-"":15:15: custom op 'aie.memory' is unknown
",0,True,1.1168269460031297,,
translation,1666138f0fe1e4b1c8cb130b,cuda_vector_add,amd_xdna2_npu2,direct,6,dataflow_frontend,failed,backend_api,"Traceback (most recent call last):
  File ""/tools/amd_parse.py"", line 9, in <module>
    program = parse_mlir(Path('/design/design.mlir').read_text(), sha256(Path('/candidate/kernel.cc')),
              ^^^^^^^^^^^^^^^^^^^^^^^^^^^^^^^^^^^^^^^^^^^^^^^^^^^^^^^^^^^^^^^^^^^^^^^^^^^^^^^^^^^^^^^^^
  File ""/framework/npu_agent/sim/amd_mlir_frontend.py"", line 81, in parse_mlir
    module = Module.parse(text)
             ^^^^^^^^^^^^^^^^^^
aie._mlir_libs._mlir.ir.MLIRError: Unable to parse module assembly:
error: ""-"":15:15: custom op 'aie.memory' is unknown
",0,True,1.116926363996754,,
translation,1666138f0fe1e4b1c8cb130b,cuda_vector_add,amd_xdna2_npu2,direct,6,host_execution,failed,,"Traceback (most recent call last):
  File ""/tools/amd_parse.py"", line 9, in <module>
    program = parse_mlir(Path('/design/design.mlir').read_text(), sha256(Path('/candidate/kernel.cc')),
              ^^^^^^^^^^^^^^^^^^^^^^^^^^^^^^^^^^^^^^^^^^^^^^^^^^^^^^^^^^^^^^^^^^^^^^^^^^^^^^^^^^^^^^^^^
  File ""/framework/npu_agent/sim/amd_mlir_frontend.py"", line 81, in parse_mlir
    module = Module.parse(text)
             ^^^^^^^^^^^^^^^^^^
aie._mlir_libs._mlir.ir.MLIRError: Unable to parse module assembly:
error: ""-"":15:15: custom op 'aie.memory' is unknown
",0,True,0.0,,
translation,1666138f0fe1e4b1c8cb130b,cuda_vector_add,amd_xdna2_npu2,direct,6,dataflow_simulation,failed,,"Traceback (most recent call last):
  File ""/tools/amd_parse.py"", line 9, in <module>
    program = parse_mlir(Path('/design/design.mlir').read_text(), sha256(Path('/candidate/kernel.cc')),
              ^^^^^^^^^^^^^^^^^^^^^^^^^^^^^^^^^^^^^^^^^^^^^^^^^^^^^^^^^^^^^^^^^^^^^^^^^^^^^^^^^^^^^^^^^
  File ""/framework/npu_agent/sim/amd_mlir_frontend.py"", line 81, in parse_mlir
    module = Module.parse(text)
             ^^^^^^^^^^^^^^^^^^
aie._mlir_libs._mlir.ir.MLIRError: Unable to parse module assembly:
error: ""-"":15:15: custom op 'aie.memory' is unknown
",0,True,0.0,,
translation,1666138f0fe1e4b1c8cb130b,cuda_vector_add,amd_xdna2_npu2,direct,7,model_code,completed,,,8759,True,68.7868935890001,gen-1789638558-EGOVg3tOzqL9mOZDiK6D,0.0057717231
translation,1666138f0fe1e4b1c8cb130b,cuda_vector_add,amd_xdna2_npu2,direct,7,target_execution,blocked,,No validated executor for the emitted target artifact is configured.,0,True,0.0,,
translation,1666138f0fe1e4b1c8cb130b,cuda_vector_add,amd_xdna2_npu2,direct,7,performance,not_requested,,,0,True,0.0,,
translation,1666138f0fe1e4b1c8cb130b,cuda_vector_add,amd_xdna2_npu2,direct,7,oracle_validation,passed,,,0,True,0.0011510909971548244,,
translation,1666138f0fe1e4b1c8cb130b,cuda_vector_add,amd_xdna2_npu2,direct,7,design_emission,passed,,,0,True,0.8661741609976161,,
translation,1666138f0fe1e4b1c8cb130b,cuda_vector_add,amd_xdna2_npu2,direct,7,target_compile,failed,backend_api,"Traceback (most recent call last):
  File ""/tools/amd_compile.py"", line 93, in <module>
    main()
  File ""/tools/amd_compile.py"", line 26, in main
    module = Module.parse((work / 'design.mlir').read_text())
             ^^^^^^^^^^^^^^^^^^^^^^^^^^^^^^^^^^^^^^^^^^^^^^^^
aie._mlir_libs._mlir.ir.MLIRError: Unable to parse module assembly:
error: ""-"":24:19: custom op 'aie.dma_start' invalid channel_dir attribute specification: ""Host2Mem""
",0,True,1.1168225170040387,,
translation,1666138f0fe1e4b1c8cb130b,cuda_vector_add,amd_xdna2_npu2,direct,7,dataflow_frontend,failed,backend_api,"Traceback (most recent call last):
  File ""/tools/amd_parse.py"", line 9, in <module>
    program = parse_mlir(Path('/design/design.mlir').read_text(), sha256(Path('/candidate/kernel.cc')),
              ^^^^^^^^^^^^^^^^^^^^^^^^^^^^^^^^^^^^^^^^^^^^^^^^^^^^^^^^^^^^^^^^^^^^^^^^^^^^^^^^^^^^^^^^^
  File ""/framework/npu_agent/sim/amd_mlir_frontend.py"", line 81, in parse_mlir
    module = Module.parse(text)
             ^^^^^^^^^^^^^^^^^^
aie._mlir_libs._mlir.ir.MLIRError: Unable to parse module assembly:
error: ""-"":24:19: custom op 'aie.dma_start' invalid channel_dir attribute specification: ""Host2Mem""
",0,True,0.9662665840005502,,
translation,1666138f0fe1e4b1c8cb130b,cuda_vector_add,amd_xdna2_npu2,direct,7,host_execution,failed,,"Traceback (most recent call last):
  File ""/tools/amd_parse.py"", line 9, in <module>
    program = parse_mlir(Path('/design/design.mlir').read_text(), sha256(Path('/candidate/kernel.cc')),
              ^^^^^^^^^^^^^^^^^^^^^^^^^^^^^^^^^^^^^^^^^^^^^^^^^^^^^^^^^^^^^^^^^^^^^^^^^^^^^^^^^^^^^^^^^
  File ""/framework/npu_agent/sim/amd_mlir_frontend.py"", line 81, in parse_mlir
    module = Module.parse(text)
             ^^^^^^^^^^^^^^^^^^
aie._mlir_libs._mlir.ir.MLIRError: Unable to parse module assembly:
error: ""-"":24:19: custom op 'aie.dma_start' invalid channel_dir attribute specification: ""Host2Mem""
",0,True,0.0,,
translation,1666138f0fe1e4b1c8cb130b,cuda_vector_add,amd_xdna2_npu2,direct,7,dataflow_simulation,failed,,"Traceback (most recent call last):
  File ""/tools/amd_parse.py"", line 9, in <module>
    program = parse_mlir(Path('/design/design.mlir').read_text(), sha256(Path('/candidate/kernel.cc')),
              ^^^^^^^^^^^^^^^^^^^^^^^^^^^^^^^^^^^^^^^^^^^^^^^^^^^^^^^^^^^^^^^^^^^^^^^^^^^^^^^^^^^^^^^^^
  File ""/framework/npu_agent/sim/amd_mlir_frontend.py"", line 81, in parse_mlir
    module = Module.parse(text)
             ^^^^^^^^^^^^^^^^^^
aie._mlir_libs._mlir.ir.MLIRError: Unable to parse module assembly:
error: ""-"":24:19: custom op 'aie.dma_start' invalid channel_dir attribute specification: ""Host2Mem""
",0,True,0.0,,
translation,1666138f0fe1e4b1c8cb130b,cuda_vector_add,amd_xdna2_npu2,direct,8,model_code,completed,,,8708,True,67.69525634500314,gen-1789638630-gq9Ga7fJz8KyqGnWmOyJ,0.0056735406
translation,1666138f0fe1e4b1c8cb130b,cuda_vector_add,amd_xdna2_npu2,direct,8,target_execution,blocked,,No validated executor for the emitted target artifact is configured.,0,True,0.0,,
translation,1666138f0fe1e4b1c8cb130b,cuda_vector_add,amd_xdna2_npu2,direct,8,performance,not_requested,,,0,True,0.0,,
translation,1666138f0fe1e4b1c8cb130b,cuda_vector_add,amd_xdna2_npu2,direct,8,oracle_validation,passed,,,0,True,0.0011270710019744001,,
translation,1666138f0fe1e4b1c8cb130b,cuda_vector_add,amd_xdna2_npu2,direct,8,design_emission,passed,,,0,True,0.8659977869974682,,
translation,1666138f0fe1e4b1c8cb130b,cuda_vector_add,amd_xdna2_npu2,direct,8,target_compile,failed,backend_api,"Traceback (most recent call last):
  File ""/tools/amd_compile.py"", line 93, in <module>
    main()
  File ""/tools/amd_compile.py"", line 26, in main
    module = Module.parse((work / 'design.mlir').read_text())
             ^^^^^^^^^^^^^^^^^^^^^^^^^^^^^^^^^^^^^^^^^^^^^^^^
aie._mlir_libs._mlir.ir.MLIRError: Unable to parse module assembly:
error: ""-"":24:19: custom op 'aie.dma_start' expected string or keyword containing one of the following enum values for attribute 'channel_dir' [S2MM, MM2S]
",0,True,1.0665721890036366,,
translation,1666138f0fe1e4b1c8cb130b,cuda_vector_add,amd_xdna2_npu2,direct,8,dataflow_frontend,failed,backend_api,"Traceback (most recent call last):
  File ""/tools/amd_parse.py"", line 9, in <module>
    program = parse_mlir(Path('/design/design.mlir').read_text(), sha256(Path('/candidate/kernel.cc')),
              ^^^^^^^^^^^^^^^^^^^^^^^^^^^^^^^^^^^^^^^^^^^^^^^^^^^^^^^^^^^^^^^^^^^^^^^^^^^^^^^^^^^^^^^^^
  File ""/framework/npu_agent/sim/amd_mlir_frontend.py"", line 81, in parse_mlir
    module = Module.parse(text)
             ^^^^^^^^^^^^^^^^^^
aie._mlir_libs._mlir.ir.MLIRError: Unable to parse module assembly:
error: ""-"":24:19: custom op 'aie.dma_start' expected string or keyword containing one of the following enum values for attribute 'channel_dir' [S2MM, MM2S]
",0,True,1.0664694820006844,,
translation,1666138f0fe1e4b1c8cb130b,cuda_vector_add,amd_xdna2_npu2,direct,8,host_execution,failed,,"Traceback (most recent call last):
  File ""/tools/amd_parse.py"", line 9, in <module>
    program = parse_mlir(Path('/design/design.mlir').read_text(), sha256(Path('/candidate/kernel.cc')),
              ^^^^^^^^^^^^^^^^^^^^^^^^^^^^^^^^^^^^^^^^^^^^^^^^^^^^^^^^^^^^^^^^^^^^^^^^^^^^^^^^^^^^^^^^^
  File ""/framework/npu_agent/sim/amd_mlir_frontend.py"", line 81, in parse_mlir
    module = Module.parse(text)
             ^^^^^^^^^^^^^^^^^^
aie._mlir_libs._mlir.ir.MLIRError: Unable to parse module assembly:
error: ""-"":24:19: custom op 'aie.dma_start' expected string or keyword containing one of the following enum values for attribute 'channel_dir' [S2MM, MM2S]
",0,True,0.0,,
translation,1666138f0fe1e4b1c8cb130b,cuda_vector_add,amd_xdna2_npu2,direct,8,dataflow_simulation,failed,,"Traceback (most recent call last):
  File ""/tools/amd_parse.py"", line 9, in <module>
    program = parse_mlir(Path('/design/design.mlir').read_text(), sha256(Path('/candidate/kernel.cc')),
              ^^^^^^^^^^^^^^^^^^^^^^^^^^^^^^^^^^^^^^^^^^^^^^^^^^^^^^^^^^^^^^^^^^^^^^^^^^^^^^^^^^^^^^^^^
  File ""/framework/npu_agent/sim/amd_mlir_frontend.py"", line 81, in parse_mlir
    module = Module.parse(text)
             ^^^^^^^^^^^^^^^^^^
aie._mlir_libs._mlir.ir.MLIRError: Unable to parse module assembly:
error: ""-"":24:19: custom op 'aie.dma_start' expected string or keyword containing one of the following enum values for attribute 'channel_dir' [S2MM, MM2S]
",0,True,0.0,,
translation,1666138f0fe1e4b1c8cb130b,cuda_vector_add,amd_xdna2_npu2,direct,9,model_code,completed,,,9616,True,79.72335284300061,gen-1789638701-3BOPL5nqQvbjOSsc307S,0.0065434746
translation,1666138f0fe1e4b1c8cb130b,cuda_vector_add,amd_xdna2_npu2,direct,9,target_execution,blocked,,No validated executor for the emitted target artifact is configured.,0,True,0.0,,
translation,1666138f0fe1e4b1c8cb130b,cuda_vector_add,amd_xdna2_npu2,direct,9,performance,not_requested,,,0,True,0.0,,
translation,1666138f0fe1e4b1c8cb130b,cuda_vector_add,amd_xdna2_npu2,direct,9,oracle_validation,passed,,,0,True,0.0010491110006114468,,
translation,1666138f0fe1e4b1c8cb130b,cuda_vector_add,amd_xdna2_npu2,direct,9,design_emission,passed,,,0,True,0.8662198160018306,,
translation,1666138f0fe1e4b1c8cb130b,cuda_vector_add,amd_xdna2_npu2,direct,9,target_compile,failed,backend_api,"Traceback (most recent call last):
  File ""/tools/amd_compile.py"", line 93, in <module>
    main()
  File ""/tools/amd_compile.py"", line 26, in main
    module = Module.parse((work / 'design.mlir').read_text())
             ^^^^^^^^^^^^^^^^^^^^^^^^^^^^^^^^^^^^^^^^^^^^^^^^
aie._mlir_libs._mlir.ir.MLIRError: Unable to parse module assembly:
error: ""-"":23:19: custom op 'aie.dma_start' expected string or keyword containing one of the following enum values for attribute 'channel_dir' [S2MM, MM2S]
",0,True,1.1169147649998195,,
translation,1666138f0fe1e4b1c8cb130b,cuda_vector_add,amd_xdna2_npu2,direct,9,dataflow_frontend,failed,backend_api,"Traceback (most recent call last):
  File ""/tools/amd_parse.py"", line 9, in <module>
    program = parse_mlir(Path('/design/design.mlir').read_text(), sha256(Path('/candidate/kernel.cc')),
              ^^^^^^^^^^^^^^^^^^^^^^^^^^^^^^^^^^^^^^^^^^^^^^^^^^^^^^^^^^^^^^^^^^^^^^^^^^^^^^^^^^^^^^^^^
  File ""/framework/npu_agent/sim/amd_mlir_frontend.py"", line 81, in parse_mlir
    module = Module.parse(text)
             ^^^^^^^^^^^^^^^^^^
aie._mlir_libs._mlir.ir.MLIRError: Unable to parse module assembly:
error: ""-"":23:19: custom op 'aie.dma_start' expected string or keyword containing one of the following enum values for attribute 'channel_dir' [S2MM, MM2S]
",0,True,1.0220476790054818,,
translation,1666138f0fe1e4b1c8cb130b,cuda_vector_add,amd_xdna2_npu2,direct,9,host_execution,failed,,"Traceback (most recent call last):
  File ""/tools/amd_parse.py"", line 9, in <module>
    program = parse_mlir(Path('/design/design.mlir').read_text(), sha256(Path('/candidate/kernel.cc')),
              ^^^^^^^^^^^^^^^^^^^^^^^^^^^^^^^^^^^^^^^^^^^^^^^^^^^^^^^^^^^^^^^^^^^^^^^^^^^^^^^^^^^^^^^^^
  File ""/framework/npu_agent/sim/amd_mlir_frontend.py"", line 81, in parse_mlir
    module = Module.parse(text)
             ^^^^^^^^^^^^^^^^^^
aie._mlir_libs._mlir.ir.MLIRError: Unable to parse module assembly:
error: ""-"":23:19: custom op 'aie.dma_start' expected string or keyword containing one of the following enum values for attribute 'channel_dir' [S2MM, MM2S]
",0,True,0.0,,
translation,1666138f0fe1e4b1c8cb130b,cuda_vector_add,amd_xdna2_npu2,direct,9,dataflow_simulation,failed,,"Traceback (most recent call last):
  File ""/tools/amd_parse.py"", line 9, in <module>
    program = parse_mlir(Path('/design/design.mlir').read_text(), sha256(Path('/candidate/kernel.cc')),
              ^^^^^^^^^^^^^^^^^^^^^^^^^^^^^^^^^^^^^^^^^^^^^^^^^^^^^^^^^^^^^^^^^^^^^^^^^^^^^^^^^^^^^^^^^
  File ""/framework/npu_agent/sim/amd_mlir_frontend.py"", line 81, in parse_mlir
    module = Module.parse(text)
             ^^^^^^^^^^^^^^^^^^
aie._mlir_libs._mlir.ir.MLIRError: Unable to parse module assembly:
error: ""-"":23:19: custom op 'aie.dma_start' expected string or keyword containing one of the following enum values for attribute 'channel_dir' [S2MM, MM2S]
",0,True,0.0,,
translation,1666138f0fe1e4b1c8cb130b,cuda_vector_add,amd_xdna2_npu2,direct,10,model_code,completed,,,9094,True,72.84682007099764,gen-1789638783-OANRIkkoiRx8RIA8wJef,0.0061388886
translation,1666138f0fe1e4b1c8cb130b,cuda_vector_add,amd_xdna2_npu2,direct,10,target_execution,blocked,,No validated executor for the emitted target artifact is configured.,0,True,0.0,,
translation,1666138f0fe1e4b1c8cb130b,cuda_vector_add,amd_xdna2_npu2,direct,10,performance,not_requested,,,0,True,0.0,,
translation,1666138f0fe1e4b1c8cb130b,cuda_vector_add,amd_xdna2_npu2,direct,10,oracle_validation,passed,,,0,True,0.0010701690043788403,,
translation,1666138f0fe1e4b1c8cb130b,cuda_vector_add,amd_xdna2_npu2,direct,10,design_emission,passed,,,0,True,0.8662167410002439,,
translation,1666138f0fe1e4b1c8cb130b,cuda_vector_add,amd_xdna2_npu2,direct,10,target_compile,failed,backend_api,"Traceback (most recent call last):
  File ""/tools/amd_compile.py"", line 93, in <module>
    main()
  File ""/tools/amd_compile.py"", line 26, in main
    module = Module.parse((work / 'design.mlir').read_text())
             ^^^^^^^^^^^^^^^^^^^^^^^^^^^^^^^^^^^^^^^^^^^^^^^^
aie._mlir_libs._mlir.ir.MLIRError: Unable to parse module assembly:
error: ""-"":23:19: custom op 'aie.dma_start' expected string or keyword containing one of the following enum values for attribute 'channel_dir' [S2MM, MM2S]
",0,True,1.1671304830015288,,
translation,1666138f0fe1e4b1c8cb130b,cuda_vector_add,amd_xdna2_npu2,direct,10,dataflow_frontend,failed,backend_api,"Traceback (most recent call last):
  File ""/tools/amd_parse.py"", line 9, in <module>
    program = parse_mlir(Path('/design/design.mlir').read_text(), sha256(Path('/candidate/kernel.cc')),
              ^^^^^^^^^^^^^^^^^^^^^^^^^^^^^^^^^^^^^^^^^^^^^^^^^^^^^^^^^^^^^^^^^^^^^^^^^^^^^^^^^^^^^^^^^
  File ""/framework/npu_agent/sim/amd_mlir_frontend.py"", line 81, in parse_mlir
    module = Module.parse(text)
             ^^^^^^^^^^^^^^^^^^
aie._mlir_libs._mlir.ir.MLIRError: Unable to parse module assembly:
error: ""-"":23:19: custom op 'aie.dma_start' expected string or keyword containing one of the following enum values for attribute 'channel_dir' [S2MM, MM2S]
",0,True,1.0164588059997186,,
translation,1666138f0fe1e4b1c8cb130b,cuda_vector_add,amd_xdna2_npu2,direct,10,host_execution,failed,,"Traceback (most recent call last):
  File ""/tools/amd_parse.py"", line 9, in <module>
    program = parse_mlir(Path('/design/design.mlir').read_text(), sha256(Path('/candidate/kernel.cc')),
              ^^^^^^^^^^^^^^^^^^^^^^^^^^^^^^^^^^^^^^^^^^^^^^^^^^^^^^^^^^^^^^^^^^^^^^^^^^^^^^^^^^^^^^^^^
  File ""/framework/npu_agent/sim/amd_mlir_frontend.py"", line 81, in parse_mlir
    module = Module.parse(text)
             ^^^^^^^^^^^^^^^^^^
aie._mlir_libs._mlir.ir.MLIRError: Unable to parse module assembly:
error: ""-"":23:19: custom op 'aie.dma_start' expected string or keyword containing one of the following enum values for attribute 'channel_dir' [S2MM, MM2S]
",0,True,0.0,,
translation,1666138f0fe1e4b1c8cb130b,cuda_vector_add,amd_xdna2_npu2,direct,10,dataflow_simulation,failed,,"Traceback (most recent call last):
  File ""/tools/amd_parse.py"", line 9, in <module>
    program = parse_mlir(Path('/design/design.mlir').read_text(), sha256(Path('/candidate/kernel.cc')),
              ^^^^^^^^^^^^^^^^^^^^^^^^^^^^^^^^^^^^^^^^^^^^^^^^^^^^^^^^^^^^^^^^^^^^^^^^^^^^^^^^^^^^^^^^^
  File ""/framework/npu_agent/sim/amd_mlir_frontend.py"", line 81, in parse_mlir
    module = Module.parse(text)
             ^^^^^^^^^^^^^^^^^^
aie._mlir_libs._mlir.ir.MLIRError: Unable to parse module assembly:
error: ""-"":23:19: custom op 'aie.dma_start' expected string or keyword containing one of the following enum values for attribute 'channel_dir' [S2MM, MM2S]
",0,True,0.0,,
translation,d002d203290a8582b987f00e,cuda_vector_add,amd_xdna2_npu2,hinted_ir,1,model_intermediate,completed,,,2763,True,39.32078531199659,gen-1789638859-lVyJilVO8ONdVHuomEcD,0.0025931295
translation,d002d203290a8582b987f00e,cuda_vector_add,amd_xdna2_npu2,hinted_ir,1,model_code,completed,,,6738,True,103.55650560700451,gen-1789638899-G9kTgerxn67w0VwLnYqU,0.006621576
translation,d002d203290a8582b987f00e,cuda_vector_add,amd_xdna2_npu2,hinted_ir,1,candidate_contract,failed,model_output,"generated bundle is missing required files: ['design.py', 'kernel.cc']",0,True,,,
translation,d002d203290a8582b987f00e,cuda_vector_add,amd_xdna2_npu2,hinted_ir,2,model_code,completed,,,6602,True,101.38115976599511,gen-1789639002-EVGEfCWtvnqgXLTIKvdT,0.006425211
translation,d002d203290a8582b987f00e,cuda_vector_add,amd_xdna2_npu2,hinted_ir,2,target_execution,blocked,,No validated executor for the emitted target artifact is configured.,0,True,0.0,,
translation,d002d203290a8582b987f00e,cuda_vector_add,amd_xdna2_npu2,hinted_ir,2,performance,not_requested,,,0,True,0.0,,
translation,d002d203290a8582b987f00e,cuda_vector_add,amd_xdna2_npu2,hinted_ir,2,oracle_validation,passed,,,0,True,0.0010559389993431978,,
translation,d002d203290a8582b987f00e,cuda_vector_add,amd_xdna2_npu2,hinted_ir,2,design_emission,passed,,,0,True,1.0166788600035943,,
translation,d002d203290a8582b987f00e,cuda_vector_add,amd_xdna2_npu2,hinted_ir,2,target_compile,failed,backend_api,"Traceback (most recent call last):
  File ""/tools/amd_compile.py"", line 93, in <module>
    main()
  File ""/tools/amd_compile.py"", line 26, in main
    module = Module.parse((work / 'design.mlir').read_text())
             ^^^^^^^^^^^^^^^^^^^^^^^^^^^^^^^^^^^^^^^^^^^^^^^^
aie._mlir_libs._mlir.ir.MLIRError: Unable to parse module assembly:
error: ""-"":1:40: unknown attribute `device` in dialect `aie`
",0,True,1.0667041720007546,,
translation,d002d203290a8582b987f00e,cuda_vector_add,amd_xdna2_npu2,hinted_ir,2,dataflow_frontend,failed,backend_api,"Traceback (most recent call last):
  File ""/tools/amd_parse.py"", line 9, in <module>
    program = parse_mlir(Path('/design/design.mlir').read_text(), sha256(Path('/candidate/kernel.cc')),
              ^^^^^^^^^^^^^^^^^^^^^^^^^^^^^^^^^^^^^^^^^^^^^^^^^^^^^^^^^^^^^^^^^^^^^^^^^^^^^^^^^^^^^^^^^
  File ""/framework/npu_agent/sim/amd_mlir_frontend.py"", line 81, in parse_mlir
    module = Module.parse(text)
             ^^^^^^^^^^^^^^^^^^
aie._mlir_libs._mlir.ir.MLIRError: Unable to parse module assembly:
error: ""-"":1:40: unknown attribute `device` in dialect `aie`
",0,True,1.0668268730005366,,
translation,d002d203290a8582b987f00e,cuda_vector_add,amd_xdna2_npu2,hinted_ir,2,host_execution,failed,,"Traceback (most recent call last):
  File ""/tools/amd_parse.py"", line 9, in <module>
    program = parse_mlir(Path('/design/design.mlir').read_text(), sha256(Path('/candidate/kernel.cc')),
              ^^^^^^^^^^^^^^^^^^^^^^^^^^^^^^^^^^^^^^^^^^^^^^^^^^^^^^^^^^^^^^^^^^^^^^^^^^^^^^^^^^^^^^^^^
  File ""/framework/npu_agent/sim/amd_mlir_frontend.py"", line 81, in parse_mlir
    module = Module.parse(text)
             ^^^^^^^^^^^^^^^^^^
aie._mlir_libs._mlir.ir.MLIRError: Unable to parse module assembly:
error: ""-"":1:40: unknown attribute `device` in dialect `aie`
",0,True,0.0,,
translation,d002d203290a8582b987f00e,cuda_vector_add,amd_xdna2_npu2,hinted_ir,2,dataflow_simulation,failed,,"Traceback (most recent call last):
  File ""/tools/amd_parse.py"", line 9, in <module>
    program = parse_mlir(Path('/design/design.mlir').read_text(), sha256(Path('/candidate/kernel.cc')),
              ^^^^^^^^^^^^^^^^^^^^^^^^^^^^^^^^^^^^^^^^^^^^^^^^^^^^^^^^^^^^^^^^^^^^^^^^^^^^^^^^^^^^^^^^^
  File ""/framework/npu_agent/sim/amd_mlir_frontend.py"", line 81, in parse_mlir
    module = Module.parse(text)
             ^^^^^^^^^^^^^^^^^^
aie._mlir_libs._mlir.ir.MLIRError: Unable to parse module assembly:
error: ""-"":1:40: unknown attribute `device` in dialect `aie`
",0,True,0.0,,
translation,d002d203290a8582b987f00e,cuda_vector_add,amd_xdna2_npu2,hinted_ir,3,model_code,completed,,,8842,True,71.96961456399731,gen-1789639107-MwYVfG7kS1sr4t9fa9kK,0.0058458972
translation,d002d203290a8582b987f00e,cuda_vector_add,amd_xdna2_npu2,hinted_ir,3,target_execution,blocked,,No validated executor for the emitted target artifact is configured.,0,True,0.0,,
translation,d002d203290a8582b987f00e,cuda_vector_add,amd_xdna2_npu2,hinted_ir,3,performance,not_requested,,,0,True,0.0,,
translation,d002d203290a8582b987f00e,cuda_vector_add,amd_xdna2_npu2,hinted_ir,3,oracle_validation,passed,,,0,True,0.0009904909966280684,,
translation,d002d203290a8582b987f00e,cuda_vector_add,amd_xdna2_npu2,hinted_ir,3,design_emission,passed,,,0,True,1.0165297359999386,,
translation,d002d203290a8582b987f00e,cuda_vector_add,amd_xdna2_npu2,hinted_ir,3,target_compile,failed,backend_api,"Traceback (most recent call last):
  File ""/tools/amd_compile.py"", line 93, in <module>
    main()
  File ""/tools/amd_compile.py"", line 26, in main
    module = Module.parse((work / 'design.mlir').read_text())
             ^^^^^^^^^^^^^^^^^^^^^^^^^^^^^^^^^^^^^^^^^^^^^^^^
aie._mlir_libs._mlir.ir.MLIRError: Unable to parse module assembly:
error: ""-"":3:29: unknown attribute `target_profile` in dialect `aie`
",0,True,1.1166985149975517,,
translation,d002d203290a8582b987f00e,cuda_vector_add,amd_xdna2_npu2,hinted_ir,3,dataflow_frontend,failed,backend_api,"Traceback (most recent call last):
  File ""/tools/amd_parse.py"", line 9, in <module>
    program = parse_mlir(Path('/design/design.mlir').read_text(), sha256(Path('/candidate/kernel.cc')),
              ^^^^^^^^^^^^^^^^^^^^^^^^^^^^^^^^^^^^^^^^^^^^^^^^^^^^^^^^^^^^^^^^^^^^^^^^^^^^^^^^^^^^^^^^^
  File ""/framework/npu_agent/sim/amd_mlir_frontend.py"", line 81, in parse_mlir
    module = Module.parse(text)
             ^^^^^^^^^^^^^^^^^^
aie._mlir_libs._mlir.ir.MLIRError: Unable to parse module assembly:
error: ""-"":3:29: unknown attribute `target_profile` in dialect `aie`
",0,True,1.116699908998271,,
translation,d002d203290a8582b987f00e,cuda_vector_add,amd_xdna2_npu2,hinted_ir,3,host_execution,failed,,"Traceback (most recent call last):
  File ""/tools/amd_parse.py"", line 9, in <module>
    program = parse_mlir(Path('/design/design.mlir').read_text(), sha256(Path('/candidate/kernel.cc')),
              ^^^^^^^^^^^^^^^^^^^^^^^^^^^^^^^^^^^^^^^^^^^^^^^^^^^^^^^^^^^^^^^^^^^^^^^^^^^^^^^^^^^^^^^^^
  File ""/framework/npu_agent/sim/amd_mlir_frontend.py"", line 81, in parse_mlir
    module = Module.parse(text)
             ^^^^^^^^^^^^^^^^^^
aie._mlir_libs._mlir.ir.MLIRError: Unable to parse module assembly:
error: ""-"":3:29: unknown attribute `target_profile` in dialect `aie`
",0,True,0.0,,
translation,d002d203290a8582b987f00e,cuda_vector_add,amd_xdna2_npu2,hinted_ir,3,dataflow_simulation,failed,,"Traceback (most recent call last):
  File ""/tools/amd_parse.py"", line 9, in <module>
    program = parse_mlir(Path('/design/design.mlir').read_text(), sha256(Path('/candidate/kernel.cc')),
              ^^^^^^^^^^^^^^^^^^^^^^^^^^^^^^^^^^^^^^^^^^^^^^^^^^^^^^^^^^^^^^^^^^^^^^^^^^^^^^^^^^^^^^^^^
  File ""/framework/npu_agent/sim/amd_mlir_frontend.py"", line 81, in parse_mlir
    module = Module.parse(text)
             ^^^^^^^^^^^^^^^^^^
aie._mlir_libs._mlir.ir.MLIRError: Unable to parse module assembly:
error: ""-"":3:29: unknown attribute `target_profile` in dialect `aie`
",0,True,0.0,,
translation,d002d203290a8582b987f00e,cuda_vector_add,amd_xdna2_npu2,hinted_ir,4,model_code,completed,,,11469,True,118.0034824760005,gen-1789639182-GwO395rCdx9slxQCKWFd,0.0091702455
translation,d002d203290a8582b987f00e,cuda_vector_add,amd_xdna2_npu2,hinted_ir,4,target_execution,blocked,,No validated executor for the emitted target artifact is configured.,0,True,0.0,,
translation,d002d203290a8582b987f00e,cuda_vector_add,amd_xdna2_npu2,hinted_ir,4,performance,not_requested,,,0,True,0.0,,
translation,d002d203290a8582b987f00e,cuda_vector_add,amd_xdna2_npu2,hinted_ir,4,oracle_validation,passed,,,0,True,0.0010100290019181557,,
translation,d002d203290a8582b987f00e,cuda_vector_add,amd_xdna2_npu2,hinted_ir,4,design_emission,passed,,,0,True,0.8660578749986598,,
translation,d002d203290a8582b987f00e,cuda_vector_add,amd_xdna2_npu2,hinted_ir,4,target_compile,failed,backend_api,"Traceback (most recent call last):
  File ""/tools/amd_compile.py"", line 93, in <module>
    main()
  File ""/tools/amd_compile.py"", line 26, in main
    module = Module.parse((work / 'design.mlir').read_text())
             ^^^^^^^^^^^^^^^^^^^^^^^^^^^^^^^^^^^^^^^^^^^^^^^^
aie._mlir_libs._mlir.ir.MLIRError: Unable to parse module assembly:
error: ""-"":3:29: unknown attribute `target_profile` in dialect `aie`
",0,True,1.1168220210020081,,
translation,d002d203290a8582b987f00e,cuda_vector_add,amd_xdna2_npu2,hinted_ir,4,dataflow_frontend,failed,backend_api,"Traceback (most recent call last):
  File ""/tools/amd_parse.py"", line 9, in <module>
    program = parse_mlir(Path('/design/design.mlir').read_text(), sha256(Path('/candidate/kernel.cc')),
              ^^^^^^^^^^^^^^^^^^^^^^^^^^^^^^^^^^^^^^^^^^^^^^^^^^^^^^^^^^^^^^^^^^^^^^^^^^^^^^^^^^^^^^^^^
  File ""/framework/npu_agent/sim/amd_mlir_frontend.py"", line 81, in parse_mlir
    module = Module.parse(text)
             ^^^^^^^^^^^^^^^^^^
aie._mlir_libs._mlir.ir.MLIRError: Unable to parse module assembly:
error: ""-"":3:29: unknown attribute `target_profile` in dialect `aie`
",0,True,0.9664496070035966,,
translation,d002d203290a8582b987f00e,cuda_vector_add,amd_xdna2_npu2,hinted_ir,4,host_execution,failed,,"Traceback (most recent call last):
  File ""/tools/amd_parse.py"", line 9, in <module>
    program = parse_mlir(Path('/design/design.mlir').read_text(), sha256(Path('/candidate/kernel.cc')),
              ^^^^^^^^^^^^^^^^^^^^^^^^^^^^^^^^^^^^^^^^^^^^^^^^^^^^^^^^^^^^^^^^^^^^^^^^^^^^^^^^^^^^^^^^^
  File ""/framework/npu_agent/sim/amd_mlir_frontend.py"", line 81, in parse_mlir
    module = Module.parse(text)
             ^^^^^^^^^^^^^^^^^^
aie._mlir_libs._mlir.ir.MLIRError: Unable to parse module assembly:
error: ""-"":3:29: unknown attribute `target_profile` in dialect `aie`
",0,True,0.0,,
translation,d002d203290a8582b987f00e,cuda_vector_add,amd_xdna2_npu2,hinted_ir,4,dataflow_simulation,failed,,"Traceback (most recent call last):
  File ""/tools/amd_parse.py"", line 9, in <module>
    program = parse_mlir(Path('/design/design.mlir').read_text(), sha256(Path('/candidate/kernel.cc')),
              ^^^^^^^^^^^^^^^^^^^^^^^^^^^^^^^^^^^^^^^^^^^^^^^^^^^^^^^^^^^^^^^^^^^^^^^^^^^^^^^^^^^^^^^^^
  File ""/framework/npu_agent/sim/amd_mlir_frontend.py"", line 81, in parse_mlir
    module = Module.parse(text)
             ^^^^^^^^^^^^^^^^^^
aie._mlir_libs._mlir.ir.MLIRError: Unable to parse module assembly:
error: ""-"":3:29: unknown attribute `target_profile` in dialect `aie`
",0,True,0.0,,
translation,d002d203290a8582b987f00e,cuda_vector_add,amd_xdna2_npu2,hinted_ir,5,model_code,completed,,,10848,True,108.83166217500548,gen-1789639303-QZsAJe4g78Uys6Xq3gu2,0.00809172
translation,d002d203290a8582b987f00e,cuda_vector_add,amd_xdna2_npu2,hinted_ir,5,target_execution,blocked,,No validated executor for the emitted target artifact is configured.,0,True,0.0,,
translation,d002d203290a8582b987f00e,cuda_vector_add,amd_xdna2_npu2,hinted_ir,5,performance,not_requested,,,0,True,0.0,,
translation,d002d203290a8582b987f00e,cuda_vector_add,amd_xdna2_npu2,hinted_ir,5,oracle_validation,passed,,,0,True,0.0011556259996723384,,
translation,d002d203290a8582b987f00e,cuda_vector_add,amd_xdna2_npu2,hinted_ir,5,design_emission,passed,,,0,True,0.9659686559971306,,
translation,d002d203290a8582b987f00e,cuda_vector_add,amd_xdna2_npu2,hinted_ir,5,target_compile,failed,backend_api,"Traceback (most recent call last):
  File ""/tools/amd_compile.py"", line 93, in <module>
    main()
  File ""/tools/amd_compile.py"", line 26, in main
    module = Module.parse((work / 'design.mlir').read_text())
             ^^^^^^^^^^^^^^^^^^^^^^^^^^^^^^^^^^^^^^^^^^^^^^^^
aie._mlir_libs._mlir.ir.MLIRError: Unable to parse module assembly:
error: ""-"":29:14: expected ')'
",0,True,1.1162442109998665,,
translation,d002d203290a8582b987f00e,cuda_vector_add,amd_xdna2_npu2,hinted_ir,5,dataflow_frontend,failed,backend_api,"Traceback (most recent call last):
  File ""/tools/amd_parse.py"", line 9, in <module>
    program = parse_mlir(Path('/design/design.mlir').read_text(), sha256(Path('/candidate/kernel.cc')),
              ^^^^^^^^^^^^^^^^^^^^^^^^^^^^^^^^^^^^^^^^^^^^^^^^^^^^^^^^^^^^^^^^^^^^^^^^^^^^^^^^^^^^^^^^^
  File ""/framework/npu_agent/sim/amd_mlir_frontend.py"", line 81, in parse_mlir
    module = Module.parse(text)
             ^^^^^^^^^^^^^^^^^^
aie._mlir_libs._mlir.ir.MLIRError: Unable to parse module assembly:
error: ""-"":29:14: expected ')'
",0,True,1.1177165140034049,,
translation,d002d203290a8582b987f00e,cuda_vector_add,amd_xdna2_npu2,hinted_ir,5,host_execution,failed,,"Traceback (most recent call last):
  File ""/tools/amd_parse.py"", line 9, in <module>
    program = parse_mlir(Path('/design/design.mlir').read_text(), sha256(Path('/candidate/kernel.cc')),
              ^^^^^^^^^^^^^^^^^^^^^^^^^^^^^^^^^^^^^^^^^^^^^^^^^^^^^^^^^^^^^^^^^^^^^^^^^^^^^^^^^^^^^^^^^
  File ""/framework/npu_agent/sim/amd_mlir_frontend.py"", line 81, in parse_mlir
    module = Module.parse(text)
             ^^^^^^^^^^^^^^^^^^
aie._mlir_libs._mlir.ir.MLIRError: Unable to parse module assembly:
error: ""-"":29:14: expected ')'
",0,True,0.0,,
translation,d002d203290a8582b987f00e,cuda_vector_add,amd_xdna2_npu2,hinted_ir,5,dataflow_simulation,failed,,"Traceback (most recent call last):
  File ""/tools/amd_parse.py"", line 9, in <module>
    program = parse_mlir(Path('/design/design.mlir').read_text(), sha256(Path('/candidate/kernel.cc')),
              ^^^^^^^^^^^^^^^^^^^^^^^^^^^^^^^^^^^^^^^^^^^^^^^^^^^^^^^^^^^^^^^^^^^^^^^^^^^^^^^^^^^^^^^^^
  File ""/framework/npu_agent/sim/amd_mlir_frontend.py"", line 81, in parse_mlir
    module = Module.parse(text)
             ^^^^^^^^^^^^^^^^^^
aie._mlir_libs._mlir.ir.MLIRError: Unable to parse module assembly:
error: ""-"":29:14: expected ')'
",0,True,0.0,,
translation,d002d203290a8582b987f00e,cuda_vector_add,amd_xdna2_npu2,hinted_ir,6,model_code,completed,,,10872,True,109.24843183899793,gen-1789639415-nRL8gXA402dE6R3ayLD9,0.008562255
translation,d002d203290a8582b987f00e,cuda_vector_add,amd_xdna2_npu2,hinted_ir,6,target_execution,blocked,,No validated executor for the emitted target artifact is configured.,0,True,0.0,,
translation,d002d203290a8582b987f00e,cuda_vector_add,amd_xdna2_npu2,hinted_ir,6,performance,not_requested,,,0,True,0.0,,
translation,d002d203290a8582b987f00e,cuda_vector_add,amd_xdna2_npu2,hinted_ir,6,oracle_validation,passed,,,0,True,0.0010316729967598803,,
translation,d002d203290a8582b987f00e,cuda_vector_add,amd_xdna2_npu2,hinted_ir,6,design_emission,passed,,,0,True,1.0164983509966987,,
translation,d002d203290a8582b987f00e,cuda_vector_add,amd_xdna2_npu2,hinted_ir,6,target_compile,failed,backend_api,"Traceback (most recent call last):
  File ""/tools/amd_compile.py"", line 93, in <module>
    main()
  File ""/tools/amd_compile.py"", line 26, in main
    module = Module.parse((work / 'design.mlir').read_text())
             ^^^^^^^^^^^^^^^^^^^^^^^^^^^^^^^^^^^^^^^^^^^^^^^^
aie._mlir_libs._mlir.ir.MLIRError: Unable to parse module assembly:
error: ""-"":29:14: expected ')'
",0,True,1.0668577119940892,,
translation,d002d203290a8582b987f00e,cuda_vector_add,amd_xdna2_npu2,hinted_ir,6,dataflow_frontend,failed,backend_api,"Traceback (most recent call last):
  File ""/tools/amd_parse.py"", line 9, in <module>
    program = parse_mlir(Path('/design/design.mlir').read_text(), sha256(Path('/candidate/kernel.cc')),
              ^^^^^^^^^^^^^^^^^^^^^^^^^^^^^^^^^^^^^^^^^^^^^^^^^^^^^^^^^^^^^^^^^^^^^^^^^^^^^^^^^^^^^^^^^
  File ""/framework/npu_agent/sim/amd_mlir_frontend.py"", line 81, in parse_mlir
    module = Module.parse(text)
             ^^^^^^^^^^^^^^^^^^
aie._mlir_libs._mlir.ir.MLIRError: Unable to parse module assembly:
error: ""-"":29:14: expected ')'
",0,True,1.0167992770002456,,
translation,d002d203290a8582b987f00e,cuda_vector_add,amd_xdna2_npu2,hinted_ir,6,host_execution,failed,,"Traceback (most recent call last):
  File ""/tools/amd_parse.py"", line 9, in <module>
    program = parse_mlir(Path('/design/design.mlir').read_text(), sha256(Path('/candidate/kernel.cc')),
              ^^^^^^^^^^^^^^^^^^^^^^^^^^^^^^^^^^^^^^^^^^^^^^^^^^^^^^^^^^^^^^^^^^^^^^^^^^^^^^^^^^^^^^^^^
  File ""/framework/npu_agent/sim/amd_mlir_frontend.py"", line 81, in parse_mlir
    module = Module.parse(text)
             ^^^^^^^^^^^^^^^^^^
aie._mlir_libs._mlir.ir.MLIRError: Unable to parse module assembly:
error: ""-"":29:14: expected ')'
",0,True,0.0,,
translation,d002d203290a8582b987f00e,cuda_vector_add,amd_xdna2_npu2,hinted_ir,6,dataflow_simulation,failed,,"Traceback (most recent call last):
  File ""/tools/amd_parse.py"", line 9, in <module>
    program = parse_mlir(Path('/design/design.mlir').read_text(), sha256(Path('/candidate/kernel.cc')),
              ^^^^^^^^^^^^^^^^^^^^^^^^^^^^^^^^^^^^^^^^^^^^^^^^^^^^^^^^^^^^^^^^^^^^^^^^^^^^^^^^^^^^^^^^^
  File ""/framework/npu_agent/sim/amd_mlir_frontend.py"", line 81, in parse_mlir
    module = Module.parse(text)
             ^^^^^^^^^^^^^^^^^^
aie._mlir_libs._mlir.ir.MLIRError: Unable to parse module assembly:
error: ""-"":29:14: expected ')'
",0,True,0.0,,
translation,d002d203290a8582b987f00e,cuda_vector_add,amd_xdna2_npu2,hinted_ir,7,model_code,completed,,,12106,True,136.19534828500036,gen-1789639528-Db6pismtB27V08ByUNR5,0.009555936
translation,d002d203290a8582b987f00e,cuda_vector_add,amd_xdna2_npu2,hinted_ir,7,target_execution,blocked,,No validated executor for the emitted target artifact is configured.,0,True,0.0,,
translation,d002d203290a8582b987f00e,cuda_vector_add,amd_xdna2_npu2,hinted_ir,7,performance,not_requested,,,0,True,0.0,,
translation,d002d203290a8582b987f00e,cuda_vector_add,amd_xdna2_npu2,hinted_ir,7,oracle_validation,passed,,,0,True,0.0010588930017547682,,
translation,d002d203290a8582b987f00e,cuda_vector_add,amd_xdna2_npu2,hinted_ir,7,design_emission,passed,,,0,True,0.866261385002872,,
translation,d002d203290a8582b987f00e,cuda_vector_add,amd_xdna2_npu2,hinted_ir,7,target_compile,failed,backend_api,"Traceback (most recent call last):
  File ""/tools/amd_compile.py"", line 93, in <module>
    main()
  File ""/tools/amd_compile.py"", line 26, in main
    module = Module.parse((work / 'design.mlir').read_text())
             ^^^^^^^^^^^^^^^^^^^^^^^^^^^^^^^^^^^^^^^^^^^^^^^^
aie._mlir_libs._mlir.ir.MLIRError: Unable to parse module assembly:
error: ""-"":12:14: custom op 'select' is unknown (tried 'func.select' as well)
",0,True,1.0167125400039367,,
translation,d002d203290a8582b987f00e,cuda_vector_add,amd_xdna2_npu2,hinted_ir,7,dataflow_frontend,failed,backend_api,"Traceback (most recent call last):
  File ""/tools/amd_parse.py"", line 9, in <module>
    program = parse_mlir(Path('/design/design.mlir').read_text(), sha256(Path('/candidate/kernel.cc')),
              ^^^^^^^^^^^^^^^^^^^^^^^^^^^^^^^^^^^^^^^^^^^^^^^^^^^^^^^^^^^^^^^^^^^^^^^^^^^^^^^^^^^^^^^^^
  File ""/framework/npu_agent/sim/amd_mlir_frontend.py"", line 81, in parse_mlir
    module = Module.parse(text)
             ^^^^^^^^^^^^^^^^^^
aie._mlir_libs._mlir.ir.MLIRError: Unable to parse module assembly:
error: ""-"":12:14: custom op 'select' is unknown (tried 'func.select' as well)
",0,True,1.0166321829965455,,
translation,d002d203290a8582b987f00e,cuda_vector_add,amd_xdna2_npu2,hinted_ir,7,host_execution,failed,,"Traceback (most recent call last):
  File ""/tools/amd_parse.py"", line 9, in <module>
    program = parse_mlir(Path('/design/design.mlir').read_text(), sha256(Path('/candidate/kernel.cc')),
              ^^^^^^^^^^^^^^^^^^^^^^^^^^^^^^^^^^^^^^^^^^^^^^^^^^^^^^^^^^^^^^^^^^^^^^^^^^^^^^^^^^^^^^^^^
  File ""/framework/npu_agent/sim/amd_mlir_frontend.py"", line 81, in parse_mlir
    module = Module.parse(text)
             ^^^^^^^^^^^^^^^^^^
aie._mlir_libs._mlir.ir.MLIRError: Unable to parse module assembly:
error: ""-"":12:14: custom op 'select' is unknown (tried 'func.select' as well)
",0,True,0.0,,
translation,d002d203290a8582b987f00e,cuda_vector_add,amd_xdna2_npu2,hinted_ir,7,dataflow_simulation,failed,,"Traceback (most recent call last):
  File ""/tools/amd_parse.py"", line 9, in <module>
    program = parse_mlir(Path('/design/design.mlir').read_text(), sha256(Path('/candidate/kernel.cc')),
              ^^^^^^^^^^^^^^^^^^^^^^^^^^^^^^^^^^^^^^^^^^^^^^^^^^^^^^^^^^^^^^^^^^^^^^^^^^^^^^^^^^^^^^^^^
  File ""/framework/npu_agent/sim/amd_mlir_frontend.py"", line 81, in parse_mlir
    module = Module.parse(text)
             ^^^^^^^^^^^^^^^^^^
aie._mlir_libs._mlir.ir.MLIRError: Unable to parse module assembly:
error: ""-"":12:14: custom op 'select' is unknown (tried 'func.select' as well)
",0,True,0.0,,
translation,d002d203290a8582b987f00e,cuda_vector_add,amd_xdna2_npu2,hinted_ir,8,model_code,completed,,,7689,True,57.63629683000181,gen-1789639667-4tS1s9AIUjlNhVQYNUbO,0.0047353605
translation,d002d203290a8582b987f00e,cuda_vector_add,amd_xdna2_npu2,hinted_ir,8,candidate_contract,failed,model_output,unsupported bundle must not also claim an implementation,0,True,,,
translation,d002d203290a8582b987f00e,cuda_vector_add,amd_xdna2_npu2,hinted_ir,9,model_code,completed,,,6427,True,72.41640937200282,gen-1789639724-1bZm622Wz0ExXjJDEric,0.0047910837
translation,d002d203290a8582b987f00e,cuda_vector_add,amd_xdna2_npu2,hinted_ir,9,target_execution,blocked,,No validated executor for the emitted target artifact is configured.,0,True,0.0,,
translation,d002d203290a8582b987f00e,cuda_vector_add,amd_xdna2_npu2,hinted_ir,9,performance,not_requested,,,0,True,0.0,,
translation,d002d203290a8582b987f00e,cuda_vector_add,amd_xdna2_npu2,hinted_ir,9,oracle_validation,passed,,,0,True,0.0009740660025272518,,
translation,d002d203290a8582b987f00e,cuda_vector_add,amd_xdna2_npu2,hinted_ir,9,design_emission,passed,,,0,True,0.9664968889992451,,
translation,d002d203290a8582b987f00e,cuda_vector_add,amd_xdna2_npu2,hinted_ir,9,target_compile,failed,backend_api,"Traceback (most recent call last):
  File ""/tools/amd_compile.py"", line 93, in <module>
    main()
  File ""/tools/amd_compile.py"", line 26, in main
    module = Module.parse((work / 'design.mlir').read_text())
             ^^^^^^^^^^^^^^^^^^^^^^^^^^^^^^^^^^^^^^^^^^^^^^^^
aie._mlir_libs._mlir.ir.MLIRError: Unable to parse module assembly:
error: ""-"":26:10: custom op 'aie.external_buffer_load' is unknown
",0,True,1.1201477549984702,,
translation,d002d203290a8582b987f00e,cuda_vector_add,amd_xdna2_npu2,hinted_ir,9,dataflow_frontend,failed,backend_api,"Traceback (most recent call last):
  File ""/tools/amd_parse.py"", line 9, in <module>
    program = parse_mlir(Path('/design/design.mlir').read_text(), sha256(Path('/candidate/kernel.cc')),
              ^^^^^^^^^^^^^^^^^^^^^^^^^^^^^^^^^^^^^^^^^^^^^^^^^^^^^^^^^^^^^^^^^^^^^^^^^^^^^^^^^^^^^^^^^
  File ""/framework/npu_agent/sim/amd_mlir_frontend.py"", line 81, in parse_mlir
    module = Module.parse(text)
             ^^^^^^^^^^^^^^^^^^
aie._mlir_libs._mlir.ir.MLIRError: Unable to parse module assembly:
error: ""-"":26:10: custom op 'aie.external_buffer_load' is unknown
",0,True,1.0166091060018516,,
translation,d002d203290a8582b987f00e,cuda_vector_add,amd_xdna2_npu2,hinted_ir,9,host_execution,failed,,"Traceback (most recent call last):
  File ""/tools/amd_parse.py"", line 9, in <module>
    program = parse_mlir(Path('/design/design.mlir').read_text(), sha256(Path('/candidate/kernel.cc')),
              ^^^^^^^^^^^^^^^^^^^^^^^^^^^^^^^^^^^^^^^^^^^^^^^^^^^^^^^^^^^^^^^^^^^^^^^^^^^^^^^^^^^^^^^^^
  File ""/framework/npu_agent/sim/amd_mlir_frontend.py"", line 81, in parse_mlir
    module = Module.parse(text)
             ^^^^^^^^^^^^^^^^^^
aie._mlir_libs._mlir.ir.MLIRError: Unable to parse module assembly:
error: ""-"":26:10: custom op 'aie.external_buffer_load' is unknown
",0,True,0.0,,
translation,d002d203290a8582b987f00e,cuda_vector_add,amd_xdna2_npu2,hinted_ir,9,dataflow_simulation,failed,,"Traceback (most recent call last):
  File ""/tools/amd_parse.py"", line 9, in <module>
    program = parse_mlir(Path('/design/design.mlir').read_text(), sha256(Path('/candidate/kernel.cc')),
              ^^^^^^^^^^^^^^^^^^^^^^^^^^^^^^^^^^^^^^^^^^^^^^^^^^^^^^^^^^^^^^^^^^^^^^^^^^^^^^^^^^^^^^^^^
  File ""/framework/npu_agent/sim/amd_mlir_frontend.py"", line 81, in parse_mlir
    module = Module.parse(text)
             ^^^^^^^^^^^^^^^^^^
aie._mlir_libs._mlir.ir.MLIRError: Unable to parse module assembly:
error: ""-"":26:10: custom op 'aie.external_buffer_load' is unknown
",0,True,0.0,,
translation,d002d203290a8582b987f00e,cuda_vector_add,amd_xdna2_npu2,hinted_ir,10,model_code,completed,,,8984,True,85.78608602299937,gen-1789639800-XvcFXZ3tzgt3dZSabDoP,0.006215508
translation,d002d203290a8582b987f00e,cuda_vector_add,amd_xdna2_npu2,hinted_ir,10,target_execution,blocked,,No validated executor for the emitted target artifact is configured.,0,True,0.0,,
translation,d002d203290a8582b987f00e,cuda_vector_add,amd_xdna2_npu2,hinted_ir,10,performance,not_requested,,,0,True,0.0,,
translation,d002d203290a8582b987f00e,cuda_vector_add,amd_xdna2_npu2,hinted_ir,10,oracle_validation,passed,,,0,True,0.001066915996489115,,
translation,d002d203290a8582b987f00e,cuda_vector_add,amd_xdna2_npu2,hinted_ir,10,design_emission,passed,,,0,True,1.0165693759990972,,
translation,d002d203290a8582b987f00e,cuda_vector_add,amd_xdna2_npu2,hinted_ir,10,target_compile,failed,backend_api,"Traceback (most recent call last):
  File ""/tools/amd_compile.py"", line 93, in <module>
    main()
  File ""/tools/amd_compile.py"", line 26, in main
    module = Module.parse((work / 'design.mlir').read_text())
             ^^^^^^^^^^^^^^^^^^^^^^^^^^^^^^^^^^^^^^^^^^^^^^^^
aie._mlir_libs._mlir.ir.MLIRError: Unable to parse module assembly:
error: ""-"":38:33: expected operation name in quotes
",0,True,1.1169710280009895,,
translation,d002d203290a8582b987f00e,cuda_vector_add,amd_xdna2_npu2,hinted_ir,10,dataflow_frontend,failed,backend_api,"Traceback (most recent call last):
  File ""/tools/amd_parse.py"", line 9, in <module>
    program = parse_mlir(Path('/design/design.mlir').read_text(), sha256(Path('/candidate/kernel.cc')),
              ^^^^^^^^^^^^^^^^^^^^^^^^^^^^^^^^^^^^^^^^^^^^^^^^^^^^^^^^^^^^^^^^^^^^^^^^^^^^^^^^^^^^^^^^^
  File ""/framework/npu_agent/sim/amd_mlir_frontend.py"", line 81, in parse_mlir
    module = Module.parse(text)
             ^^^^^^^^^^^^^^^^^^
aie._mlir_libs._mlir.ir.MLIRError: Unable to parse module assembly:
error: ""-"":38:33: expected operation name in quotes
",0,True,1.0165546920034103,,
translation,d002d203290a8582b987f00e,cuda_vector_add,amd_xdna2_npu2,hinted_ir,10,host_execution,failed,,"Traceback (most recent call last):
  File ""/tools/amd_parse.py"", line 9, in <module>
    program = parse_mlir(Path('/design/design.mlir').read_text(), sha256(Path('/candidate/kernel.cc')),
              ^^^^^^^^^^^^^^^^^^^^^^^^^^^^^^^^^^^^^^^^^^^^^^^^^^^^^^^^^^^^^^^^^^^^^^^^^^^^^^^^^^^^^^^^^
  File ""/framework/npu_agent/sim/amd_mlir_frontend.py"", line 81, in parse_mlir
    module = Module.parse(text)
             ^^^^^^^^^^^^^^^^^^
aie._mlir_libs._mlir.ir.MLIRError: Unable to parse module assembly:
error: ""-"":38:33: expected operation name in quotes
",0,True,0.0,,
translation,d002d203290a8582b987f00e,cuda_vector_add,amd_xdna2_npu2,hinted_ir,10,dataflow_simulation,failed,,"Traceback (most recent call last):
  File ""/tools/amd_parse.py"", line 9, in <module>
    program = parse_mlir(Path('/design/design.mlir').read_text(), sha256(Path('/candidate/kernel.cc')),
              ^^^^^^^^^^^^^^^^^^^^^^^^^^^^^^^^^^^^^^^^^^^^^^^^^^^^^^^^^^^^^^^^^^^^^^^^^^^^^^^^^^^^^^^^^
  File ""/framework/npu_agent/sim/amd_mlir_frontend.py"", line 81, in parse_mlir
    module = Module.parse(text)
             ^^^^^^^^^^^^^^^^^^
aie._mlir_libs._mlir.ir.MLIRError: Unable to parse module assembly:
error: ""-"":38:33: expected operation name in quotes
",0,True,0.0,,
translation,12798507a1c2f91b336242d2,cuda_vector_add,intel_npu_4000,hinted_ir,1,model_intermediate,completed,,,5188,True,94.2799884269989,gen-1789639889-uEWB8XdRNL3rZRjaOlcQ,0.005291481
translation,12798507a1c2f91b336242d2,cuda_vector_add,intel_npu_4000,hinted_ir,1,model_code,completed,,,4316,True,56.07645724900067,gen-1789639983-ykceLj2d9vDGE5A7hEVW,0.003665727
translation,12798507a1c2f91b336242d2,cuda_vector_add,intel_npu_4000,hinted_ir,1,target_execution,blocked,,No validated executor for the emitted target artifact is configured.,0,True,0.0,,
translation,12798507a1c2f91b336242d2,cuda_vector_add,intel_npu_4000,hinted_ir,1,performance,not_requested,,,0,True,0.0,,
translation,12798507a1c2f91b336242d2,cuda_vector_add,intel_npu_4000,hinted_ir,1,oracle_validation,passed,,,0,True,0.0010690399940358475,,
translation,12798507a1c2f91b336242d2,cuda_vector_add,intel_npu_4000,hinted_ir,1,graph_construction,failed,backend_api,"Traceback (most recent call last):
  File ""/tools/intel_build_graph.py"", line 26, in <module>
    main()
  File ""/tools/intel_build_graph.py"", line 17, in main
    spec.loader.exec_module(module)
  File ""<frozen importlib._bootstrap_external>"", line 995, in exec_module
  File ""<frozen importlib._bootstrap>"", line 488, in _call_with_frames_removed
  File ""/candidate/model.py"", line 1, in <module>
    import openvino.runtime as ov
ModuleNotFoundError: No module named 'openvino.runtime'
",0,True,1.2173485410021385,,
translation,12798507a1c2f91b336242d2,cuda_vector_add,intel_npu_4000,hinted_ir,1,target_compile,failed,backend_api,"Traceback (most recent call last):
  File ""/tools/intel_build_graph.py"", line 26, in <module>
    main()
  File ""/tools/intel_build_graph.py"", line 17, in main
    spec.loader.exec_module(module)
  File ""<frozen importlib._bootstrap_external>"", line 995, in exec_module
  File ""<frozen importlib._bootstrap>"", line 488, in _call_with_frames_removed
  File ""/candidate/model.py"", line 1, in <module>
    import openvino.runtime as ov
ModuleNotFoundError: No module named 'openvino.runtime'
",0,True,0.0,,
translation,12798507a1c2f91b336242d2,cuda_vector_add,intel_npu_4000,hinted_ir,1,host_execution,blocked,,,0,True,0.0,,
translation,12798507a1c2f91b336242d2,cuda_vector_add,intel_npu_4000,hinted_ir,1,dataflow_simulation,not_requested,,,0,True,0.0,,
translation,12798507a1c2f91b336242d2,cuda_vector_add,intel_npu_4000,hinted_ir,2,model_code,completed,,,4795,True,37.88622134199977,gen-1789640041-Dnwqw8APKIswNvox3WKh,0.0027241383
translation,12798507a1c2f91b336242d2,cuda_vector_add,intel_npu_4000,hinted_ir,2,target_execution,blocked,,No validated executor for the emitted target artifact is configured.,0,True,0.0,,
translation,12798507a1c2f91b336242d2,cuda_vector_add,intel_npu_4000,hinted_ir,2,performance,not_requested,,,0,True,0.0,,
translation,12798507a1c2f91b336242d2,cuda_vector_add,intel_npu_4000,hinted_ir,2,oracle_validation,passed,,,0,True,0.0011444039992056787,,
translation,12798507a1c2f91b336242d2,cuda_vector_add,intel_npu_4000,hinted_ir,2,graph_construction,failed,backend_api,"Traceback (most recent call last):
  File ""/tools/intel_build_graph.py"", line 26, in <module>
    main()
  File ""/tools/intel_build_graph.py"", line 17, in main
    spec.loader.exec_module(module)
  File ""<frozen importlib._bootstrap_external>"", line 995, in exec_module
  File ""<frozen importlib._bootstrap>"", line 488, in _call_with_frames_removed
  File ""/candidate/model.py"", line 1, in <module>
    import openvino.runtime as ov
ModuleNotFoundError: No module named 'openvino.runtime'
",0,True,1.2168464849964948,,
translation,12798507a1c2f91b336242d2,cuda_vector_add,intel_npu_4000,hinted_ir,2,target_compile,failed,backend_api,"Traceback (most recent call last):
  File ""/tools/intel_build_graph.py"", line 26, in <module>
    main()
  File ""/tools/intel_build_graph.py"", line 17, in main
    spec.loader.exec_module(module)
  File ""<frozen importlib._bootstrap_external>"", line 995, in exec_module
  File ""<frozen importlib._bootstrap>"", line 488, in _call_with_frames_removed
  File ""/candidate/model.py"", line 1, in <module>
    import openvino.runtime as ov
ModuleNotFoundError: No module named 'openvino.runtime'
",0,True,0.0,,
translation,12798507a1c2f91b336242d2,cuda_vector_add,intel_npu_4000,hinted_ir,2,host_execution,blocked,,,0,True,0.0,,
translation,12798507a1c2f91b336242d2,cuda_vector_add,intel_npu_4000,hinted_ir,2,dataflow_simulation,not_requested,,,0,True,0.0,,
translation,12798507a1c2f91b336242d2,cuda_vector_add,intel_npu_4000,hinted_ir,3,model_code,completed,,,6148,True,63.604679173993645,gen-1789640080-H3yrJZ3jb5VTJUDw4gvL,0.004645329
translation,12798507a1c2f91b336242d2,cuda_vector_add,intel_npu_4000,hinted_ir,3,target_execution,blocked,,No validated executor for the emitted target artifact is configured.,0,True,0.0,,
translation,12798507a1c2f91b336242d2,cuda_vector_add,intel_npu_4000,hinted_ir,3,performance,not_requested,,,0,True,0.0,,
translation,12798507a1c2f91b336242d2,cuda_vector_add,intel_npu_4000,hinted_ir,3,oracle_validation,passed,,,0,True,0.0010792809989652596,,
translation,12798507a1c2f91b336242d2,cuda_vector_add,intel_npu_4000,hinted_ir,3,graph_construction,failed,backend_api,"Traceback (most recent call last):
  File ""/tools/intel_build_graph.py"", line 26, in <module>
    main()
  File ""/tools/intel_build_graph.py"", line 17, in main
    spec.loader.exec_module(module)
  File ""<frozen importlib._bootstrap_external>"", line 995, in exec_module
  File ""<frozen importlib._bootstrap>"", line 488, in _call_with_frames_removed
  File ""/candidate/model.py"", line 1, in <module>
    import openvino.runtime as ov
ModuleNotFoundError: No module named 'openvino.runtime'
",0,True,1.0664717180043226,,
translation,12798507a1c2f91b336242d2,cuda_vector_add,intel_npu_4000,hinted_ir,3,target_compile,failed,backend_api,"Traceback (most recent call last):
  File ""/tools/intel_build_graph.py"", line 26, in <module>
    main()
  File ""/tools/intel_build_graph.py"", line 17, in main
    spec.loader.exec_module(module)
  File ""<frozen importlib._bootstrap_external>"", line 995, in exec_module
  File ""<frozen importlib._bootstrap>"", line 488, in _call_with_frames_removed
  File ""/candidate/model.py"", line 1, in <module>
    import openvino.runtime as ov
ModuleNotFoundError: No module named 'openvino.runtime'
",0,True,0.0,,
translation,12798507a1c2f91b336242d2,cuda_vector_add,intel_npu_4000,hinted_ir,3,host_execution,blocked,,,0,True,0.0,,
translation,12798507a1c2f91b336242d2,cuda_vector_add,intel_npu_4000,hinted_ir,3,dataflow_simulation,not_requested,,,0,True,0.0,,
translation,12798507a1c2f91b336242d2,cuda_vector_add,intel_npu_4000,hinted_ir,4,model_code,completed,,,6027,True,60.98062512800243,gen-1789640145-eh4hdVIS8aTsDDISquIe,0.0040465269
translation,12798507a1c2f91b336242d2,cuda_vector_add,intel_npu_4000,hinted_ir,4,target_execution,blocked,,No validated executor for the emitted target artifact is configured.,0,True,0.0,,
translation,12798507a1c2f91b336242d2,cuda_vector_add,intel_npu_4000,hinted_ir,4,performance,not_requested,,,0,True,0.0,,
translation,12798507a1c2f91b336242d2,cuda_vector_add,intel_npu_4000,hinted_ir,4,oracle_validation,passed,,,0,True,0.0010626760049490258,,
translation,12798507a1c2f91b336242d2,cuda_vector_add,intel_npu_4000,hinted_ir,4,graph_construction,failed,backend_api,"Traceback (most recent call last):
  File ""/tools/intel_build_graph.py"", line 26, in <module>
    main()
  File ""/tools/intel_build_graph.py"", line 17, in main
    spec.loader.exec_module(module)
  File ""<frozen importlib._bootstrap_external>"", line 995, in exec_module
  File ""<frozen importlib._bootstrap>"", line 488, in _call_with_frames_removed
  File ""/candidate/model.py"", line 1, in <module>
    import openvino.runtime as ov
ModuleNotFoundError: No module named 'openvino.runtime'
",0,True,1.0164700169989374,,
translation,12798507a1c2f91b336242d2,cuda_vector_add,intel_npu_4000,hinted_ir,4,target_compile,failed,backend_api,"Traceback (most recent call last):
  File ""/tools/intel_build_graph.py"", line 26, in <module>
    main()
  File ""/tools/intel_build_graph.py"", line 17, in main
    spec.loader.exec_module(module)
  File ""<frozen importlib._bootstrap_external>"", line 995, in exec_module
  File ""<frozen importlib._bootstrap>"", line 488, in _call_with_frames_removed
  File ""/candidate/model.py"", line 1, in <module>
    import openvino.runtime as ov
ModuleNotFoundError: No module named 'openvino.runtime'
",0,True,0.0,,
translation,12798507a1c2f91b336242d2,cuda_vector_add,intel_npu_4000,hinted_ir,4,host_execution,blocked,,,0,True,0.0,,
translation,12798507a1c2f91b336242d2,cuda_vector_add,intel_npu_4000,hinted_ir,4,dataflow_simulation,not_requested,,,0,True,0.0,,
translation,12798507a1c2f91b336242d2,cuda_vector_add,intel_npu_4000,hinted_ir,5,model_code,completed,,,5618,True,52.60370880299888,gen-1789640207-NCKMUIu5b5FlwE1NbAvv,0.004089579
translation,12798507a1c2f91b336242d2,cuda_vector_add,intel_npu_4000,hinted_ir,5,target_execution,blocked,,No validated executor for the emitted target artifact is configured.,0,True,0.0,,
translation,12798507a1c2f91b336242d2,cuda_vector_add,intel_npu_4000,hinted_ir,5,performance,not_requested,,,0,True,0.0,,
translation,12798507a1c2f91b336242d2,cuda_vector_add,intel_npu_4000,hinted_ir,5,oracle_validation,passed,,,0,True,0.0009778270032256842,,
translation,12798507a1c2f91b336242d2,cuda_vector_add,intel_npu_4000,hinted_ir,5,graph_construction,passed,,,0,True,1.0754896310027107,,
translation,12798507a1c2f91b336242d2,cuda_vector_add,intel_npu_4000,hinted_ir,5,host_execution,passed,,,0,True,1.2712562939923373,,
translation,12798507a1c2f91b336242d2,cuda_vector_add,intel_npu_4000,hinted_ir,5,target_compile,passed,,,0,True,1.2170149219964514,,
translation,12798507a1c2f91b336242d2,cuda_vector_add,intel_npu_4000,hinted_ir,5,dataflow_simulation,not_requested,,,0,True,0.0,,
translation,4937db041ecd6764e2d6b57d,cuda_vector_add,intel_npu_4000,structured_ir,1,model_intermediate,completed,,,3007,True,41.73519942499843,gen-1789640263-fhhvxiExyqOTqKh6Ba3d,0.0026020215
translation,4937db041ecd6764e2d6b57d,cuda_vector_add,intel_npu_4000,structured_ir,1,semantic_validation,failed,unsupported_ir,unsupported reduction metadata,0,True,0.0011629450018517673,,
translation,4937db041ecd6764e2d6b57d,cuda_vector_add,intel_npu_4000,structured_ir,2,model_intermediate,completed,,,3219,True,35.90298067800177,gen-1789640305-e4IoH9ZwVsVMyxfSIfHd,0.0022623471
translation,4937db041ecd6764e2d6b57d,cuda_vector_add,intel_npu_4000,structured_ir,2,model_code,completed,,,2985,True,23.378312504995847,gen-1789640341-N6Dn7zgmqa1uVRXfEsGT,0.0019299345
translation,4937db041ecd6764e2d6b57d,cuda_vector_add,intel_npu_4000,structured_ir,2,semantic_validation,passed,,IR matches independent oracle on 12 cases; prose metadata is not executable evidence,0,True,0.0015326920038205571,,
translation,4937db041ecd6764e2d6b57d,cuda_vector_add,intel_npu_4000,structured_ir,2,target_execution,blocked,,No validated executor for the emitted target artifact is configured.,0,True,0.0,,
translation,4937db041ecd6764e2d6b57d,cuda_vector_add,intel_npu_4000,structured_ir,2,performance,not_requested,,,0,True,0.0,,
translation,4937db041ecd6764e2d6b57d,cuda_vector_add,intel_npu_4000,structured_ir,2,oracle_validation,passed,,,0,True,0.0010348599971621297,,
translation,4937db041ecd6764e2d6b57d,cuda_vector_add,intel_npu_4000,structured_ir,2,graph_construction,failed,backend_api,"Traceback (most recent call last):
  File ""/tools/intel_build_graph.py"", line 26, in <module>
    main()
  File ""/tools/intel_build_graph.py"", line 17, in main
    spec.loader.exec_module(module)
  File ""<frozen importlib._bootstrap_external>"", line 995, in exec_module
  File ""<frozen importlib._bootstrap>"", line 488, in _call_with_frames_removed
  File ""/candidate/model.py"", line 2, in <module>
    import openvino.runtime as rt
ModuleNotFoundError: No module named 'openvino.runtime'
",0,True,1.2170851529954234,,
translation,4937db041ecd6764e2d6b57d,cuda_vector_add,intel_npu_4000,structured_ir,2,target_compile,failed,backend_api,"Traceback (most recent call last):
  File ""/tools/intel_build_graph.py"", line 26, in <module>
    main()
  File ""/tools/intel_build_graph.py"", line 17, in main
    spec.loader.exec_module(module)
  File ""<frozen importlib._bootstrap_external>"", line 995, in exec_module
  File ""<frozen importlib._bootstrap>"", line 488, in _call_with_frames_removed
  File ""/candidate/model.py"", line 2, in <module>
    import openvino.runtime as rt
ModuleNotFoundError: No module named 'openvino.runtime'
",0,True,0.0,,
translation,4937db041ecd6764e2d6b57d,cuda_vector_add,intel_npu_4000,structured_ir,2,host_execution,blocked,,,0,True,0.0,,
translation,4937db041ecd6764e2d6b57d,cuda_vector_add,intel_npu_4000,structured_ir,2,dataflow_simulation,not_requested,,,0,True,0.0,,
translation,4937db041ecd6764e2d6b57d,cuda_vector_add,intel_npu_4000,structured_ir,3,model_code,completed,,,4754,True,40.327247499000805,gen-1789640365-0TPkFgMacON4FQqenWi5,0.003258918
translation,4937db041ecd6764e2d6b57d,cuda_vector_add,intel_npu_4000,structured_ir,3,semantic_validation,passed,,IR matches independent oracle on 12 cases; prose metadata is not executable evidence,0,True,0.0,,
translation,4937db041ecd6764e2d6b57d,cuda_vector_add,intel_npu_4000,structured_ir,3,target_execution,blocked,,No validated executor for the emitted target artifact is configured.,0,True,0.0,,
translation,4937db041ecd6764e2d6b57d,cuda_vector_add,intel_npu_4000,structured_ir,3,performance,not_requested,,,0,True,0.0,,
translation,4937db041ecd6764e2d6b57d,cuda_vector_add,intel_npu_4000,structured_ir,3,oracle_validation,passed,,,0,True,0.0010612600017338991,,
translation,4937db041ecd6764e2d6b57d,cuda_vector_add,intel_npu_4000,structured_ir,3,graph_construction,failed,backend_api,"Traceback (most recent call last):
  File ""/tools/intel_build_graph.py"", line 26, in <module>
    main()
  File ""/tools/intel_build_graph.py"", line 19, in main
    model = module.build_model(manifest) if inspect.signature(module.build_model).parameters else module.build_model()
            ^^^^^^^^^^^^^^^^^^^^^^^^^^^^
  File ""/candidate/model.py"", line 19, in build_model
    x = ov.opset10.parameter(ov.Type.f32, ov.Shape(shape_x), name=""x"")
        ^^^^^^^^^^^^^^^^^^^^^^^^^^^^^^^^^^^^^^^^^^^^^^^^^^^^^^^^^^^^^^
  File ""/opt/intel/openvino_2026.3.1/python/openvino/utils/decorators.py"", line 31, in wrapper
    node = node_factory_function(*args, **kwargs)
           ^^^^^^^^^^^^^^^^^^^^^^^^^^^^^^^^^^^^^^
  File ""/opt/intel/openvino_2026.3.1/python/openvino/opset1/ops.py"", line 1860, in parameter
    PartialShape(shape),
    ^^^^^^^^^^^^^^^^^^^
TypeError: __init__(): incompatible constructor arguments. The following argument types are supported:
    1. openvino._pyopenvino.PartialShape(arg0: openvino._pyopenvino.Shape)
    2. openvino._pyopenvino.PartialShape(arg0: openvino._pyopenvino.PartialShape)
    3. openvino._pyopenvino.PartialShape(arg0: list)
    4. openvino._pyopenvino.PartialShape(arg0: tuple)
    5. openvino._pyopenvino.PartialShape(shape: str)

Invoked with: <Type: 'float32'>
",0,True,1.0163497749963426,,
translation,4937db041ecd6764e2d6b57d,cuda_vector_add,intel_npu_4000,structured_ir,3,target_compile,failed,backend_api,"Traceback (most recent call last):
  File ""/tools/intel_build_graph.py"", line 26, in <module>
    main()
  File ""/tools/intel_build_graph.py"", line 19, in main
    model = module.build_model(manifest) if inspect.signature(module.build_model).parameters else module.build_model()
            ^^^^^^^^^^^^^^^^^^^^^^^^^^^^
  File ""/candidate/model.py"", line 19, in build_model
    x = ov.opset10.parameter(ov.Type.f32, ov.Shape(shape_x), name=""x"")
        ^^^^^^^^^^^^^^^^^^^^^^^^^^^^^^^^^^^^^^^^^^^^^^^^^^^^^^^^^^^^^^
  File ""/opt/intel/openvino_2026.3.1/python/openvino/utils/decorators.py"", line 31, in wrapper
    node = node_factory_function(*args, **kwargs)
           ^^^^^^^^^^^^^^^^^^^^^^^^^^^^^^^^^^^^^^
  File ""/opt/intel/openvino_2026.3.1/python/openvino/opset1/ops.py"", line 1860, in parameter
    PartialShape(shape),
    ^^^^^^^^^^^^^^^^^^^
TypeError: __init__(): incompatible constructor arguments. The following argument types are supported:
    1. openvino._pyopenvino.PartialShape(arg0: openvino._pyopenvino.Shape)
    2. openvino._pyopenvino.PartialShape(arg0: openvino._pyopenvino.PartialShape)
    3. openvino._pyopenvino.PartialShape(arg0: list)
    4. openvino._pyopenvino.PartialShape(arg0: tuple)
    5. openvino._pyopenvino.PartialShape(shape: str)

Invoked with: <Type: 'float32'>
",0,True,0.0,,
translation,4937db041ecd6764e2d6b57d,cuda_vector_add,intel_npu_4000,structured_ir,3,host_execution,blocked,,,0,True,0.0,,
translation,4937db041ecd6764e2d6b57d,cuda_vector_add,intel_npu_4000,structured_ir,3,dataflow_simulation,not_requested,,,0,True,0.0,,
translation,4937db041ecd6764e2d6b57d,cuda_vector_add,intel_npu_4000,structured_ir,4,model_code,completed,,,5229,True,37.850758271000814,gen-1789640407-5a2wIvIlatNZlBrNyZ3s,0.0029019783
translation,4937db041ecd6764e2d6b57d,cuda_vector_add,intel_npu_4000,structured_ir,4,semantic_validation,passed,,IR matches independent oracle on 12 cases; prose metadata is not executable evidence,0,True,0.0,,
translation,4937db041ecd6764e2d6b57d,cuda_vector_add,intel_npu_4000,structured_ir,4,target_execution,blocked,,No validated executor for the emitted target artifact is configured.,0,True,0.0,,
translation,4937db041ecd6764e2d6b57d,cuda_vector_add,intel_npu_4000,structured_ir,4,performance,not_requested,,,0,True,0.0,,
translation,4937db041ecd6764e2d6b57d,cuda_vector_add,intel_npu_4000,structured_ir,4,oracle_validation,passed,,,0,True,0.0011522410059114918,,
translation,4937db041ecd6764e2d6b57d,cuda_vector_add,intel_npu_4000,structured_ir,4,graph_construction,failed,backend_api,"Traceback (most recent call last):
  File ""/tools/intel_build_graph.py"", line 26, in <module>
    main()
  File ""/tools/intel_build_graph.py"", line 17, in main
    spec.loader.exec_module(module)
  File ""<frozen importlib._bootstrap_external>"", line 995, in exec_module
  File ""<frozen importlib._bootstrap>"", line 488, in _call_with_frames_removed
  File ""/candidate/model.py"", line 2, in <module>
    import openvino.runtime as ov_runtime
ModuleNotFoundError: No module named 'openvino.runtime'
",0,True,1.1667651829993702,,
translation,4937db041ecd6764e2d6b57d,cuda_vector_add,intel_npu_4000,structured_ir,4,target_compile,failed,backend_api,"Traceback (most recent call last):
  File ""/tools/intel_build_graph.py"", line 26, in <module>
    main()
  File ""/tools/intel_build_graph.py"", line 17, in main
    spec.loader.exec_module(module)
  File ""<frozen importlib._bootstrap_external>"", line 995, in exec_module
  File ""<frozen importlib._bootstrap>"", line 488, in _call_with_frames_removed
  File ""/candidate/model.py"", line 2, in <module>
    import openvino.runtime as ov_runtime
ModuleNotFoundError: No module named 'openvino.runtime'
",0,True,0.0,,
translation,4937db041ecd6764e2d6b57d,cuda_vector_add,intel_npu_4000,structured_ir,4,host_execution,blocked,,,0,True,0.0,,
translation,4937db041ecd6764e2d6b57d,cuda_vector_add,intel_npu_4000,structured_ir,4,dataflow_simulation,not_requested,,,0,True,0.0,,
translation,4937db041ecd6764e2d6b57d,cuda_vector_add,intel_npu_4000,structured_ir,5,model_code,completed,,,4545,True,32.37046203499631,gen-1789640446-BUatv4Ti6LVa2Kfhj310,0.0024542661
translation,4937db041ecd6764e2d6b57d,cuda_vector_add,intel_npu_4000,structured_ir,5,semantic_validation,passed,,IR matches independent oracle on 12 cases; prose metadata is not executable evidence,0,True,0.0,,
translation,4937db041ecd6764e2d6b57d,cuda_vector_add,intel_npu_4000,structured_ir,5,target_execution,blocked,,No validated executor for the emitted target artifact is configured.,0,True,0.0,,
translation,4937db041ecd6764e2d6b57d,cuda_vector_add,intel_npu_4000,structured_ir,5,performance,not_requested,,,0,True,0.0,,
translation,4937db041ecd6764e2d6b57d,cuda_vector_add,intel_npu_4000,structured_ir,5,oracle_validation,passed,,,0,True,0.0009973849955713376,,
translation,4937db041ecd6764e2d6b57d,cuda_vector_add,intel_npu_4000,structured_ir,5,graph_construction,failed,backend_api,"Traceback (most recent call last):
  File ""/tools/intel_build_graph.py"", line 26, in <module>
    main()
  File ""/tools/intel_build_graph.py"", line 17, in main
    spec.loader.exec_module(module)
  File ""<frozen importlib._bootstrap_external>"", line 995, in exec_module
  File ""<frozen importlib._bootstrap>"", line 488, in _call_with_frames_removed
  File ""/candidate/model.py"", line 2, in <module>
    import openvino.runtime as ov_runtime
ModuleNotFoundError: No module named 'openvino.runtime'
",0,True,1.06665753100242,,
translation,4937db041ecd6764e2d6b57d,cuda_vector_add,intel_npu_4000,structured_ir,5,target_compile,failed,backend_api,"Traceback (most recent call last):
  File ""/tools/intel_build_graph.py"", line 26, in <module>
    main()
  File ""/tools/intel_build_graph.py"", line 17, in main
    spec.loader.exec_module(module)
  File ""<frozen importlib._bootstrap_external>"", line 995, in exec_module
  File ""<frozen importlib._bootstrap>"", line 488, in _call_with_frames_removed
  File ""/candidate/model.py"", line 2, in <module>
    import openvino.runtime as ov_runtime
ModuleNotFoundError: No module named 'openvino.runtime'
",0,True,0.0,,
translation,4937db041ecd6764e2d6b57d,cuda_vector_add,intel_npu_4000,structured_ir,5,host_execution,blocked,,,0,True,0.0,,
translation,4937db041ecd6764e2d6b57d,cuda_vector_add,intel_npu_4000,structured_ir,5,dataflow_simulation,not_requested,,,0,True,0.0,,
translation,4937db041ecd6764e2d6b57d,cuda_vector_add,intel_npu_4000,structured_ir,6,model_code,completed,,,4203,True,25.70649561400205,gen-1789640479-tIpmAOmlJPnjXKNGGJmY,0.0025153245
translation,4937db041ecd6764e2d6b57d,cuda_vector_add,intel_npu_4000,structured_ir,6,semantic_validation,passed,,IR matches independent oracle on 12 cases; prose metadata is not executable evidence,0,True,0.0,,
translation,4937db041ecd6764e2d6b57d,cuda_vector_add,intel_npu_4000,structured_ir,6,target_execution,blocked,,No validated executor for the emitted target artifact is configured.,0,True,0.0,,
translation,4937db041ecd6764e2d6b57d,cuda_vector_add,intel_npu_4000,structured_ir,6,performance,not_requested,,,0,True,0.0,,
translation,4937db041ecd6764e2d6b57d,cuda_vector_add,intel_npu_4000,structured_ir,6,oracle_validation,passed,,,0,True,0.0009569009998813272,,
translation,4937db041ecd6764e2d6b57d,cuda_vector_add,intel_npu_4000,structured_ir,6,graph_construction,failed,backend_api,"Traceback (most recent call last):
  File ""/tools/intel_build_graph.py"", line 26, in <module>
    main()
  File ""/tools/intel_build_graph.py"", line 19, in main
    model = module.build_model(manifest) if inspect.signature(module.build_model).parameters else module.build_model()
            ^^^^^^^^^^^^^^^^^^^^^^^^^^^^
  File ""/candidate/model.py"", line 18, in build_model
    x = ov.opset10.parameter(ov.Type.f32, shape_x, name=""x"")
        ^^^^^^^^^^^^^^^^^^^^^^^^^^^^^^^^^^^^^^^^^^^^^^^^^^^^
  File ""/opt/intel/openvino_2026.3.1/python/openvino/utils/decorators.py"", line 31, in wrapper
    node = node_factory_function(*args, **kwargs)
           ^^^^^^^^^^^^^^^^^^^^^^^^^^^^^^^^^^^^^^
  File ""/opt/intel/openvino_2026.3.1/python/openvino/opset1/ops.py"", line 1860, in parameter
    PartialShape(shape),
    ^^^^^^^^^^^^^^^^^^^
TypeError: __init__(): incompatible constructor arguments. The following argument types are supported:
    1. openvino._pyopenvino.PartialShape(arg0: openvino._pyopenvino.Shape)
    2. openvino._pyopenvino.PartialShape(arg0: openvino._pyopenvino.PartialShape)
    3. openvino._pyopenvino.PartialShape(arg0: list)
    4. openvino._pyopenvino.PartialShape(arg0: tuple)
    5. openvino._pyopenvino.PartialShape(shape: str)

Invoked with: <Type: 'float32'>
",0,True,1.1676744139986113,,
translation,4937db041ecd6764e2d6b57d,cuda_vector_add,intel_npu_4000,structured_ir,6,target_compile,failed,backend_api,"Traceback (most recent call last):
  File ""/tools/intel_build_graph.py"", line 26, in <module>
    main()
  File ""/tools/intel_build_graph.py"", line 19, in main
    model = module.build_model(manifest) if inspect.signature(module.build_model).parameters else module.build_model()
            ^^^^^^^^^^^^^^^^^^^^^^^^^^^^
  File ""/candidate/model.py"", line 18, in build_model
    x = ov.opset10.parameter(ov.Type.f32, shape_x, name=""x"")
        ^^^^^^^^^^^^^^^^^^^^^^^^^^^^^^^^^^^^^^^^^^^^^^^^^^^^
  File ""/opt/intel/openvino_2026.3.1/python/openvino/utils/decorators.py"", line 31, in wrapper
    node = node_factory_function(*args, **kwargs)
           ^^^^^^^^^^^^^^^^^^^^^^^^^^^^^^^^^^^^^^
  File ""/opt/intel/openvino_2026.3.1/python/openvino/opset1/ops.py"", line 1860, in parameter
    PartialShape(shape),
    ^^^^^^^^^^^^^^^^^^^
TypeError: __init__(): incompatible constructor arguments. The following argument types are supported:
    1. openvino._pyopenvino.PartialShape(arg0: openvino._pyopenvino.Shape)
    2. openvino._pyopenvino.PartialShape(arg0: openvino._pyopenvino.PartialShape)
    3. openvino._pyopenvino.PartialShape(arg0: list)
    4. openvino._pyopenvino.PartialShape(arg0: tuple)
    5. openvino._pyopenvino.PartialShape(shape: str)

Invoked with: <Type: 'float32'>
",0,True,0.0,,
translation,4937db041ecd6764e2d6b57d,cuda_vector_add,intel_npu_4000,structured_ir,6,host_execution,blocked,,,0,True,0.0,,
translation,4937db041ecd6764e2d6b57d,cuda_vector_add,intel_npu_4000,structured_ir,6,dataflow_simulation,not_requested,,,0,True,0.0,,
translation,4937db041ecd6764e2d6b57d,cuda_vector_add,intel_npu_4000,structured_ir,7,model_code,completed,,,5602,True,44.079484984999,gen-1789640506-iUdaJMrNAmON5mCEEmtG,0.0032941896
translation,4937db041ecd6764e2d6b57d,cuda_vector_add,intel_npu_4000,structured_ir,7,semantic_validation,passed,,IR matches independent oracle on 12 cases; prose metadata is not executable evidence,0,True,0.0,,
translation,4937db041ecd6764e2d6b57d,cuda_vector_add,intel_npu_4000,structured_ir,7,target_execution,blocked,,No validated executor for the emitted target artifact is configured.,0,True,0.0,,
translation,4937db041ecd6764e2d6b57d,cuda_vector_add,intel_npu_4000,structured_ir,7,performance,not_requested,,,0,True,0.0,,
translation,4937db041ecd6764e2d6b57d,cuda_vector_add,intel_npu_4000,structured_ir,7,oracle_validation,passed,,,0,True,0.0011257930018473417,,
translation,4937db041ecd6764e2d6b57d,cuda_vector_add,intel_npu_4000,structured_ir,7,graph_construction,failed,backend_api,"Traceback (most recent call last):
  File ""/tools/intel_build_graph.py"", line 26, in <module>
    main()
  File ""/tools/intel_build_graph.py"", line 19, in main
    model = module.build_model(manifest) if inspect.signature(module.build_model).parameters else module.build_model()
            ^^^^^^^^^^^^^^^^^^^^^^^^^^^^
  File ""/candidate/model.py"", line 20, in build_model
    x = ov.opset10.parameter(ov.Type.f32, ov.PartialShape(shape_x), name=""x"")
        ^^^^^^^^^^^^^^^^^^^^^^^^^^^^^^^^^^^^^^^^^^^^^^^^^^^^^^^^^^^^^^^^^^^^^
  File ""/opt/intel/openvino_2026.3.1/python/openvino/utils/decorators.py"", line 31, in wrapper
    node = node_factory_function(*args, **kwargs)
           ^^^^^^^^^^^^^^^^^^^^^^^^^^^^^^^^^^^^^^
  File ""/opt/intel/openvino_2026.3.1/python/openvino/opset1/ops.py"", line 1860, in parameter
    PartialShape(shape),
    ^^^^^^^^^^^^^^^^^^^
TypeError: __init__(): incompatible constructor arguments. The following argument types are supported:
    1. openvino._pyopenvino.PartialShape(arg0: openvino._pyopenvino.Shape)
    2. openvino._pyopenvino.PartialShape(arg0: openvino._pyopenvino.PartialShape)
    3. openvino._pyopenvino.PartialShape(arg0: list)
    4. openvino._pyopenvino.PartialShape(arg0: tuple)
    5. openvino._pyopenvino.PartialShape(shape: str)

Invoked with: <Type: 'float32'>
",0,True,1.1168916519964114,,
translation,4937db041ecd6764e2d6b57d,cuda_vector_add,intel_npu_4000,structured_ir,7,target_compile,failed,backend_api,"Traceback (most recent call last):
  File ""/tools/intel_build_graph.py"", line 26, in <module>
    main()
  File ""/tools/intel_build_graph.py"", line 19, in main
    model = module.build_model(manifest) if inspect.signature(module.build_model).parameters else module.build_model()
            ^^^^^^^^^^^^^^^^^^^^^^^^^^^^
  File ""/candidate/model.py"", line 20, in build_model
    x = ov.opset10.parameter(ov.Type.f32, ov.PartialShape(shape_x), name=""x"")
        ^^^^^^^^^^^^^^^^^^^^^^^^^^^^^^^^^^^^^^^^^^^^^^^^^^^^^^^^^^^^^^^^^^^^^
  File ""/opt/intel/openvino_2026.3.1/python/openvino/utils/decorators.py"", line 31, in wrapper
    node = node_factory_function(*args, **kwargs)
           ^^^^^^^^^^^^^^^^^^^^^^^^^^^^^^^^^^^^^^
  File ""/opt/intel/openvino_2026.3.1/python/openvino/opset1/ops.py"", line 1860, in parameter
    PartialShape(shape),
    ^^^^^^^^^^^^^^^^^^^
TypeError: __init__(): incompatible constructor arguments. The following argument types are supported:
    1. openvino._pyopenvino.PartialShape(arg0: openvino._pyopenvino.Shape)
    2. openvino._pyopenvino.PartialShape(arg0: openvino._pyopenvino.PartialShape)
    3. openvino._pyopenvino.PartialShape(arg0: list)
    4. openvino._pyopenvino.PartialShape(arg0: tuple)
    5. openvino._pyopenvino.PartialShape(shape: str)

Invoked with: <Type: 'float32'>
",0,True,0.0,,
translation,4937db041ecd6764e2d6b57d,cuda_vector_add,intel_npu_4000,structured_ir,7,host_execution,blocked,,,0,True,0.0,,
translation,4937db041ecd6764e2d6b57d,cuda_vector_add,intel_npu_4000,structured_ir,7,dataflow_simulation,not_requested,,,0,True,0.0,,
translation,4937db041ecd6764e2d6b57d,cuda_vector_add,intel_npu_4000,structured_ir,8,model_code,completed,,,6486,True,59.709316911001224,gen-1789640552-Chck8y2QjeeiVwUNtChM,0.0042485976
translation,4937db041ecd6764e2d6b57d,cuda_vector_add,intel_npu_4000,structured_ir,8,semantic_validation,passed,,IR matches independent oracle on 12 cases; prose metadata is not executable evidence,0,True,0.0,,
translation,4937db041ecd6764e2d6b57d,cuda_vector_add,intel_npu_4000,structured_ir,8,target_execution,blocked,,No validated executor for the emitted target artifact is configured.,0,True,0.0,,
translation,4937db041ecd6764e2d6b57d,cuda_vector_add,intel_npu_4000,structured_ir,8,performance,not_requested,,,0,True,0.0,,
translation,4937db041ecd6764e2d6b57d,cuda_vector_add,intel_npu_4000,structured_ir,8,oracle_validation,passed,,,0,True,0.0009811310010263696,,
translation,4937db041ecd6764e2d6b57d,cuda_vector_add,intel_npu_4000,structured_ir,8,graph_construction,failed,backend_api,"Traceback (most recent call last):
  File ""/tools/intel_build_graph.py"", line 26, in <module>
    main()
  File ""/tools/intel_build_graph.py"", line 19, in main
    model = module.build_model(manifest) if inspect.signature(module.build_model).parameters else module.build_model()
            ^^^^^^^^^^^^^^^^^^^^^^^^^^^^
  File ""/candidate/model.py"", line 20, in build_model
    x = ov.opset10.parameter(ov.Type.f32, shape_x, name=""x"")
        ^^^^^^^^^^^^^^^^^^^^^^^^^^^^^^^^^^^^^^^^^^^^^^^^^^^^
  File ""/opt/intel/openvino_2026.3.1/python/openvino/utils/decorators.py"", line 31, in wrapper
    node = node_factory_function(*args, **kwargs)
           ^^^^^^^^^^^^^^^^^^^^^^^^^^^^^^^^^^^^^^
  File ""/opt/intel/openvino_2026.3.1/python/openvino/opset1/ops.py"", line 1860, in parameter
    PartialShape(shape),
    ^^^^^^^^^^^^^^^^^^^
TypeError: __init__(): incompatible constructor arguments. The following argument types are supported:
    1. openvino._pyopenvino.PartialShape(arg0: openvino._pyopenvino.Shape)
    2. openvino._pyopenvino.PartialShape(arg0: openvino._pyopenvino.PartialShape)
    3. openvino._pyopenvino.PartialShape(arg0: list)
    4. openvino._pyopenvino.PartialShape(arg0: tuple)
    5. openvino._pyopenvino.PartialShape(shape: str)

Invoked with: <Type: 'float32'>
",0,True,1.0666697449996718,,
translation,4937db041ecd6764e2d6b57d,cuda_vector_add,intel_npu_4000,structured_ir,8,target_compile,failed,backend_api,"Traceback (most recent call last):
  File ""/tools/intel_build_graph.py"", line 26, in <module>
    main()
  File ""/tools/intel_build_graph.py"", line 19, in main
    model = module.build_model(manifest) if inspect.signature(module.build_model).parameters else module.build_model()
            ^^^^^^^^^^^^^^^^^^^^^^^^^^^^
  File ""/candidate/model.py"", line 20, in build_model
    x = ov.opset10.parameter(ov.Type.f32, shape_x, name=""x"")
        ^^^^^^^^^^^^^^^^^^^^^^^^^^^^^^^^^^^^^^^^^^^^^^^^^^^^
  File ""/opt/intel/openvino_2026.3.1/python/openvino/utils/decorators.py"", line 31, in wrapper
    node = node_factory_function(*args, **kwargs)
           ^^^^^^^^^^^^^^^^^^^^^^^^^^^^^^^^^^^^^^
  File ""/opt/intel/openvino_2026.3.1/python/openvino/opset1/ops.py"", line 1860, in parameter
    PartialShape(shape),
    ^^^^^^^^^^^^^^^^^^^
TypeError: __init__(): incompatible constructor arguments. The following argument types are supported:
    1. openvino._pyopenvino.PartialShape(arg0: openvino._pyopenvino.Shape)
    2. openvino._pyopenvino.PartialShape(arg0: openvino._pyopenvino.PartialShape)
    3. openvino._pyopenvino.PartialShape(arg0: list)
    4. openvino._pyopenvino.PartialShape(arg0: tuple)
    5. openvino._pyopenvino.PartialShape(shape: str)

Invoked with: <Type: 'float32'>
",0,True,0.0,,
translation,4937db041ecd6764e2d6b57d,cuda_vector_add,intel_npu_4000,structured_ir,8,host_execution,blocked,,,0,True,0.0,,
translation,4937db041ecd6764e2d6b57d,cuda_vector_add,intel_npu_4000,structured_ir,8,dataflow_simulation,not_requested,,,0,True,0.0,,
translation,4937db041ecd6764e2d6b57d,cuda_vector_add,intel_npu_4000,structured_ir,9,model_code,completed,,,5650,True,45.79331672900298,gen-1789640613-itLLfGTe9zeji8xrNG97,0.0033112326
translation,4937db041ecd6764e2d6b57d,cuda_vector_add,intel_npu_4000,structured_ir,9,semantic_validation,passed,,IR matches independent oracle on 12 cases; prose metadata is not executable evidence,0,True,0.0,,
translation,4937db041ecd6764e2d6b57d,cuda_vector_add,intel_npu_4000,structured_ir,9,target_execution,blocked,,No validated executor for the emitted target artifact is configured.,0,True,0.0,,
translation,4937db041ecd6764e2d6b57d,cuda_vector_add,intel_npu_4000,structured_ir,9,performance,not_requested,,,0,True,0.0,,
translation,4937db041ecd6764e2d6b57d,cuda_vector_add,intel_npu_4000,structured_ir,9,oracle_validation,passed,,,0,True,0.0010193429989158176,,
translation,4937db041ecd6764e2d6b57d,cuda_vector_add,intel_npu_4000,structured_ir,9,graph_construction,failed,backend_api,"Traceback (most recent call last):
  File ""/tools/intel_build_graph.py"", line 26, in <module>
    main()
  File ""/tools/intel_build_graph.py"", line 19, in main
    model = module.build_model(manifest) if inspect.signature(module.build_model).parameters else module.build_model()
            ^^^^^^^^^^^^^^^^^^^^^^^^^^^^
  File ""/candidate/model.py"", line 17, in build_model
    x = ov.opset10.parameter(ov.Type.f32, ov.PartialShape(shape_x), name=""x"")
        ^^^^^^^^^^^^^^^^^^^^^^^^^^^^^^^^^^^^^^^^^^^^^^^^^^^^^^^^^^^^^^^^^^^^^
  File ""/opt/intel/openvino_2026.3.1/python/openvino/utils/decorators.py"", line 31, in wrapper
    node = node_factory_function(*args, **kwargs)
           ^^^^^^^^^^^^^^^^^^^^^^^^^^^^^^^^^^^^^^
  File ""/opt/intel/openvino_2026.3.1/python/openvino/opset1/ops.py"", line 1860, in parameter
    PartialShape(shape),
    ^^^^^^^^^^^^^^^^^^^
TypeError: __init__(): incompatible constructor arguments. The following argument types are supported:
    1. openvino._pyopenvino.PartialShape(arg0: openvino._pyopenvino.Shape)
    2. openvino._pyopenvino.PartialShape(arg0: openvino._pyopenvino.PartialShape)
    3. openvino._pyopenvino.PartialShape(arg0: list)
    4. openvino._pyopenvino.PartialShape(arg0: tuple)
    5. openvino._pyopenvino.PartialShape(shape: str)

Invoked with: <Type: 'float32'>
",0,True,1.1168929640043643,,
translation,4937db041ecd6764e2d6b57d,cuda_vector_add,intel_npu_4000,structured_ir,9,target_compile,failed,backend_api,"Traceback (most recent call last):
  File ""/tools/intel_build_graph.py"", line 26, in <module>
    main()
  File ""/tools/intel_build_graph.py"", line 19, in main
    model = module.build_model(manifest) if inspect.signature(module.build_model).parameters else module.build_model()
            ^^^^^^^^^^^^^^^^^^^^^^^^^^^^
  File ""/candidate/model.py"", line 17, in build_model
    x = ov.opset10.parameter(ov.Type.f32, ov.PartialShape(shape_x), name=""x"")
        ^^^^^^^^^^^^^^^^^^^^^^^^^^^^^^^^^^^^^^^^^^^^^^^^^^^^^^^^^^^^^^^^^^^^^
  File ""/opt/intel/openvino_2026.3.1/python/openvino/utils/decorators.py"", line 31, in wrapper
    node = node_factory_function(*args, **kwargs)
           ^^^^^^^^^^^^^^^^^^^^^^^^^^^^^^^^^^^^^^
  File ""/opt/intel/openvino_2026.3.1/python/openvino/opset1/ops.py"", line 1860, in parameter
    PartialShape(shape),
    ^^^^^^^^^^^^^^^^^^^
TypeError: __init__(): incompatible constructor arguments. The following argument types are supported:
    1. openvino._pyopenvino.PartialShape(arg0: openvino._pyopenvino.Shape)
    2. openvino._pyopenvino.PartialShape(arg0: openvino._pyopenvino.PartialShape)
    3. openvino._pyopenvino.PartialShape(arg0: list)
    4. openvino._pyopenvino.PartialShape(arg0: tuple)
    5. openvino._pyopenvino.PartialShape(shape: str)

Invoked with: <Type: 'float32'>
",0,True,0.0,,
translation,4937db041ecd6764e2d6b57d,cuda_vector_add,intel_npu_4000,structured_ir,9,host_execution,blocked,,,0,True,0.0,,
translation,4937db041ecd6764e2d6b57d,cuda_vector_add,intel_npu_4000,structured_ir,9,dataflow_simulation,not_requested,,,0,True,0.0,,
translation,4937db041ecd6764e2d6b57d,cuda_vector_add,intel_npu_4000,structured_ir,10,model_code,completed,,,5607,True,52.684802653006045,gen-1789640660-eb8uj2BfF8YOq2zJvDoi,0.0037335285
translation,4937db041ecd6764e2d6b57d,cuda_vector_add,intel_npu_4000,structured_ir,10,semantic_validation,passed,,IR matches independent oracle on 12 cases; prose metadata is not executable evidence,0,True,0.0,,
translation,4937db041ecd6764e2d6b57d,cuda_vector_add,intel_npu_4000,structured_ir,10,target_execution,blocked,,No validated executor for the emitted target artifact is configured.,0,True,0.0,,
translation,4937db041ecd6764e2d6b57d,cuda_vector_add,intel_npu_4000,structured_ir,10,performance,not_requested,,,0,True,0.0,,
translation,4937db041ecd6764e2d6b57d,cuda_vector_add,intel_npu_4000,structured_ir,10,oracle_validation,passed,,,0,True,0.001023404998704791,,
translation,4937db041ecd6764e2d6b57d,cuda_vector_add,intel_npu_4000,structured_ir,10,graph_construction,failed,backend_api,"Traceback (most recent call last):
  File ""/tools/intel_build_graph.py"", line 26, in <module>
    main()
  File ""/tools/intel_build_graph.py"", line 19, in main
    model = module.build_model(manifest) if inspect.signature(module.build_model).parameters else module.build_model()
            ^^^^^^^^^^^^^^^^^^^^^^^^^^^^
  File ""/candidate/model.py"", line 25, in build_model
    x = ov.opset10.parameter(ov.Type.f32, shape_x, name=""x"")
        ^^^^^^^^^^^^^^^^^^^^^^^^^^^^^^^^^^^^^^^^^^^^^^^^^^^^
  File ""/opt/intel/openvino_2026.3.1/python/openvino/utils/decorators.py"", line 31, in wrapper
    node = node_factory_function(*args, **kwargs)
           ^^^^^^^^^^^^^^^^^^^^^^^^^^^^^^^^^^^^^^
  File ""/opt/intel/openvino_2026.3.1/python/openvino/opset1/ops.py"", line 1860, in parameter
    PartialShape(shape),
    ^^^^^^^^^^^^^^^^^^^
TypeError: __init__(): incompatible constructor arguments. The following argument types are supported:
    1. openvino._pyopenvino.PartialShape(arg0: openvino._pyopenvino.Shape)
    2. openvino._pyopenvino.PartialShape(arg0: openvino._pyopenvino.PartialShape)
    3. openvino._pyopenvino.PartialShape(arg0: list)
    4. openvino._pyopenvino.PartialShape(arg0: tuple)
    5. openvino._pyopenvino.PartialShape(shape: str)

Invoked with: <Type: 'float32'>
",0,True,1.0664542850063299,,
translation,4937db041ecd6764e2d6b57d,cuda_vector_add,intel_npu_4000,structured_ir,10,target_compile,failed,backend_api,"Traceback (most recent call last):
  File ""/tools/intel_build_graph.py"", line 26, in <module>
    main()
  File ""/tools/intel_build_graph.py"", line 19, in main
    model = module.build_model(manifest) if inspect.signature(module.build_model).parameters else module.build_model()
            ^^^^^^^^^^^^^^^^^^^^^^^^^^^^
  File ""/candidate/model.py"", line 25, in build_model
    x = ov.opset10.parameter(ov.Type.f32, shape_x, name=""x"")
        ^^^^^^^^^^^^^^^^^^^^^^^^^^^^^^^^^^^^^^^^^^^^^^^^^^^^
  File ""/opt/intel/openvino_2026.3.1/python/openvino/utils/decorators.py"", line 31, in wrapper
    node = node_factory_function(*args, **kwargs)
           ^^^^^^^^^^^^^^^^^^^^^^^^^^^^^^^^^^^^^^
  File ""/opt/intel/openvino_2026.3.1/python/openvino/opset1/ops.py"", line 1860, in parameter
    PartialShape(shape),
    ^^^^^^^^^^^^^^^^^^^
TypeError: __init__(): incompatible constructor arguments. The following argument types are supported:
    1. openvino._pyopenvino.PartialShape(arg0: openvino._pyopenvino.Shape)
    2. openvino._pyopenvino.PartialShape(arg0: openvino._pyopenvino.PartialShape)
    3. openvino._pyopenvino.PartialShape(arg0: list)
    4. openvino._pyopenvino.PartialShape(arg0: tuple)
    5. openvino._pyopenvino.PartialShape(shape: str)

Invoked with: <Type: 'float32'>
",0,True,0.0,,
translation,4937db041ecd6764e2d6b57d,cuda_vector_add,intel_npu_4000,structured_ir,10,host_execution,blocked,,,0,True,0.0,,
translation,4937db041ecd6764e2d6b57d,cuda_vector_add,intel_npu_4000,structured_ir,10,dataflow_simulation,not_requested,,,0,True,0.0,,
translation,e833a44e860e85526ff2112d,cuda_vector_add,intel_npu_4000,direct,1,model_code,completed,,,1380,True,25.915644406995852,gen-1789640713-tAmkbWRRLGKUqEUUmzSF,0.001025544
translation,e833a44e860e85526ff2112d,cuda_vector_add,intel_npu_4000,direct,1,target_execution,blocked,,No validated executor for the emitted target artifact is configured.,0,True,0.0,,
translation,e833a44e860e85526ff2112d,cuda_vector_add,intel_npu_4000,direct,1,performance,not_requested,,,0,True,0.0,,
translation,e833a44e860e85526ff2112d,cuda_vector_add,intel_npu_4000,direct,1,oracle_validation,passed,,,0,True,0.0011603969978750683,,
translation,e833a44e860e85526ff2112d,cuda_vector_add,intel_npu_4000,direct,1,graph_construction,failed,backend_api,"Traceback (most recent call last):
  File ""/tools/intel_build_graph.py"", line 26, in <module>
    main()
  File ""/tools/intel_build_graph.py"", line 17, in main
    spec.loader.exec_module(module)
  File ""<frozen importlib._bootstrap_external>"", line 995, in exec_module
  File ""<frozen importlib._bootstrap>"", line 488, in _call_with_frames_removed
  File ""/candidate/model.py"", line 1, in <module>
    import openvino.runtime as ov
ModuleNotFoundError: No module named 'openvino.runtime'
",0,True,1.0664472690041293,,
translation,e833a44e860e85526ff2112d,cuda_vector_add,intel_npu_4000,direct,1,target_compile,failed,backend_api,"Traceback (most recent call last):
  File ""/tools/intel_build_graph.py"", line 26, in <module>
    main()
  File ""/tools/intel_build_graph.py"", line 17, in main
    spec.loader.exec_module(module)
  File ""<frozen importlib._bootstrap_external>"", line 995, in exec_module
  File ""<frozen importlib._bootstrap>"", line 488, in _call_with_frames_removed
  File ""/candidate/model.py"", line 1, in <module>
    import openvino.runtime as ov
ModuleNotFoundError: No module named 'openvino.runtime'
",0,True,0.0,,
translation,e833a44e860e85526ff2112d,cuda_vector_add,intel_npu_4000,direct,1,host_execution,blocked,,,0,True,0.0,,
translation,e833a44e860e85526ff2112d,cuda_vector_add,intel_npu_4000,direct,1,dataflow_simulation,not_requested,,,0,True,0.0,,
translation,e833a44e860e85526ff2112d,cuda_vector_add,intel_npu_4000,direct,2,model_code,completed,,,3541,True,32.43210272500437,gen-1789640740-5JBzq60chfHIpTVqyYqb,0.0025131015
translation,e833a44e860e85526ff2112d,cuda_vector_add,intel_npu_4000,direct,2,target_execution,blocked,,No validated executor for the emitted target artifact is configured.,0,True,0.0,,
translation,e833a44e860e85526ff2112d,cuda_vector_add,intel_npu_4000,direct,2,performance,not_requested,,,0,True,0.0,,
translation,e833a44e860e85526ff2112d,cuda_vector_add,intel_npu_4000,direct,2,oracle_validation,passed,,,0,True,0.0010260470007779077,,
translation,e833a44e860e85526ff2112d,cuda_vector_add,intel_npu_4000,direct,2,graph_construction,failed,backend_api,"Traceback (most recent call last):
  File ""/tools/intel_build_graph.py"", line 26, in <module>
    main()
  File ""/tools/intel_build_graph.py"", line 17, in main
    spec.loader.exec_module(module)
  File ""<frozen importlib._bootstrap_external>"", line 995, in exec_module
  File ""<frozen importlib._bootstrap>"", line 488, in _call_with_frames_removed
  File ""/candidate/model.py"", line 2, in <module>
    import openvino.runtime.opset13 as ops
ModuleNotFoundError: No module named 'openvino.runtime'
",0,True,1.0664145079936134,,
translation,e833a44e860e85526ff2112d,cuda_vector_add,intel_npu_4000,direct,2,target_compile,failed,backend_api,"Traceback (most recent call last):
  File ""/tools/intel_build_graph.py"", line 26, in <module>
    main()
  File ""/tools/intel_build_graph.py"", line 17, in main
    spec.loader.exec_module(module)
  File ""<frozen importlib._bootstrap_external>"", line 995, in exec_module
  File ""<frozen importlib._bootstrap>"", line 488, in _call_with_frames_removed
  File ""/candidate/model.py"", line 2, in <module>
    import openvino.runtime.opset13 as ops
ModuleNotFoundError: No module named 'openvino.runtime'
",0,True,0.0,,
translation,e833a44e860e85526ff2112d,cuda_vector_add,intel_npu_4000,direct,2,host_execution,blocked,,,0,True,0.0,,
translation,e833a44e860e85526ff2112d,cuda_vector_add,intel_npu_4000,direct,2,dataflow_simulation,not_requested,,,0,True,0.0,,
translation,e833a44e860e85526ff2112d,cuda_vector_add,intel_npu_4000,direct,3,model_code,completed,,,4127,True,51.06003793099808,gen-1789640774-J93xMA6u6ZAovbBT4DOV,0.0029480685
translation,e833a44e860e85526ff2112d,cuda_vector_add,intel_npu_4000,direct,3,target_execution,blocked,,No validated executor for the emitted target artifact is configured.,0,True,0.0,,
translation,e833a44e860e85526ff2112d,cuda_vector_add,intel_npu_4000,direct,3,performance,not_requested,,,0,True,0.0,,
translation,e833a44e860e85526ff2112d,cuda_vector_add,intel_npu_4000,direct,3,oracle_validation,passed,,,0,True,0.001071910999598913,,
translation,e833a44e860e85526ff2112d,cuda_vector_add,intel_npu_4000,direct,3,graph_construction,passed,,,0,True,1.1665973739945912,,
translation,e833a44e860e85526ff2112d,cuda_vector_add,intel_npu_4000,direct,3,host_execution,passed,,,0,True,1.2193083970050793,,
translation,e833a44e860e85526ff2112d,cuda_vector_add,intel_npu_4000,direct,3,target_compile,passed,,,0,True,1.116495809998014,,
translation,e833a44e860e85526ff2112d,cuda_vector_add,intel_npu_4000,direct,3,dataflow_simulation,not_requested,,,0,True,0.0,,
translation,6301cf77bc62bf9f70415a36,cuda_tiled_transpose,intel_npu_4000,direct,1,model_code,completed,,,2141,True,30.18395453899575,gen-1789640829-BTuxWYW3MZQIySw5zAnj,0.0018558345
translation,6301cf77bc62bf9f70415a36,cuda_tiled_transpose,intel_npu_4000,direct,1,candidate_contract,failed,model_output,generated bundle is missing required files: ['model.py'],0,True,,,
translation,6301cf77bc62bf9f70415a36,cuda_tiled_transpose,intel_npu_4000,direct,2,model_code,completed,,,1602,True,29.15450762900582,gen-1789641005-dkD2Ft1hsbHTkWcj2YpH,0.001214499
translation,6301cf77bc62bf9f70415a36,cuda_tiled_transpose,intel_npu_4000,direct,2,target_execution,blocked,,No validated executor for the emitted target artifact is configured.,0,True,0.0,,
translation,6301cf77bc62bf9f70415a36,cuda_tiled_transpose,intel_npu_4000,direct,2,performance,not_requested,,,0,True,0.0,,
translation,6301cf77bc62bf9f70415a36,cuda_tiled_transpose,intel_npu_4000,direct,2,oracle_validation,passed,,,0,True,0.02039719699678244,,
translation,6301cf77bc62bf9f70415a36,cuda_tiled_transpose,intel_npu_4000,direct,2,graph_construction,failed,backend_api,"Traceback (most recent call last):
  File ""/tools/intel_build_graph.py"", line 26, in <module>
    main()
  File ""/tools/intel_build_graph.py"", line 17, in main
    spec.loader.exec_module(module)
  File ""<frozen importlib._bootstrap_external>"", line 995, in exec_module
  File ""<frozen importlib._bootstrap>"", line 488, in _call_with_frames_removed
  File ""/candidate/model.py"", line 1, in <module>
    import openvino.runtime as ov
ModuleNotFoundError: No module named 'openvino.runtime'
",0,True,1.166650667997601,,
translation,6301cf77bc62bf9f70415a36,cuda_tiled_transpose,intel_npu_4000,direct,2,target_compile,failed,backend_api,"Traceback (most recent call last):
  File ""/tools/intel_build_graph.py"", line 26, in <module>
    main()
  File ""/tools/intel_build_graph.py"", line 17, in main
    spec.loader.exec_module(module)
  File ""<frozen importlib._bootstrap_external>"", line 995, in exec_module
  File ""<frozen importlib._bootstrap>"", line 488, in _call_with_frames_removed
  File ""/candidate/model.py"", line 1, in <module>
    import openvino.runtime as ov
ModuleNotFoundError: No module named 'openvino.runtime'
",0,True,0.0,,
translation,6301cf77bc62bf9f70415a36,cuda_tiled_transpose,intel_npu_4000,direct,2,host_execution,blocked,,,0,True,0.0,,
translation,6301cf77bc62bf9f70415a36,cuda_tiled_transpose,intel_npu_4000,direct,2,dataflow_simulation,not_requested,,,0,True,0.0,,
translation,6301cf77bc62bf9f70415a36,cuda_tiled_transpose,intel_npu_4000,direct,3,model_code,completed,,,4403,True,45.977251251999405,gen-1789641035-ZMEscEbwVHult8PNY2Pu,0.0031466565
translation,6301cf77bc62bf9f70415a36,cuda_tiled_transpose,intel_npu_4000,direct,3,target_execution,blocked,,No validated executor for the emitted target artifact is configured.,0,True,0.0,,
translation,6301cf77bc62bf9f70415a36,cuda_tiled_transpose,intel_npu_4000,direct,3,performance,not_requested,,,0,True,0.0,,
translation,6301cf77bc62bf9f70415a36,cuda_tiled_transpose,intel_npu_4000,direct,3,oracle_validation,passed,,,0,True,0.01933468599600019,,
translation,6301cf77bc62bf9f70415a36,cuda_tiled_transpose,intel_npu_4000,direct,3,graph_construction,failed,backend_api,"Traceback (most recent call last):
  File ""/tools/intel_build_graph.py"", line 26, in <module>
    main()
  File ""/tools/intel_build_graph.py"", line 19, in main
    model = module.build_model(manifest) if inspect.signature(module.build_model).parameters else module.build_model()
            ^^^^^^^^^^^^^^^^^^^^^^^^^^^^
  File ""/candidate/model.py"", line 17, in build_model
    transpose_op = ov.opset11.transpose(
                   ^^^^^^^^^^^^^^^^^^^^^
  File ""/opt/intel/openvino_2026.3.1/python/openvino/utils/decorators.py"", line 31, in wrapper
    node = node_factory_function(*args, **kwargs)
           ^^^^^^^^^^^^^^^^^^^^^^^^^^^^^^^^^^^^^^
TypeError: transpose() got an unexpected keyword argument 'axes'
",0,True,1.1666656119996333,,
translation,6301cf77bc62bf9f70415a36,cuda_tiled_transpose,intel_npu_4000,direct,3,target_compile,failed,backend_api,"Traceback (most recent call last):
  File ""/tools/intel_build_graph.py"", line 26, in <module>
    main()
  File ""/tools/intel_build_graph.py"", line 19, in main
    model = module.build_model(manifest) if inspect.signature(module.build_model).parameters else module.build_model()
            ^^^^^^^^^^^^^^^^^^^^^^^^^^^^
  File ""/candidate/model.py"", line 17, in build_model
    transpose_op = ov.opset11.transpose(
                   ^^^^^^^^^^^^^^^^^^^^^
  File ""/opt/intel/openvino_2026.3.1/python/openvino/utils/decorators.py"", line 31, in wrapper
    node = node_factory_function(*args, **kwargs)
           ^^^^^^^^^^^^^^^^^^^^^^^^^^^^^^^^^^^^^^
TypeError: transpose() got an unexpected keyword argument 'axes'
",0,True,0.0,,
translation,6301cf77bc62bf9f70415a36,cuda_tiled_transpose,intel_npu_4000,direct,3,host_execution,blocked,,,0,True,0.0,,
translation,6301cf77bc62bf9f70415a36,cuda_tiled_transpose,intel_npu_4000,direct,3,dataflow_simulation,not_requested,,,0,True,0.0,,
translation,6301cf77bc62bf9f70415a36,cuda_tiled_transpose,intel_npu_4000,direct,4,model_code,completed,,,3085,True,25.53720723600418,gen-1789641083-Cw7PrrINjGT4Rwyr5CIi,0.0018135975
translation,6301cf77bc62bf9f70415a36,cuda_tiled_transpose,intel_npu_4000,direct,4,target_execution,blocked,,No validated executor for the emitted target artifact is configured.,0,True,0.0,,
translation,6301cf77bc62bf9f70415a36,cuda_tiled_transpose,intel_npu_4000,direct,4,performance,not_requested,,,0,True,0.0,,
translation,6301cf77bc62bf9f70415a36,cuda_tiled_transpose,intel_npu_4000,direct,4,oracle_validation,passed,,,0,True,0.019905471002857666,,
translation,6301cf77bc62bf9f70415a36,cuda_tiled_transpose,intel_npu_4000,direct,4,graph_construction,passed,,,0,True,1.0678301419975469,,
translation,6301cf77bc62bf9f70415a36,cuda_tiled_transpose,intel_npu_4000,direct,4,host_execution,passed,,,0,True,1.189899090997642,,
translation,6301cf77bc62bf9f70415a36,cuda_tiled_transpose,intel_npu_4000,direct,4,target_compile,passed,,,0,True,1.1672191890029353,,
translation,6301cf77bc62bf9f70415a36,cuda_tiled_transpose,intel_npu_4000,direct,4,dataflow_simulation,not_requested,,,0,True,0.0,,
translation,49ad67beae29c7c5b1484eaa,cuda_tiled_transpose,intel_npu_4000,hinted_ir,1,model_intermediate,completed,,,4934,True,89.7581532500044,gen-1789641005-6yuQStNXIRjC7BRzjKyc,0.004993599
translation,49ad67beae29c7c5b1484eaa,cuda_tiled_transpose,intel_npu_4000,hinted_ir,1,model_code,completed,,,5061,True,72.07111310699838,gen-1789641095-sBqTZfrLpgliJX7myt6p,0.0044819385
translation,49ad67beae29c7c5b1484eaa,cuda_tiled_transpose,intel_npu_4000,hinted_ir,1,target_execution,blocked,,No validated executor for the emitted target artifact is configured.,0,True,0.0,,
translation,49ad67beae29c7c5b1484eaa,cuda_tiled_transpose,intel_npu_4000,hinted_ir,1,performance,not_requested,,,0,True,0.0,,
translation,49ad67beae29c7c5b1484eaa,cuda_tiled_transpose,intel_npu_4000,hinted_ir,1,oracle_validation,passed,,,0,True,0.020083279996470083,,
translation,49ad67beae29c7c5b1484eaa,cuda_tiled_transpose,intel_npu_4000,hinted_ir,1,graph_construction,failed,backend_api,"Traceback (most recent call last):
  File ""/tools/intel_build_graph.py"", line 26, in <module>
    main()
  File ""/tools/intel_build_graph.py"", line 19, in main
    model = module.build_model(manifest) if inspect.signature(module.build_model).parameters else module.build_model()
            ^^^^^^^^^^^^^^^^^^^^^^^^^^^^
  File ""/candidate/model.py"", line 20, in build_model
    input_param = ov.opset10.parameter(ov.Type.f32, ov.PartialShape(input_shape), name=""input"")
                  ^^^^^^^^^^^^^^^^^^^^^^^^^^^^^^^^^^^^^^^^^^^^^^^^^^^^^^^^^^^^^^^^^^^^^^^^^^^^^
  File ""/opt/intel/openvino_2026.3.1/python/openvino/utils/decorators.py"", line 31, in wrapper
    node = node_factory_function(*args, **kwargs)
           ^^^^^^^^^^^^^^^^^^^^^^^^^^^^^^^^^^^^^^
  File ""/opt/intel/openvino_2026.3.1/python/openvino/opset1/ops.py"", line 1860, in parameter
    PartialShape(shape),
    ^^^^^^^^^^^^^^^^^^^
TypeError: __init__(): incompatible constructor arguments. The following argument types are supported:
    1. openvino._pyopenvino.PartialShape(arg0: openvino._pyopenvino.Shape)
    2. openvino._pyopenvino.PartialShape(arg0: openvino._pyopenvino.PartialShape)
    3. openvino._pyopenvino.PartialShape(arg0: list)
    4. openvino._pyopenvino.PartialShape(arg0: tuple)
    5. openvino._pyopenvino.PartialShape(shape: str)

Invoked with: <Type: 'float32'>
",0,True,1.116787455001031,,
translation,49ad67beae29c7c5b1484eaa,cuda_tiled_transpose,intel_npu_4000,hinted_ir,1,target_compile,failed,backend_api,"Traceback (most recent call last):
  File ""/tools/intel_build_graph.py"", line 26, in <module>
    main()
  File ""/tools/intel_build_graph.py"", line 19, in main
    model = module.build_model(manifest) if inspect.signature(module.build_model).parameters else module.build_model()
            ^^^^^^^^^^^^^^^^^^^^^^^^^^^^
  File ""/candidate/model.py"", line 20, in build_model
    input_param = ov.opset10.parameter(ov.Type.f32, ov.PartialShape(input_shape), name=""input"")
                  ^^^^^^^^^^^^^^^^^^^^^^^^^^^^^^^^^^^^^^^^^^^^^^^^^^^^^^^^^^^^^^^^^^^^^^^^^^^^^
  File ""/opt/intel/openvino_2026.3.1/python/openvino/utils/decorators.py"", line 31, in wrapper
    node = node_factory_function(*args, **kwargs)
           ^^^^^^^^^^^^^^^^^^^^^^^^^^^^^^^^^^^^^^
  File ""/opt/intel/openvino_2026.3.1/python/openvino/opset1/ops.py"", line 1860, in parameter
    PartialShape(shape),
    ^^^^^^^^^^^^^^^^^^^
TypeError: __init__(): incompatible constructor arguments. The following argument types are supported:
    1. openvino._pyopenvino.PartialShape(arg0: openvino._pyopenvino.Shape)
    2. openvino._pyopenvino.PartialShape(arg0: openvino._pyopenvino.PartialShape)
    3. openvino._pyopenvino.PartialShape(arg0: list)
    4. openvino._pyopenvino.PartialShape(arg0: tuple)
    5. openvino._pyopenvino.PartialShape(shape: str)

Invoked with: <Type: 'float32'>
",0,True,0.0,,
translation,49ad67beae29c7c5b1484eaa,cuda_tiled_transpose,intel_npu_4000,hinted_ir,1,host_execution,blocked,,,0,True,0.0,,
translation,49ad67beae29c7c5b1484eaa,cuda_tiled_transpose,intel_npu_4000,hinted_ir,1,dataflow_simulation,not_requested,,,0,True,0.0,,
translation,49ad67beae29c7c5b1484eaa,cuda_tiled_transpose,intel_npu_4000,hinted_ir,2,model_code,completed,,,5850,True,48.70103107099567,gen-1789641168-r4ZmjnK8fwfXpPQmto9Z,0.0034372026
translation,49ad67beae29c7c5b1484eaa,cuda_tiled_transpose,intel_npu_4000,hinted_ir,2,target_execution,blocked,,No validated executor for the emitted target artifact is configured.,0,True,0.0,,
translation,49ad67beae29c7c5b1484eaa,cuda_tiled_transpose,intel_npu_4000,hinted_ir,2,performance,not_requested,,,0,True,0.0,,
translation,49ad67beae29c7c5b1484eaa,cuda_tiled_transpose,intel_npu_4000,hinted_ir,2,oracle_validation,passed,,,0,True,0.02134154999657767,,
translation,49ad67beae29c7c5b1484eaa,cuda_tiled_transpose,intel_npu_4000,hinted_ir,2,graph_construction,failed,backend_api,"Traceback (most recent call last):
  File ""/tools/intel_build_graph.py"", line 26, in <module>
    main()
  File ""/tools/intel_build_graph.py"", line 19, in main
    model = module.build_model(manifest) if inspect.signature(module.build_model).parameters else module.build_model()
            ^^^^^^^^^^^^^^^^^^^^^^^^^^^^
  File ""/candidate/model.py"", line 22, in build_model
    input_param = ov.opset10.parameter(ov.Type.f32, ov.PartialShape(input_shape), name=""input"")
                  ^^^^^^^^^^^^^^^^^^^^^^^^^^^^^^^^^^^^^^^^^^^^^^^^^^^^^^^^^^^^^^^^^^^^^^^^^^^^^
  File ""/opt/intel/openvino_2026.3.1/python/openvino/utils/decorators.py"", line 31, in wrapper
    node = node_factory_function(*args, **kwargs)
           ^^^^^^^^^^^^^^^^^^^^^^^^^^^^^^^^^^^^^^
  File ""/opt/intel/openvino_2026.3.1/python/openvino/opset1/ops.py"", line 1860, in parameter
    PartialShape(shape),
    ^^^^^^^^^^^^^^^^^^^
TypeError: __init__(): incompatible constructor arguments. The following argument types are supported:
    1. openvino._pyopenvino.PartialShape(arg0: openvino._pyopenvino.Shape)
    2. openvino._pyopenvino.PartialShape(arg0: openvino._pyopenvino.PartialShape)
    3. openvino._pyopenvino.PartialShape(arg0: list)
    4. openvino._pyopenvino.PartialShape(arg0: tuple)
    5. openvino._pyopenvino.PartialShape(shape: str)

Invoked with: <Type: 'float32'>
",0,True,1.169445330997405,,
translation,49ad67beae29c7c5b1484eaa,cuda_tiled_transpose,intel_npu_4000,hinted_ir,2,target_compile,failed,backend_api,"Traceback (most recent call last):
  File ""/tools/intel_build_graph.py"", line 26, in <module>
    main()
  File ""/tools/intel_build_graph.py"", line 19, in main
    model = module.build_model(manifest) if inspect.signature(module.build_model).parameters else module.build_model()
            ^^^^^^^^^^^^^^^^^^^^^^^^^^^^
  File ""/candidate/model.py"", line 22, in build_model
    input_param = ov.opset10.parameter(ov.Type.f32, ov.PartialShape(input_shape), name=""input"")
                  ^^^^^^^^^^^^^^^^^^^^^^^^^^^^^^^^^^^^^^^^^^^^^^^^^^^^^^^^^^^^^^^^^^^^^^^^^^^^^
  File ""/opt/intel/openvino_2026.3.1/python/openvino/utils/decorators.py"", line 31, in wrapper
    node = node_factory_function(*args, **kwargs)
           ^^^^^^^^^^^^^^^^^^^^^^^^^^^^^^^^^^^^^^
  File ""/opt/intel/openvino_2026.3.1/python/openvino/opset1/ops.py"", line 1860, in parameter
    PartialShape(shape),
    ^^^^^^^^^^^^^^^^^^^
TypeError: __init__(): incompatible constructor arguments. The following argument types are supported:
    1. openvino._pyopenvino.PartialShape(arg0: openvino._pyopenvino.Shape)
    2. openvino._pyopenvino.PartialShape(arg0: openvino._pyopenvino.PartialShape)
    3. openvino._pyopenvino.PartialShape(arg0: list)
    4. openvino._pyopenvino.PartialShape(arg0: tuple)
    5. openvino._pyopenvino.PartialShape(shape: str)

Invoked with: <Type: 'float32'>
",0,True,0.0,,
translation,49ad67beae29c7c5b1484eaa,cuda_tiled_transpose,intel_npu_4000,hinted_ir,2,host_execution,blocked,,,0,True,0.0,,
translation,49ad67beae29c7c5b1484eaa,cuda_tiled_transpose,intel_npu_4000,hinted_ir,2,dataflow_simulation,not_requested,,,0,True,0.0,,
translation,49ad67beae29c7c5b1484eaa,cuda_tiled_transpose,intel_npu_4000,hinted_ir,3,model_code,completed,,,6233,True,54.303330873997766,gen-1789641218-xHdqJmXyRF4UuUsE8B5D,0.0042944655
translation,49ad67beae29c7c5b1484eaa,cuda_tiled_transpose,intel_npu_4000,hinted_ir,3,target_execution,blocked,,No validated executor for the emitted target artifact is configured.,0,True,0.0,,
translation,49ad67beae29c7c5b1484eaa,cuda_tiled_transpose,intel_npu_4000,hinted_ir,3,performance,not_requested,,,0,True,0.0,,
translation,49ad67beae29c7c5b1484eaa,cuda_tiled_transpose,intel_npu_4000,hinted_ir,3,oracle_validation,passed,,,0,True,0.020383193004818168,,
translation,49ad67beae29c7c5b1484eaa,cuda_tiled_transpose,intel_npu_4000,hinted_ir,3,graph_construction,passed,,,0,True,1.066244485002244,,
translation,49ad67beae29c7c5b1484eaa,cuda_tiled_transpose,intel_npu_4000,hinted_ir,3,host_execution,passed,,,0,True,1.2886607870023,,
translation,49ad67beae29c7c5b1484eaa,cuda_tiled_transpose,intel_npu_4000,hinted_ir,3,target_compile,passed,,,0,True,1.1664996189938392,,
translation,49ad67beae29c7c5b1484eaa,cuda_tiled_transpose,intel_npu_4000,hinted_ir,3,dataflow_simulation,not_requested,,,0,True,0.0,,
translation,399ace8dfda6ba0df0db1262,cuda_tiled_transpose,intel_npu_4000,structured_ir,1,model_intermediate,completed,,,2712,True,43.813730291003594,gen-1789641005-dVD3OI9zWN5MoqVsGJ5h,0.0021068112
translation,399ace8dfda6ba0df0db1262,cuda_tiled_transpose,intel_npu_4000,structured_ir,1,semantic_validation,failed,unsupported_ir,unsupported executable index_expression; use structured operations,0,True,0.002507452998543158,,
translation,399ace8dfda6ba0df0db1262,cuda_tiled_transpose,intel_npu_4000,structured_ir,2,model_intermediate,completed,,,2752,True,27.321474600998044,gen-1789641049-tjxsmSZzilSBlNkNqiSw,0.0017247516
translation,399ace8dfda6ba0df0db1262,cuda_tiled_transpose,intel_npu_4000,structured_ir,2,model_code,completed,,,2930,True,22.9782764470001,gen-1789641076-ffZFanBNSQeVx6RGwJfh,0.001879176
translation,399ace8dfda6ba0df0db1262,cuda_tiled_transpose,intel_npu_4000,structured_ir,2,semantic_validation,passed,,IR matches independent oracle on 12 cases; prose metadata is not executable evidence,0,True,0.02125218500441406,,
translation,399ace8dfda6ba0df0db1262,cuda_tiled_transpose,intel_npu_4000,structured_ir,2,target_execution,blocked,,No validated executor for the emitted target artifact is configured.,0,True,0.0,,
translation,399ace8dfda6ba0df0db1262,cuda_tiled_transpose,intel_npu_4000,structured_ir,2,performance,not_requested,,,0,True,0.0,,
translation,399ace8dfda6ba0df0db1262,cuda_tiled_transpose,intel_npu_4000,structured_ir,2,oracle_validation,passed,,,0,True,0.02062738899985561,,
translation,399ace8dfda6ba0df0db1262,cuda_tiled_transpose,intel_npu_4000,structured_ir,2,graph_construction,failed,backend_api,"Traceback (most recent call last):
  File ""/tools/intel_build_graph.py"", line 26, in <module>
    main()
  File ""/tools/intel_build_graph.py"", line 17, in main
    spec.loader.exec_module(module)
  File ""<frozen importlib._bootstrap_external>"", line 995, in exec_module
  File ""<frozen importlib._bootstrap>"", line 488, in _call_with_frames_removed
  File ""/candidate/model.py"", line 2, in <module>
    import openvino.runtime.opset13 as ops
ModuleNotFoundError: No module named 'openvino.runtime'
",0,True,1.0682995639945148,,
translation,399ace8dfda6ba0df0db1262,cuda_tiled_transpose,intel_npu_4000,structured_ir,2,target_compile,failed,backend_api,"Traceback (most recent call last):
  File ""/tools/intel_build_graph.py"", line 26, in <module>
    main()
  File ""/tools/intel_build_graph.py"", line 17, in main
    spec.loader.exec_module(module)
  File ""<frozen importlib._bootstrap_external>"", line 995, in exec_module
  File ""<frozen importlib._bootstrap>"", line 488, in _call_with_frames_removed
  File ""/candidate/model.py"", line 2, in <module>
    import openvino.runtime.opset13 as ops
ModuleNotFoundError: No module named 'openvino.runtime'
",0,True,0.0,,
translation,399ace8dfda6ba0df0db1262,cuda_tiled_transpose,intel_npu_4000,structured_ir,2,host_execution,blocked,,,0,True,0.0,,
translation,399ace8dfda6ba0df0db1262,cuda_tiled_transpose,intel_npu_4000,structured_ir,2,dataflow_simulation,not_requested,,,0,True,0.0,,
translation,399ace8dfda6ba0df0db1262,cuda_tiled_transpose,intel_npu_4000,structured_ir,3,model_code,completed,,,6818,True,81.79635708999558,gen-1789641100-4iSKW5fvjk5N6w6tcl7r,0.005531565
translation,399ace8dfda6ba0df0db1262,cuda_tiled_transpose,intel_npu_4000,structured_ir,3,semantic_validation,passed,,IR matches independent oracle on 12 cases; prose metadata is not executable evidence,0,True,0.0,,
translation,399ace8dfda6ba0df0db1262,cuda_tiled_transpose,intel_npu_4000,structured_ir,3,target_execution,blocked,,No validated executor for the emitted target artifact is configured.,0,True,0.0,,
translation,399ace8dfda6ba0df0db1262,cuda_tiled_transpose,intel_npu_4000,structured_ir,3,performance,not_requested,,,0,True,0.0,,
translation,399ace8dfda6ba0df0db1262,cuda_tiled_transpose,intel_npu_4000,structured_ir,3,oracle_validation,passed,,,0,True,0.020637436005927157,,
translation,399ace8dfda6ba0df0db1262,cuda_tiled_transpose,intel_npu_4000,structured_ir,3,graph_construction,failed,backend_api,"Traceback (most recent call last):
  File ""/tools/intel_build_graph.py"", line 26, in <module>
    main()
  File ""/tools/intel_build_graph.py"", line 19, in main
    model = module.build_model(manifest) if inspect.signature(module.build_model).parameters else module.build_model()
            ^^^^^^^^^^^^^^^^^^^^^^^^^^^^
  File ""/candidate/model.py"", line 10, in build_model
    transpose_op = ops.transpose(input_param, axes=[1, 0])  # output shape [96,64]
                   ^^^^^^^^^^^^^^^^^^^^^^^^^^^^^^^^^^^^^^^
  File ""/opt/intel/openvino_2026.3.1/python/openvino/utils/decorators.py"", line 31, in wrapper
    node = node_factory_function(*args, **kwargs)
           ^^^^^^^^^^^^^^^^^^^^^^^^^^^^^^^^^^^^^^
TypeError: transpose() got an unexpected keyword argument 'axes'
",0,True,1.1665232560044387,,
translation,399ace8dfda6ba0df0db1262,cuda_tiled_transpose,intel_npu_4000,structured_ir,3,target_compile,failed,backend_api,"Traceback (most recent call last):
  File ""/tools/intel_build_graph.py"", line 26, in <module>
    main()
  File ""/tools/intel_build_graph.py"", line 19, in main
    model = module.build_model(manifest) if inspect.signature(module.build_model).parameters else module.build_model()
            ^^^^^^^^^^^^^^^^^^^^^^^^^^^^
  File ""/candidate/model.py"", line 10, in build_model
    transpose_op = ops.transpose(input_param, axes=[1, 0])  # output shape [96,64]
                   ^^^^^^^^^^^^^^^^^^^^^^^^^^^^^^^^^^^^^^^
  File ""/opt/intel/openvino_2026.3.1/python/openvino/utils/decorators.py"", line 31, in wrapper
    node = node_factory_function(*args, **kwargs)
           ^^^^^^^^^^^^^^^^^^^^^^^^^^^^^^^^^^^^^^
TypeError: transpose() got an unexpected keyword argument 'axes'
",0,True,0.0,,
translation,399ace8dfda6ba0df0db1262,cuda_tiled_transpose,intel_npu_4000,structured_ir,3,host_execution,blocked,,,0,True,0.0,,
translation,399ace8dfda6ba0df0db1262,cuda_tiled_transpose,intel_npu_4000,structured_ir,3,dataflow_simulation,not_requested,,,0,True,0.0,,
translation,399ace8dfda6ba0df0db1262,cuda_tiled_transpose,intel_npu_4000,structured_ir,4,model_code,completed,,,3504,True,13.432676743002958,gen-1789641183-egiSDHeKhKmgXZkDnO2P,0.0013506948
translation,399ace8dfda6ba0df0db1262,cuda_tiled_transpose,intel_npu_4000,structured_ir,4,semantic_validation,passed,,IR matches independent oracle on 12 cases; prose metadata is not executable evidence,0,True,0.0,,
translation,399ace8dfda6ba0df0db1262,cuda_tiled_transpose,intel_npu_4000,structured_ir,4,target_execution,blocked,,No validated executor for the emitted target artifact is configured.,0,True,0.0,,
translation,399ace8dfda6ba0df0db1262,cuda_tiled_transpose,intel_npu_4000,structured_ir,4,performance,not_requested,,,0,True,0.0,,
translation,399ace8dfda6ba0df0db1262,cuda_tiled_transpose,intel_npu_4000,structured_ir,4,oracle_validation,passed,,,0,True,0.02019072399707511,,
translation,399ace8dfda6ba0df0db1262,cuda_tiled_transpose,intel_npu_4000,structured_ir,4,graph_construction,passed,,,0,True,1.066760769004759,,
translation,399ace8dfda6ba0df0db1262,cuda_tiled_transpose,intel_npu_4000,structured_ir,4,host_execution,passed,,,0,True,1.1906260020041373,,
translation,399ace8dfda6ba0df0db1262,cuda_tiled_transpose,intel_npu_4000,structured_ir,4,target_compile,passed,,,0,True,1.1670425939955749,,
translation,399ace8dfda6ba0df0db1262,cuda_tiled_transpose,intel_npu_4000,structured_ir,4,dataflow_simulation,not_requested,,,0,True,0.0,,
translation,5c0221c34f9f6b5bca2e5333,triton_layer_norm,intel_npu_4000,hinted_ir,1,model_intermediate,completed,,,3514,True,55.47814053899492,gen-1789641005-5l084qJUim0HdPmEMm3D,0.003294486
translation,5c0221c34f9f6b5bca2e5333,triton_layer_norm,intel_npu_4000,hinted_ir,1,model_code,completed,,,4280,True,63.16388176300097,gen-1789641060-M1r9KY0gDIhMVfYsHLuk,0.003892473
translation,5c0221c34f9f6b5bca2e5333,triton_layer_norm,intel_npu_4000,hinted_ir,1,candidate_contract,failed,model_output,unexpected generated files for intel_openvino: ['./model.py'],0,True,,,
translation,5c0221c34f9f6b5bca2e5333,triton_layer_norm,intel_npu_4000,hinted_ir,2,model_code,completed,,,4059,True,45.89273283800139,gen-1789641124-CCV5BPiZO331QLHjL0Uk,0.0031963035
translation,5c0221c34f9f6b5bca2e5333,triton_layer_norm,intel_npu_4000,hinted_ir,2,candidate_contract,failed,model_output,unexpected generated files for intel_openvino: ['./model.py'],0,True,,,
translation,5c0221c34f9f6b5bca2e5333,triton_layer_norm,intel_npu_4000,hinted_ir,3,model_code,completed,,,6599,True,89.7517687110012,gen-1789641169-kCHMP2axCkEqRgA7VVgW,0.0059557875
translation,5c0221c34f9f6b5bca2e5333,triton_layer_norm,intel_npu_4000,hinted_ir,3,candidate_contract,failed,model_output,unexpected generated files for intel_openvino: ['./model.py'],0,True,,,
translation,5c0221c34f9f6b5bca2e5333,triton_layer_norm,intel_npu_4000,hinted_ir,4,model_code,completed,,,4610,True,51.655279357000836,gen-1789641259-XzNPtroD9EvHXNl89G13,0.0034072662
translation,5c0221c34f9f6b5bca2e5333,triton_layer_norm,intel_npu_4000,hinted_ir,4,candidate_contract,failed,model_output,unexpected generated files for intel_openvino: ['./model.py'],0,True,,,
translation,5c0221c34f9f6b5bca2e5333,triton_layer_norm,intel_npu_4000,hinted_ir,5,model_code,completed,,,4789,True,56.03220198700001,gen-1789641311-qyp5wM7My0gFEIFfh7cu,0.0039247065
translation,5c0221c34f9f6b5bca2e5333,triton_layer_norm,intel_npu_4000,hinted_ir,5,candidate_contract,failed,model_output,unexpected generated files for intel_openvino: ['./model.py'],0,True,,,
translation,5c0221c34f9f6b5bca2e5333,triton_layer_norm,intel_npu_4000,hinted_ir,6,model_code,completed,,,4359,True,39.80865637399984,gen-1789641367-n8rsxZFOHGJzNt47dZS0,0.0027807507
translation,5c0221c34f9f6b5bca2e5333,triton_layer_norm,intel_npu_4000,hinted_ir,6,candidate_contract,failed,model_output,unexpected generated files for intel_openvino: ['./model.py'],0,True,,,
translation,5c0221c34f9f6b5bca2e5333,triton_layer_norm,intel_npu_4000,hinted_ir,7,model_code,completed,,,3701,True,29.927492811002594,gen-1789641407-ZVUcioKqWNulOthAsAp3,0.0021812817
translation,5c0221c34f9f6b5bca2e5333,triton_layer_norm,intel_npu_4000,hinted_ir,7,candidate_contract,failed,model_output,unexpected generated files for intel_openvino: ['./model.py'],0,True,,,
translation,5c0221c34f9f6b5bca2e5333,triton_layer_norm,intel_npu_4000,hinted_ir,8,model_code,completed,,,4417,True,41.69772738900065,gen-1789641437-A0spADxoyIwlxfpbRtNA,0.0029541447
translation,5c0221c34f9f6b5bca2e5333,triton_layer_norm,intel_npu_4000,hinted_ir,8,candidate_contract,failed,model_output,unexpected generated files for intel_openvino: ['./model.py'],0,True,,,
translation,5c0221c34f9f6b5bca2e5333,triton_layer_norm,intel_npu_4000,hinted_ir,9,model_code,completed,,,5296,True,59.7541217379985,gen-1789641478-7ubMNQJZ156hG8h0hyHR,0.0039244842
translation,5c0221c34f9f6b5bca2e5333,triton_layer_norm,intel_npu_4000,hinted_ir,9,candidate_contract,failed,model_output,unexpected generated files for intel_openvino: ['./model.py'],0,True,,,
translation,5c0221c34f9f6b5bca2e5333,triton_layer_norm,intel_npu_4000,hinted_ir,10,model_code,completed,,,4327,True,40.039934252999956,gen-1789641538-hZkbcxYbVIYrCWgOH6M0,0.0028370667
translation,5c0221c34f9f6b5bca2e5333,triton_layer_norm,intel_npu_4000,hinted_ir,10,candidate_contract,failed,model_output,unexpected generated files for intel_openvino: ['./model.py'],0,True,,,
translation,e7df03cbaa94330f234130a7,triton_layer_norm,intel_npu_4000,direct,1,model_code,completed,,,2361,True,38.78225732500141,gen-1789641005-ZubbaUP89NKhxiBVYfec,0.0019795815
translation,e7df03cbaa94330f234130a7,triton_layer_norm,intel_npu_4000,direct,1,target_execution,blocked,,No validated executor for the emitted target artifact is configured.,0,True,0.0,,
translation,e7df03cbaa94330f234130a7,triton_layer_norm,intel_npu_4000,direct,1,performance,not_requested,,,0,True,0.0,,
translation,e7df03cbaa94330f234130a7,triton_layer_norm,intel_npu_4000,direct,1,oracle_validation,passed,,,0,True,0.004359958998975344,,
translation,e7df03cbaa94330f234130a7,triton_layer_norm,intel_npu_4000,direct,1,graph_construction,failed,backend_api,"Traceback (most recent call last):
  File ""/tools/intel_build_graph.py"", line 26, in <module>
    main()
  File ""/tools/intel_build_graph.py"", line 17, in main
    spec.loader.exec_module(module)
  File ""<frozen importlib._bootstrap_external>"", line 995, in exec_module
  File ""<frozen importlib._bootstrap>"", line 488, in _call_with_frames_removed
  File ""/candidate/model.py"", line 2, in <module>
    import openvino.runtime.opset13 as ops
ModuleNotFoundError: No module named 'openvino.runtime'
",0,True,1.0665809700003592,,
translation,e7df03cbaa94330f234130a7,triton_layer_norm,intel_npu_4000,direct,1,target_compile,failed,backend_api,"Traceback (most recent call last):
  File ""/tools/intel_build_graph.py"", line 26, in <module>
    main()
  File ""/tools/intel_build_graph.py"", line 17, in main
    spec.loader.exec_module(module)
  File ""<frozen importlib._bootstrap_external>"", line 995, in exec_module
  File ""<frozen importlib._bootstrap>"", line 488, in _call_with_frames_removed
  File ""/candidate/model.py"", line 2, in <module>
    import openvino.runtime.opset13 as ops
ModuleNotFoundError: No module named 'openvino.runtime'
",0,True,0.0,,
translation,e7df03cbaa94330f234130a7,triton_layer_norm,intel_npu_4000,direct,1,host_execution,blocked,,,0,True,0.0,,
translation,e7df03cbaa94330f234130a7,triton_layer_norm,intel_npu_4000,direct,1,dataflow_simulation,not_requested,,,0,True,0.0,,
translation,e7df03cbaa94330f234130a7,triton_layer_norm,intel_npu_4000,direct,2,model_code,completed,,,5733,True,59.45845452100184,gen-1789641045-ctbPz1HWyDq0VRecqvQW,0.0040631253
translation,e7df03cbaa94330f234130a7,triton_layer_norm,intel_npu_4000,direct,2,target_execution,blocked,,No validated executor for the emitted target artifact is configured.,0,True,0.0,,
translation,e7df03cbaa94330f234130a7,triton_layer_norm,intel_npu_4000,direct,2,performance,not_requested,,,0,True,0.0,,
translation,e7df03cbaa94330f234130a7,triton_layer_norm,intel_npu_4000,direct,2,oracle_validation,passed,,,0,True,0.0042162309982813895,,
translation,e7df03cbaa94330f234130a7,triton_layer_norm,intel_npu_4000,direct,2,graph_construction,failed,backend_api,"Traceback (most recent call last):
  File ""/tools/intel_build_graph.py"", line 26, in <module>
    main()
  File ""/tools/intel_build_graph.py"", line 19, in main
    model = module.build_model(manifest) if inspect.signature(module.build_model).parameters else module.build_model()
            ^^^^^^^^^^^^^^^^^^^^^^^^^^^^
  File ""/candidate/model.py"", line 21, in build_model
    mean = ov.opset13.reduce_mean(param_input, axes, keepdims=True)
           ^^^^^^^^^^^^^^^^^^^^^^^^^^^^^^^^^^^^^^^^^^^^^^^^^^^^^^^^
  File ""/opt/intel/openvino_2026.3.1/python/openvino/utils/decorators.py"", line 31, in wrapper
    node = node_factory_function(*args, **kwargs)
           ^^^^^^^^^^^^^^^^^^^^^^^^^^^^^^^^^^^^^^
TypeError: reduce_mean() got an unexpected keyword argument 'keepdims'
",0,True,1.0166363979951711,,
translation,e7df03cbaa94330f234130a7,triton_layer_norm,intel_npu_4000,direct,2,target_compile,failed,backend_api,"Traceback (most recent call last):
  File ""/tools/intel_build_graph.py"", line 26, in <module>
    main()
  File ""/tools/intel_build_graph.py"", line 19, in main
    model = module.build_model(manifest) if inspect.signature(module.build_model).parameters else module.build_model()
            ^^^^^^^^^^^^^^^^^^^^^^^^^^^^
  File ""/candidate/model.py"", line 21, in build_model
    mean = ov.opset13.reduce_mean(param_input, axes, keepdims=True)
           ^^^^^^^^^^^^^^^^^^^^^^^^^^^^^^^^^^^^^^^^^^^^^^^^^^^^^^^^
  File ""/opt/intel/openvino_2026.3.1/python/openvino/utils/decorators.py"", line 31, in wrapper
    node = node_factory_function(*args, **kwargs)
           ^^^^^^^^^^^^^^^^^^^^^^^^^^^^^^^^^^^^^^
TypeError: reduce_mean() got an unexpected keyword argument 'keepdims'
",0,True,0.0,,
translation,e7df03cbaa94330f234130a7,triton_layer_norm,intel_npu_4000,direct,2,host_execution,blocked,,,0,True,0.0,,
translation,e7df03cbaa94330f234130a7,triton_layer_norm,intel_npu_4000,direct,2,dataflow_simulation,not_requested,,,0,True,0.0,,
translation,e7df03cbaa94330f234130a7,triton_layer_norm,intel_npu_4000,direct,3,model_code,completed,,,4416,True,32.48395741200511,gen-1789641105-apypJaOygcJf8663vOIk,0.002840994
translation,e7df03cbaa94330f234130a7,triton_layer_norm,intel_npu_4000,direct,3,target_execution,blocked,,No validated executor for the emitted target artifact is configured.,0,True,0.0,,
translation,e7df03cbaa94330f234130a7,triton_layer_norm,intel_npu_4000,direct,3,performance,not_requested,,,0,True,0.0,,
translation,e7df03cbaa94330f234130a7,triton_layer_norm,intel_npu_4000,direct,3,oracle_validation,passed,,,0,True,0.004557344997010659,,
translation,e7df03cbaa94330f234130a7,triton_layer_norm,intel_npu_4000,direct,3,graph_construction,failed,backend_api,"Traceback (most recent call last):
  File ""/tools/intel_build_graph.py"", line 26, in <module>
    main()
  File ""/tools/intel_build_graph.py"", line 17, in main
    spec.loader.exec_module(module)
  File ""<frozen importlib._bootstrap_external>"", line 995, in exec_module
  File ""<frozen importlib._bootstrap>"", line 488, in _call_with_frames_removed
  File ""/candidate/model.py"", line 2, in <module>
    import openvino.runtime.opset13 as ops
ModuleNotFoundError: No module named 'openvino.runtime'
",0,True,1.1670638119976502,,
translation,e7df03cbaa94330f234130a7,triton_layer_norm,intel_npu_4000,direct,3,target_compile,failed,backend_api,"Traceback (most recent call last):
  File ""/tools/intel_build_graph.py"", line 26, in <module>
    main()
  File ""/tools/intel_build_graph.py"", line 17, in main
    spec.loader.exec_module(module)
  File ""<frozen importlib._bootstrap_external>"", line 995, in exec_module
  File ""<frozen importlib._bootstrap>"", line 488, in _call_with_frames_removed
  File ""/candidate/model.py"", line 2, in <module>
    import openvino.runtime.opset13 as ops
ModuleNotFoundError: No module named 'openvino.runtime'
",0,True,0.0,,
translation,e7df03cbaa94330f234130a7,triton_layer_norm,intel_npu_4000,direct,3,host_execution,blocked,,,0,True,0.0,,
translation,e7df03cbaa94330f234130a7,triton_layer_norm,intel_npu_4000,direct,3,dataflow_simulation,not_requested,,,0,True,0.0,,
translation,e7df03cbaa94330f234130a7,triton_layer_norm,intel_npu_4000,direct,4,model_code,completed,,,6104,True,66.99213440099993,gen-1789641139-Q5Rtcuv8Fv3eMzOxtxvi,0.0044848284
translation,e7df03cbaa94330f234130a7,triton_layer_norm,intel_npu_4000,direct,4,target_execution,blocked,,No validated executor for the emitted target artifact is configured.,0,True,0.0,,
translation,e7df03cbaa94330f234130a7,triton_layer_norm,intel_npu_4000,direct,4,performance,not_requested,,,0,True,0.0,,
translation,e7df03cbaa94330f234130a7,triton_layer_norm,intel_npu_4000,direct,4,oracle_validation,passed,,,0,True,0.004219506001390982,,
translation,e7df03cbaa94330f234130a7,triton_layer_norm,intel_npu_4000,direct,4,graph_construction,passed,,,0,True,1.0667330229989602,,
translation,e7df03cbaa94330f234130a7,triton_layer_norm,intel_npu_4000,direct,4,host_execution,failed,numerical,,0,True,1.1230945240022265,,
translation,e7df03cbaa94330f234130a7,triton_layer_norm,intel_npu_4000,direct,4,target_compile,passed,,,0,True,1.1166991350037279,,
translation,e7df03cbaa94330f234130a7,triton_layer_norm,intel_npu_4000,direct,4,dataflow_simulation,not_requested,,,0,True,0.0,,
translation,e7df03cbaa94330f234130a7,triton_layer_norm,intel_npu_4000,direct,5,model_code,completed,,,5806,True,51.458641571000044,gen-1789641209-N7cfBuGv5FK2S56whHl7,0.0038041458
translation,e7df03cbaa94330f234130a7,triton_layer_norm,intel_npu_4000,direct,5,target_execution,blocked,,No validated executor for the emitted target artifact is configured.,0,True,0.0,,
translation,e7df03cbaa94330f234130a7,triton_layer_norm,intel_npu_4000,direct,5,performance,not_requested,,,0,True,0.0,,
translation,e7df03cbaa94330f234130a7,triton_layer_norm,intel_npu_4000,direct,5,oracle_validation,passed,,,0,True,0.0043364040029700845,,
translation,e7df03cbaa94330f234130a7,triton_layer_norm,intel_npu_4000,direct,5,graph_construction,failed,backend_api,"Traceback (most recent call last):
  File ""/tools/intel_build_graph.py"", line 26, in <module>
    main()
  File ""/tools/intel_build_graph.py"", line 19, in main
    model = module.build_model(manifest) if inspect.signature(module.build_model).parameters else module.build_model()
            ^^^^^^^^^^^^^^^^^^^^^^^^^^^^
  File ""/candidate/model.py"", line 30, in build_model
    rsqrt = ops.rsqrt(variance_eps)  # Use built‑in rsqrt
            ^^^^^^^^^
AttributeError: module 'openvino.opset13' has no attribute 'rsqrt'. Did you mean: 'sqrt'?
",0,True,1.0165660200000275,,
translation,e7df03cbaa94330f234130a7,triton_layer_norm,intel_npu_4000,direct,5,target_compile,failed,backend_api,"Traceback (most recent call last):
  File ""/tools/intel_build_graph.py"", line 26, in <module>
    main()
  File ""/tools/intel_build_graph.py"", line 19, in main
    model = module.build_model(manifest) if inspect.signature(module.build_model).parameters else module.build_model()
            ^^^^^^^^^^^^^^^^^^^^^^^^^^^^
  File ""/candidate/model.py"", line 30, in build_model
    rsqrt = ops.rsqrt(variance_eps)  # Use built‑in rsqrt
            ^^^^^^^^^
AttributeError: module 'openvino.opset13' has no attribute 'rsqrt'. Did you mean: 'sqrt'?
",0,True,0.0,,
translation,e7df03cbaa94330f234130a7,triton_layer_norm,intel_npu_4000,direct,5,host_execution,blocked,,,0,True,0.0,,
translation,e7df03cbaa94330f234130a7,triton_layer_norm,intel_npu_4000,direct,5,dataflow_simulation,not_requested,,,0,True,0.0,,
translation,e7df03cbaa94330f234130a7,triton_layer_norm,intel_npu_4000,direct,6,model_code,completed,,,4685,True,37.430253654005355,gen-1789641262-NNETdV3JRW7Z1gnSHZc3,0.0029218371
translation,e7df03cbaa94330f234130a7,triton_layer_norm,intel_npu_4000,direct,6,target_execution,blocked,,No validated executor for the emitted target artifact is configured.,0,True,0.0,,
translation,e7df03cbaa94330f234130a7,triton_layer_norm,intel_npu_4000,direct,6,performance,not_requested,,,0,True,0.0,,
translation,e7df03cbaa94330f234130a7,triton_layer_norm,intel_npu_4000,direct,6,oracle_validation,passed,,,0,True,0.004265358998964075,,
translation,e7df03cbaa94330f234130a7,triton_layer_norm,intel_npu_4000,direct,6,graph_construction,passed,,,0,True,1.0664953150044312,,
translation,e7df03cbaa94330f234130a7,triton_layer_norm,intel_npu_4000,direct,6,host_execution,failed,buffer_dataflow,"Traceback (most recent call last):
  File ""/tools/intel_execute_graph.py"", line 65, in <module>
    main()
  File ""/tools/intel_execute_graph.py"", line 50, in main
    check_ports(model, manifest)
  File ""/tools/intel_execute_graph.py"", line 30, in check_ports
    if tuple(port.get_shape()) != tensor.shape or np.dtype(port.get_element_type().to_dtype()) != np.dtype(tensor.dtype):
             ^^^^^^^^^^^^^^^^
RuntimeError: Exception from src/core/src/partial_shape.cpp:261:
to_shape was called on a dynamic shape.

",0,True,1.0668322350029484,,
translation,e7df03cbaa94330f234130a7,triton_layer_norm,intel_npu_4000,direct,6,target_compile,failed,buffer_dataflow,"Traceback (most recent call last):
  File ""/tools/intel_compile_graph.py"", line 35, in <module>
    main()
  File ""/tools/intel_compile_graph.py"", line 19, in main
    check_ports(model, manifest)
  File ""/tools/intel_execute_graph.py"", line 30, in check_ports
    if tuple(port.get_shape()) != tensor.shape or np.dtype(port.get_element_type().to_dtype()) != np.dtype(tensor.dtype):
             ^^^^^^^^^^^^^^^^
RuntimeError: Exception from src/core/src/partial_shape.cpp:261:
to_shape was called on a dynamic shape.

",0,True,1.0667466730010347,,
translation,e7df03cbaa94330f234130a7,triton_layer_norm,intel_npu_4000,direct,6,dataflow_simulation,not_requested,,,0,True,0.0,,
translation,e7df03cbaa94330f234130a7,triton_layer_norm,intel_npu_4000,direct,7,model_code,completed,,,4875,True,30.477882058999967,gen-1789641303-xPrTGvT8Sxdbe3lkzHNH,0.0027076881
translation,e7df03cbaa94330f234130a7,triton_layer_norm,intel_npu_4000,direct,7,target_execution,blocked,,No validated executor for the emitted target artifact is configured.,0,True,0.0,,
translation,e7df03cbaa94330f234130a7,triton_layer_norm,intel_npu_4000,direct,7,performance,not_requested,,,0,True,0.0,,
translation,e7df03cbaa94330f234130a7,triton_layer_norm,intel_npu_4000,direct,7,oracle_validation,passed,,,0,True,0.004532202998234425,,
translation,e7df03cbaa94330f234130a7,triton_layer_norm,intel_npu_4000,direct,7,graph_construction,passed,,,0,True,1.1667092839998077,,
translation,e7df03cbaa94330f234130a7,triton_layer_norm,intel_npu_4000,direct,7,host_execution,failed,numerical,,0,True,1.1728054790000897,,
translation,e7df03cbaa94330f234130a7,triton_layer_norm,intel_npu_4000,direct,7,target_compile,passed,,,0,True,1.1165430350010865,,
translation,e7df03cbaa94330f234130a7,triton_layer_norm,intel_npu_4000,direct,7,dataflow_simulation,not_requested,,,0,True,0.0,,
translation,e7df03cbaa94330f234130a7,triton_layer_norm,intel_npu_4000,direct,8,model_code,completed,,,5315,True,38.070676725998055,gen-1789641337-zMTrgC3FBxUQphRxa7sy,0.0031939323
translation,e7df03cbaa94330f234130a7,triton_layer_norm,intel_npu_4000,direct,8,target_execution,blocked,,No validated executor for the emitted target artifact is configured.,0,True,0.0,,
translation,e7df03cbaa94330f234130a7,triton_layer_norm,intel_npu_4000,direct,8,performance,not_requested,,,0,True,0.0,,
translation,e7df03cbaa94330f234130a7,triton_layer_norm,intel_npu_4000,direct,8,oracle_validation,passed,,,0,True,0.00426685500133317,,
translation,e7df03cbaa94330f234130a7,triton_layer_norm,intel_npu_4000,direct,8,graph_construction,failed,backend_api,"Traceback (most recent call last):
  File ""/tools/intel_build_graph.py"", line 26, in <module>
    main()
  File ""/tools/intel_build_graph.py"", line 19, in main
    model = module.build_model(manifest) if inspect.signature(module.build_model).parameters else module.build_model()
            ^^^^^^^^^^^^^^^^^^^^^^^^^^^^
  File ""/candidate/model.py"", line 17, in build_model
    axes_initial = ov.Constant(dtype=ov.Type.i64, value=np.array([1], dtype=np.int64))
                   ^^^^^^^^^^^
AttributeError: module 'openvino' has no attribute 'Constant'
",0,True,1.0667685429943958,,
translation,e7df03cbaa94330f234130a7,triton_layer_norm,intel_npu_4000,direct,8,target_compile,failed,backend_api,"Traceback (most recent call last):
  File ""/tools/intel_build_graph.py"", line 26, in <module>
    main()
  File ""/tools/intel_build_graph.py"", line 19, in main
    model = module.build_model(manifest) if inspect.signature(module.build_model).parameters else module.build_model()
            ^^^^^^^^^^^^^^^^^^^^^^^^^^^^
  File ""/candidate/model.py"", line 17, in build_model
    axes_initial = ov.Constant(dtype=ov.Type.i64, value=np.array([1], dtype=np.int64))
                   ^^^^^^^^^^^
AttributeError: module 'openvino' has no attribute 'Constant'
",0,True,0.0,,
translation,e7df03cbaa94330f234130a7,triton_layer_norm,intel_npu_4000,direct,8,host_execution,blocked,,,0,True,0.0,,
translation,e7df03cbaa94330f234130a7,triton_layer_norm,intel_npu_4000,direct,8,dataflow_simulation,not_requested,,,0,True,0.0,,
translation,e7df03cbaa94330f234130a7,triton_layer_norm,intel_npu_4000,direct,9,model_code,completed,,,4273,True,28.878587437000533,gen-1789641376-i56bVpHiFn0tsPevpazR,0.0024327771
translation,e7df03cbaa94330f234130a7,triton_layer_norm,intel_npu_4000,direct,9,target_execution,blocked,,No validated executor for the emitted target artifact is configured.,0,True,0.0,,
translation,e7df03cbaa94330f234130a7,triton_layer_norm,intel_npu_4000,direct,9,performance,not_requested,,,0,True,0.0,,
translation,e7df03cbaa94330f234130a7,triton_layer_norm,intel_npu_4000,direct,9,oracle_validation,passed,,,0,True,0.0042118900018977,,
translation,e7df03cbaa94330f234130a7,triton_layer_norm,intel_npu_4000,direct,9,graph_construction,failed,backend_api,"Traceback (most recent call last):
  File ""/tools/intel_build_graph.py"", line 26, in <module>
    main()
  File ""/tools/intel_build_graph.py"", line 19, in main
    model = module.build_model(manifest) if inspect.signature(module.build_model).parameters else module.build_model()
            ^^^^^^^^^^^^^^^^^^^^^^^^^^^^
  File ""/candidate/model.py"", line 21, in build_model
    axes = ops.Constant(dtype=ov.Type.i64, value=np.array([1], dtype=np.int64))
           ^^^^^^^^^^^^
AttributeError: module 'openvino.opset13' has no attribute 'Constant'. Did you mean: 'constant'?
",0,True,1.0667334500030847,,
translation,e7df03cbaa94330f234130a7,triton_layer_norm,intel_npu_4000,direct,9,target_compile,failed,backend_api,"Traceback (most recent call last):
  File ""/tools/intel_build_graph.py"", line 26, in <module>
    main()
  File ""/tools/intel_build_graph.py"", line 19, in main
    model = module.build_model(manifest) if inspect.signature(module.build_model).parameters else module.build_model()
            ^^^^^^^^^^^^^^^^^^^^^^^^^^^^
  File ""/candidate/model.py"", line 21, in build_model
    axes = ops.Constant(dtype=ov.Type.i64, value=np.array([1], dtype=np.int64))
           ^^^^^^^^^^^^
AttributeError: module 'openvino.opset13' has no attribute 'Constant'. Did you mean: 'constant'?
",0,True,0.0,,
translation,e7df03cbaa94330f234130a7,triton_layer_norm,intel_npu_4000,direct,9,host_execution,blocked,,,0,True,0.0,,
translation,e7df03cbaa94330f234130a7,triton_layer_norm,intel_npu_4000,direct,9,dataflow_simulation,not_requested,,,0,True,0.0,,
translation,e7df03cbaa94330f234130a7,triton_layer_norm,intel_npu_4000,direct,10,model_code,completed,,,4368,True,31.42783178100217,gen-1789641406-NwK2hL7QwsD7io0AgLB5,0.002783937
translation,e7df03cbaa94330f234130a7,triton_layer_norm,intel_npu_4000,direct,10,target_execution,blocked,,No validated executor for the emitted target artifact is configured.,0,True,0.0,,
translation,e7df03cbaa94330f234130a7,triton_layer_norm,intel_npu_4000,direct,10,performance,not_requested,,,0,True,0.0,,
translation,e7df03cbaa94330f234130a7,triton_layer_norm,intel_npu_4000,direct,10,oracle_validation,passed,,,0,True,0.004312891003792174,,
translation,e7df03cbaa94330f234130a7,triton_layer_norm,intel_npu_4000,direct,10,graph_construction,passed,,,0,True,1.167084791995876,,
translation,e7df03cbaa94330f234130a7,triton_layer_norm,intel_npu_4000,direct,10,host_execution,failed,numerical,,0,True,1.2838116370039643,,
translation,e7df03cbaa94330f234130a7,triton_layer_norm,intel_npu_4000,direct,10,target_compile,passed,,,0,True,1.1169609459975618,,
translation,e7df03cbaa94330f234130a7,triton_layer_norm,intel_npu_4000,direct,10,dataflow_simulation,not_requested,,,0,True,0.0,,
translation,3f7bdf199386fb0ee799ca55,triton_layer_norm,intel_npu_4000,structured_ir,1,model_intermediate,rejected,model_output,response does not satisfy the requested JSON schema,4164,True,68.95256647699716,gen-1789641005-O3wPfqIHjH1tofdFYK8Z,0.003751683
translation,3f7bdf199386fb0ee799ca55,triton_layer_norm,intel_npu_4000,structured_ir,2,model_intermediate,completed,,,3901,True,65.96339507000084,gen-1789641074-SC9cYA4Tpt2fFkL4tSKf,0.0034430565
translation,3f7bdf199386fb0ee799ca55,triton_layer_norm,intel_npu_4000,structured_ir,2,semantic_validation,failed,semantic,"not enough values to unpack (expected 3, got 1)",0,True,0.0011360440039425157,,
translation,3f7bdf199386fb0ee799ca55,triton_layer_norm,intel_npu_4000,structured_ir,3,model_intermediate,completed,,,4585,True,47.45451363999746,gen-1789641140-viHGgWTo8bph0WXj0Z28,0.0031712577
translation,3f7bdf199386fb0ee799ca55,triton_layer_norm,intel_npu_4000,structured_ir,3,semantic_validation,failed,semantic,"IR mismatch: {'test_id': 'normal-0', 'correct': False, 'outputs': {'output': {'correct': False, 'mismatch_count': 2048, 'max_absolute_error': 5.828349828720093, 'max_scaled_error': 2940588.3716539713, 'first_failing_indices': [[0, 0], [0, 1], [0, 2], [0, 3], [0, 4], [0, 5], [0, 6], [0, 7]]}}}",0,True,0.0013711779974983074,,
translation,3f7bdf199386fb0ee799ca55,triton_layer_norm,intel_npu_4000,structured_ir,4,model_intermediate,completed,,,7235,True,97.91554494199954,gen-1789641187-dOis1V8hjKMlL2Nx9UdY,0.0064618905
translation,3f7bdf199386fb0ee799ca55,triton_layer_norm,intel_npu_4000,structured_ir,4,model_code,completed,,,6130,True,69.8752388080029,gen-1789641285-jG8wL5L4mzU7Zt2U1sol,0.004829097
translation,3f7bdf199386fb0ee799ca55,triton_layer_norm,intel_npu_4000,structured_ir,4,semantic_validation,passed,,IR matches independent oracle on 12 cases; prose metadata is not executable evidence,0,True,0.005465813999762759,,
translation,3f7bdf199386fb0ee799ca55,triton_layer_norm,intel_npu_4000,structured_ir,4,target_execution,blocked,,No validated executor for the emitted target artifact is configured.,0,True,0.0,,
translation,3f7bdf199386fb0ee799ca55,triton_layer_norm,intel_npu_4000,structured_ir,4,performance,not_requested,,,0,True,0.0,,
translation,3f7bdf199386fb0ee799ca55,triton_layer_norm,intel_npu_4000,structured_ir,4,oracle_validation,passed,,,0,True,0.003989363001892343,,
translation,3f7bdf199386fb0ee799ca55,triton_layer_norm,intel_npu_4000,structured_ir,4,graph_construction,failed,backend_api,"Traceback (most recent call last):
  File ""/tools/intel_build_graph.py"", line 26, in <module>
    main()
  File ""/tools/intel_build_graph.py"", line 19, in main
    model = module.build_model(manifest) if inspect.signature(module.build_model).parameters else module.build_model()
            ^^^^^^^^^^^^^^^^^^^^^^^^^^^^
  File ""/candidate/model.py"", line 12, in build_model
    layer_norm_op = ov.opset13.layer_norm(input_param, ov.AxisSet([1]), weight_param, bias_param, 1e-05)
                    ^^^^^^^^^^^^^^^^^^^^^
AttributeError: module 'openvino.opset13' has no attribute 'layer_norm'
",0,True,1.217074093001429,,
translation,3f7bdf199386fb0ee799ca55,triton_layer_norm,intel_npu_4000,structured_ir,4,target_compile,failed,backend_api,"Traceback (most recent call last):
  File ""/tools/intel_build_graph.py"", line 26, in <module>
    main()
  File ""/tools/intel_build_graph.py"", line 19, in main
    model = module.build_model(manifest) if inspect.signature(module.build_model).parameters else module.build_model()
            ^^^^^^^^^^^^^^^^^^^^^^^^^^^^
  File ""/candidate/model.py"", line 12, in build_model
    layer_norm_op = ov.opset13.layer_norm(input_param, ov.AxisSet([1]), weight_param, bias_param, 1e-05)
                    ^^^^^^^^^^^^^^^^^^^^^
AttributeError: module 'openvino.opset13' has no attribute 'layer_norm'
",0,True,0.0,,
translation,3f7bdf199386fb0ee799ca55,triton_layer_norm,intel_npu_4000,structured_ir,4,host_execution,blocked,,,0,True,0.0,,
translation,3f7bdf199386fb0ee799ca55,triton_layer_norm,intel_npu_4000,structured_ir,4,dataflow_simulation,not_requested,,,0,True,0.0,,
translation,3f7bdf199386fb0ee799ca55,triton_layer_norm,intel_npu_4000,structured_ir,5,model_code,completed,,,5277,True,42.75787893899542,gen-1789641357-tVYfoaDSJe27gxeD4Iyt,0.0030343209
translation,3f7bdf199386fb0ee799ca55,triton_layer_norm,intel_npu_4000,structured_ir,5,semantic_validation,passed,,IR matches independent oracle on 12 cases; prose metadata is not executable evidence,0,True,0.0,,
translation,3f7bdf199386fb0ee799ca55,triton_layer_norm,intel_npu_4000,structured_ir,5,target_execution,blocked,,No validated executor for the emitted target artifact is configured.,0,True,0.0,,
translation,3f7bdf199386fb0ee799ca55,triton_layer_norm,intel_npu_4000,structured_ir,5,performance,not_requested,,,0,True,0.0,,
translation,3f7bdf199386fb0ee799ca55,triton_layer_norm,intel_npu_4000,structured_ir,5,oracle_validation,passed,,,0,True,0.0043429729994386435,,
translation,3f7bdf199386fb0ee799ca55,triton_layer_norm,intel_npu_4000,structured_ir,5,graph_construction,failed,backend_api,"Traceback (most recent call last):
  File ""/tools/intel_build_graph.py"", line 26, in <module>
    main()
  File ""/tools/intel_build_graph.py"", line 19, in main
    model = module.build_model(manifest) if inspect.signature(module.build_model).parameters else module.build_model()
            ^^^^^^^^^^^^^^^^^^^^^^^^^^^^
  File ""/candidate/model.py"", line 22, in build_model
    mean_f64 = opset.reduce_mean(input_f64, axes, keepdims=True)   # shape [16,1]
               ^^^^^^^^^^^^^^^^^^^^^^^^^^^^^^^^^^^^^^^^^^^^^^^^^
  File ""/opt/intel/openvino_2026.3.1/python/openvino/utils/decorators.py"", line 31, in wrapper
    node = node_factory_function(*args, **kwargs)
           ^^^^^^^^^^^^^^^^^^^^^^^^^^^^^^^^^^^^^^
TypeError: reduce_mean() got an unexpected keyword argument 'keepdims'
",0,True,1.0164273560003494,,
translation,3f7bdf199386fb0ee799ca55,triton_layer_norm,intel_npu_4000,structured_ir,5,target_compile,failed,backend_api,"Traceback (most recent call last):
  File ""/tools/intel_build_graph.py"", line 26, in <module>
    main()
  File ""/tools/intel_build_graph.py"", line 19, in main
    model = module.build_model(manifest) if inspect.signature(module.build_model).parameters else module.build_model()
            ^^^^^^^^^^^^^^^^^^^^^^^^^^^^
  File ""/candidate/model.py"", line 22, in build_model
    mean_f64 = opset.reduce_mean(input_f64, axes, keepdims=True)   # shape [16,1]
               ^^^^^^^^^^^^^^^^^^^^^^^^^^^^^^^^^^^^^^^^^^^^^^^^^
  File ""/opt/intel/openvino_2026.3.1/python/openvino/utils/decorators.py"", line 31, in wrapper
    node = node_factory_function(*args, **kwargs)
           ^^^^^^^^^^^^^^^^^^^^^^^^^^^^^^^^^^^^^^
TypeError: reduce_mean() got an unexpected keyword argument 'keepdims'
",0,True,0.0,,
translation,3f7bdf199386fb0ee799ca55,triton_layer_norm,intel_npu_4000,structured_ir,5,host_execution,blocked,,,0,True,0.0,,
translation,3f7bdf199386fb0ee799ca55,triton_layer_norm,intel_npu_4000,structured_ir,5,dataflow_simulation,not_requested,,,0,True,0.0,,
translation,3f7bdf199386fb0ee799ca55,triton_layer_norm,intel_npu_4000,structured_ir,6,model_code,completed,,,4943,True,24.727910965004412,gen-1789641401-UfqaPdi6v73l57BV4ZFO,0.0027665235
translation,3f7bdf199386fb0ee799ca55,triton_layer_norm,intel_npu_4000,structured_ir,6,semantic_validation,passed,,IR matches independent oracle on 12 cases; prose metadata is not executable evidence,0,True,0.0,,
translation,3f7bdf199386fb0ee799ca55,triton_layer_norm,intel_npu_4000,structured_ir,6,target_execution,blocked,,No validated executor for the emitted target artifact is configured.,0,True,0.0,,
translation,3f7bdf199386fb0ee799ca55,triton_layer_norm,intel_npu_4000,structured_ir,6,performance,not_requested,,,0,True,0.0,,
translation,3f7bdf199386fb0ee799ca55,triton_layer_norm,intel_npu_4000,structured_ir,6,oracle_validation,passed,,,0,True,0.0044085040062782355,,
translation,3f7bdf199386fb0ee799ca55,triton_layer_norm,intel_npu_4000,structured_ir,6,graph_construction,failed,backend_api,"Traceback (most recent call last):
  File ""/tools/intel_build_graph.py"", line 26, in <module>
    main()
  File ""/tools/intel_build_graph.py"", line 19, in main
    model = module.build_model(manifest) if inspect.signature(module.build_model).parameters else module.build_model()
            ^^^^^^^^^^^^^^^^^^^^^^^^^^^^
  File ""/candidate/model.py"", line 41, in build_model
    weight_bc = opset.broadcast(weight_param, ov.Shape([16, 128]), axes=[1])
                ^^^^^^^^^^^^^^^^^^^^^^^^^^^^^^^^^^^^^^^^^^^^^^^^^^^^^^^^^^^^
  File ""/opt/intel/openvino_2026.3.1/python/openvino/utils/decorators.py"", line 31, in wrapper
    node = node_factory_function(*args, **kwargs)
           ^^^^^^^^^^^^^^^^^^^^^^^^^^^^^^^^^^^^^^
TypeError: broadcast() got an unexpected keyword argument 'axes'
",0,True,1.116406654000457,,
translation,3f7bdf199386fb0ee799ca55,triton_layer_norm,intel_npu_4000,structured_ir,6,target_compile,failed,backend_api,"Traceback (most recent call last):
  File ""/tools/intel_build_graph.py"", line 26, in <module>
    main()
  File ""/tools/intel_build_graph.py"", line 19, in main
    model = module.build_model(manifest) if inspect.signature(module.build_model).parameters else module.build_model()
            ^^^^^^^^^^^^^^^^^^^^^^^^^^^^
  File ""/candidate/model.py"", line 41, in build_model
    weight_bc = opset.broadcast(weight_param, ov.Shape([16, 128]), axes=[1])
                ^^^^^^^^^^^^^^^^^^^^^^^^^^^^^^^^^^^^^^^^^^^^^^^^^^^^^^^^^^^^
  File ""/opt/intel/openvino_2026.3.1/python/openvino/utils/decorators.py"", line 31, in wrapper
    node = node_factory_function(*args, **kwargs)
           ^^^^^^^^^^^^^^^^^^^^^^^^^^^^^^^^^^^^^^
TypeError: broadcast() got an unexpected keyword argument 'axes'
",0,True,0.0,,
translation,3f7bdf199386fb0ee799ca55,triton_layer_norm,intel_npu_4000,structured_ir,6,host_execution,blocked,,,0,True,0.0,,
translation,3f7bdf199386fb0ee799ca55,triton_layer_norm,intel_npu_4000,structured_ir,6,dataflow_simulation,not_requested,,,0,True,0.0,,
translation,3f7bdf199386fb0ee799ca55,triton_layer_norm,intel_npu_4000,structured_ir,7,model_code,completed,,,6641,True,56.12590206900495,gen-1789641426-N8FmeLYN6tikzEyM3XSL,0.0041108457
translation,3f7bdf199386fb0ee799ca55,triton_layer_norm,intel_npu_4000,structured_ir,7,semantic_validation,passed,,IR matches independent oracle on 12 cases; prose metadata is not executable evidence,0,True,0.0,,
translation,3f7bdf199386fb0ee799ca55,triton_layer_norm,intel_npu_4000,structured_ir,7,target_execution,blocked,,No validated executor for the emitted target artifact is configured.,0,True,0.0,,
translation,3f7bdf199386fb0ee799ca55,triton_layer_norm,intel_npu_4000,structured_ir,7,performance,not_requested,,,0,True,0.0,,
translation,3f7bdf199386fb0ee799ca55,triton_layer_norm,intel_npu_4000,structured_ir,7,oracle_validation,passed,,,0,True,0.003918645001249388,,
translation,3f7bdf199386fb0ee799ca55,triton_layer_norm,intel_npu_4000,structured_ir,7,graph_construction,passed,,,0,True,1.2164614880020963,,
translation,3f7bdf199386fb0ee799ca55,triton_layer_norm,intel_npu_4000,structured_ir,7,host_execution,failed,numerical,,0,True,1.1230187910041423,,
translation,3f7bdf199386fb0ee799ca55,triton_layer_norm,intel_npu_4000,structured_ir,7,target_compile,passed,,,0,True,1.1664875040005427,,
translation,3f7bdf199386fb0ee799ca55,triton_layer_norm,intel_npu_4000,structured_ir,7,dataflow_simulation,not_requested,,,0,True,0.0,,
translation,3f7bdf199386fb0ee799ca55,triton_layer_norm,intel_npu_4000,structured_ir,8,model_code,completed,,,7434,True,63.099674330995185,gen-1789641486-0uMH6MuN6sjVd6zsiXGK,0.0046500714
translation,3f7bdf199386fb0ee799ca55,triton_layer_norm,intel_npu_4000,structured_ir,8,semantic_validation,passed,,IR matches independent oracle on 12 cases; prose metadata is not executable evidence,0,True,0.0,,
translation,3f7bdf199386fb0ee799ca55,triton_layer_norm,intel_npu_4000,structured_ir,8,target_execution,blocked,,No validated executor for the emitted target artifact is configured.,0,True,0.0,,
translation,3f7bdf199386fb0ee799ca55,triton_layer_norm,intel_npu_4000,structured_ir,8,performance,not_requested,,,0,True,0.0,,
translation,3f7bdf199386fb0ee799ca55,triton_layer_norm,intel_npu_4000,structured_ir,8,oracle_validation,passed,,,0,True,0.004363854000985157,,
translation,3f7bdf199386fb0ee799ca55,triton_layer_norm,intel_npu_4000,structured_ir,8,graph_construction,passed,,,0,True,1.0665563570000813,,
translation,3f7bdf199386fb0ee799ca55,triton_layer_norm,intel_npu_4000,structured_ir,8,host_execution,failed,numerical,,0,True,1.3233709939959226,,
translation,3f7bdf199386fb0ee799ca55,triton_layer_norm,intel_npu_4000,structured_ir,8,target_compile,passed,,,0,True,1.1719316599992453,,
translation,3f7bdf199386fb0ee799ca55,triton_layer_norm,intel_npu_4000,structured_ir,8,dataflow_simulation,not_requested,,,0,True,0.0,,
translation,3f7bdf199386fb0ee799ca55,triton_layer_norm,intel_npu_4000,structured_ir,9,model_code,completed,,,7965,True,74.19133138699544,gen-1789641553-HQlhupKl3a5pLe0lVL1L,0.0057090345
translation,3f7bdf199386fb0ee799ca55,triton_layer_norm,intel_npu_4000,structured_ir,9,semantic_validation,passed,,IR matches independent oracle on 12 cases; prose metadata is not executable evidence,0,True,0.0,,
translation,3f7bdf199386fb0ee799ca55,triton_layer_norm,intel_npu_4000,structured_ir,9,target_execution,blocked,,No validated executor for the emitted target artifact is configured.,0,True,0.0,,
translation,3f7bdf199386fb0ee799ca55,triton_layer_norm,intel_npu_4000,structured_ir,9,performance,not_requested,,,0,True,0.0,,
translation,3f7bdf199386fb0ee799ca55,triton_layer_norm,intel_npu_4000,structured_ir,9,oracle_validation,passed,,,0,True,0.004291229000955354,,
translation,3f7bdf199386fb0ee799ca55,triton_layer_norm,intel_npu_4000,structured_ir,9,graph_construction,passed,,,0,True,1.0667383549953229,,
translation,3f7bdf199386fb0ee799ca55,triton_layer_norm,intel_npu_4000,structured_ir,9,host_execution,failed,numerical,,0,True,1.1735340719969827,,
translation,3f7bdf199386fb0ee799ca55,triton_layer_norm,intel_npu_4000,structured_ir,9,target_compile,passed,,,0,True,1.066665707003267,,
translation,3f7bdf199386fb0ee799ca55,triton_layer_norm,intel_npu_4000,structured_ir,9,dataflow_simulation,not_requested,,,0,True,0.0,,
translation,3f7bdf199386fb0ee799ca55,triton_layer_norm,intel_npu_4000,structured_ir,10,model_code,completed,,,7039,True,57.70457727499888,gen-1789641630-Lu4svQlZhEKa9TC06RjH,0.0041345577
translation,3f7bdf199386fb0ee799ca55,triton_layer_norm,intel_npu_4000,structured_ir,10,semantic_validation,passed,,IR matches independent oracle on 12 cases; prose metadata is not executable evidence,0,True,0.0,,
translation,3f7bdf199386fb0ee799ca55,triton_layer_norm,intel_npu_4000,structured_ir,10,target_execution,blocked,,No validated executor for the emitted target artifact is configured.,0,True,0.0,,
translation,3f7bdf199386fb0ee799ca55,triton_layer_norm,intel_npu_4000,structured_ir,10,performance,not_requested,,,0,True,0.0,,
translation,3f7bdf199386fb0ee799ca55,triton_layer_norm,intel_npu_4000,structured_ir,10,oracle_validation,passed,,,0,True,0.00424884299718542,,
translation,3f7bdf199386fb0ee799ca55,triton_layer_norm,intel_npu_4000,structured_ir,10,graph_construction,passed,,,0,True,1.2169852160004666,,
translation,3f7bdf199386fb0ee799ca55,triton_layer_norm,intel_npu_4000,structured_ir,10,host_execution,failed,numerical,,0,True,1.1768425810005283,,
translation,3f7bdf199386fb0ee799ca55,triton_layer_norm,intel_npu_4000,structured_ir,10,target_compile,passed,,,0,True,1.1167957099969499,,
translation,3f7bdf199386fb0ee799ca55,triton_layer_norm,intel_npu_4000,structured_ir,10,dataflow_simulation,not_requested,,,0,True,0.0,,
