model,repetition,key,method,target,cycle,stage,status,finish_reason,seconds,generation_id,returned_model,upstream_provider,input_tokens,output_tokens,total_tokens,prompt_chars,response_chars,compression_ratio,tail,next_prompt_chars,raw_response_reused_in_next_context,error,report
Qwen,1,baseline:cuda_reduce_sum:amd_xdna2_npu2,baseline,amd_xdna2_npu2,1,code,completed,stop,19.692393557998003,gen-1789612537-M4VhEnsfckw7HMGUduT1,qwen/qwen3-coder-30b-a3b-instruct,SiliconFlow,1956,888,2844,6292,0,,,,False,,/home/justin/npu-playground/runs/case-study-v3-openrouter-interrupted-backup-20260917T031835Z/repeat-001/20260917T023536Z/baseline/3dba1c51fff04553927e22d8ba3161c4/report.json
Qwen,1,baseline:cuda_reduce_sum:intel_npu_4000,baseline,intel_npu_4000,1,code,completed,stop,8.498006884998176,gen-1789612888-6y2HALcqjGgEaYN6gi7n,qwen/qwen3-coder-30b-a3b-instruct,SiliconFlow,975,319,1294,3239,0,,,6795,False,,/home/justin/npu-playground/runs/case-study-v3-openrouter-interrupted-backup-20260917T031835Z/repeat-001/20260917T023536Z/baseline/74efa7753df744778407bf275cd8cace/report.json
Qwen,1,baseline:cuda_reduce_sum:intel_npu_4000,baseline,intel_npu_4000,2,code,completed,stop,6.711551637999946,gen-1789612898-e4qEo1VUao9mqVnQbaSd,qwen/qwen3-coder-30b-a3b-instruct,SiliconFlow,1927,251,2178,6795,0,,,6508,False,,/home/justin/npu-playground/runs/case-study-v3-openrouter-interrupted-backup-20260917T031835Z/repeat-001/20260917T023536Z/baseline/74efa7753df744778407bf275cd8cace/report.json
Qwen,1,baseline:cuda_reduce_sum:intel_npu_4000,baseline,intel_npu_4000,3,code,completed,stop,5.9550363260023005,gen-1789612905-QS3t7MuPWeaGU0AEgJfk,qwen/qwen3-coder-30b-a3b-instruct,SiliconFlow,1855,226,2081,6508,0,,,,False,,/home/justin/npu-playground/runs/case-study-v3-openrouter-interrupted-backup-20260917T031835Z/repeat-001/20260917T023536Z/baseline/74efa7753df744778407bf275cd8cace/report.json
Qwen,1,baseline:cuda_tiled_matmul:amd_xdna2_npu2,baseline,amd_xdna2_npu2,1,code,completed,stop,45.44834040600108,gen-1789613193-nGrCVt6MSNmvgCh8xTYz,qwen/qwen3-coder-30b-a3b-instruct,SiliconFlow,2060,1598,3658,6559,0,,,12741,False,,/home/justin/npu-playground/runs/case-study-v3-openrouter-interrupted-backup-20260917T031835Z/repeat-001/20260917T023536Z/baseline/6399fad4570b4766a2f2a86ad07c8353/report.json
Qwen,1,baseline:cuda_tiled_matmul:amd_xdna2_npu2,baseline,amd_xdna2_npu2,2,code,completed,stop,68.55867694299741,gen-1789613239-dSDMi5BgjPPrkzW1MhSU,qwen/qwen3-coder-30b-a3b-instruct,SiliconFlow,4276,1596,5872,12741,0,,,12743,False,,/home/justin/npu-playground/runs/case-study-v3-openrouter-interrupted-backup-20260917T031835Z/repeat-001/20260917T023536Z/baseline/6399fad4570b4766a2f2a86ad07c8353/report.json
Qwen,1,baseline:cuda_tiled_matmul:amd_xdna2_npu2,baseline,amd_xdna2_npu2,3,code,completed,stop,40.26598910300163,gen-1789613308-7SJoAsiFkpYycI9qRwG6,qwen/qwen3-coder-30b-a3b-instruct,SiliconFlow,4278,1596,5874,12743,0,,,12743,False,,/home/justin/npu-playground/runs/case-study-v3-openrouter-interrupted-backup-20260917T031835Z/repeat-001/20260917T023536Z/baseline/6399fad4570b4766a2f2a86ad07c8353/report.json
Qwen,1,baseline:cuda_tiled_matmul:amd_xdna2_npu2,baseline,amd_xdna2_npu2,4,code,completed,stop,37.647850737001136,gen-1789613349-NKrsJBLYoWAO4FjD3egz,qwen/qwen3-coder-30b-a3b-instruct,SiliconFlow,4278,1596,5874,12743,0,,,12743,False,,/home/justin/npu-playground/runs/case-study-v3-openrouter-interrupted-backup-20260917T031835Z/repeat-001/20260917T023536Z/baseline/6399fad4570b4766a2f2a86ad07c8353/report.json
Qwen,1,baseline:cuda_tiled_matmul:amd_xdna2_npu2,baseline,amd_xdna2_npu2,5,code,completed,stop,61.93419248899954,gen-1789613388-IqjJKjlZ7zhA8u76bA8P,qwen/qwen3-coder-30b-a3b-instruct,SiliconFlow,4278,1594,5872,12743,0,,,12741,False,,/home/justin/npu-playground/runs/case-study-v3-openrouter-interrupted-backup-20260917T031835Z/repeat-001/20260917T023536Z/baseline/6399fad4570b4766a2f2a86ad07c8353/report.json
Qwen,1,baseline:cuda_tiled_matmul:amd_xdna2_npu2,baseline,amd_xdna2_npu2,6,code,completed,stop,77.22612515999936,gen-1789613451-mZL11fJtQVghppXqDXZV,qwen/qwen3-coder-30b-a3b-instruct,SiliconFlow,4276,1834,6110,12741,0,,,13036,False,,/home/justin/npu-playground/runs/case-study-v3-openrouter-interrupted-backup-20260917T031835Z/repeat-001/20260917T023536Z/baseline/6399fad4570b4766a2f2a86ad07c8353/report.json
Qwen,1,baseline:cuda_tiled_matmul:amd_xdna2_npu2,baseline,amd_xdna2_npu2,7,code,completed,stop,37.759724913001264,gen-1789613537-TuoL1S9MTaaUMtLxENOf,qwen/qwen3-coder-30b-a3b-instruct,SiliconFlow,4371,1594,5965,13036,0,,,12741,False,,/home/justin/npu-playground/runs/case-study-v3-openrouter-interrupted-backup-20260917T031835Z/repeat-001/20260917T023536Z/baseline/6399fad4570b4766a2f2a86ad07c8353/report.json
Qwen,1,baseline:cuda_tiled_matmul:amd_xdna2_npu2,baseline,amd_xdna2_npu2,8,code,completed,stop,35.56875703299738,gen-1789613576-t7djh3pAvLySKvuJRXXa,qwen/qwen3-coder-30b-a3b-instruct,SiliconFlow,4276,1594,5870,12741,0,,,12741,False,,/home/justin/npu-playground/runs/case-study-v3-openrouter-interrupted-backup-20260917T031835Z/repeat-001/20260917T023536Z/baseline/6399fad4570b4766a2f2a86ad07c8353/report.json
Qwen,1,baseline:cuda_tiled_matmul:amd_xdna2_npu2,baseline,amd_xdna2_npu2,9,code,completed,stop,68.36412056799963,gen-1789613613-gB2ibvPELLs6ssq9cdrN,qwen/qwen3-coder-30b-a3b-instruct,SiliconFlow,4276,1594,5870,12741,0,,,12741,False,,/home/justin/npu-playground/runs/case-study-v3-openrouter-interrupted-backup-20260917T031835Z/repeat-001/20260917T023536Z/baseline/6399fad4570b4766a2f2a86ad07c8353/report.json
Qwen,1,baseline:cuda_tiled_matmul:amd_xdna2_npu2,baseline,amd_xdna2_npu2,10,code,completed,stop,47.41513489399949,gen-1789613682-tJpuzv4QhZd3N9mcKmVL,qwen/qwen3-coder-30b-a3b-instruct,SiliconFlow,4276,1594,5870,12741,0,,,,False,,/home/justin/npu-playground/runs/case-study-v3-openrouter-interrupted-backup-20260917T031835Z/repeat-001/20260917T023536Z/baseline/6399fad4570b4766a2f2a86ad07c8353/report.json
Qwen,1,baseline:cuda_tiled_matmul:intel_npu_4000,baseline,intel_npu_4000,1,code,completed,stop,11.68847676599762,gen-1789612863-mLq4UNU8l7nEGrBMGAWB,qwen/qwen3-coder-30b-a3b-instruct,SiliconFlow,1079,318,1397,3506,0,,,,False,,/home/justin/npu-playground/runs/case-study-v3-openrouter-interrupted-backup-20260917T031835Z/repeat-001/20260917T023536Z/baseline/8ca4faad023c4384a1257b41c0fb3c23/report.json
Qwen,1,baseline:cuda_tiled_transpose:amd_xdna2_npu2,baseline,amd_xdna2_npu2,1,code,completed,stop,26.8507643189987,gen-1789612879-OhSRDhCDl4UzZHjO1amW,qwen/qwen3-coder-30b-a3b-instruct,SiliconFlow,1914,1171,3085,6090,0,,,11010,False,,/home/justin/npu-playground/runs/case-study-v3-openrouter-interrupted-backup-20260917T031835Z/repeat-001/20260917T023536Z/baseline/92b699081a67466eb9be141122f891b5/report.json
Qwen,1,baseline:cuda_tiled_transpose:amd_xdna2_npu2,baseline,amd_xdna2_npu2,2,code,completed,stop,31.650744004000444,gen-1789612907-Y4XqS5ezyuLpQJthm1mL,qwen/qwen3-coder-30b-a3b-instruct,SiliconFlow,3647,1199,4846,11010,0,,,15471,False,,/home/justin/npu-playground/runs/case-study-v3-openrouter-interrupted-backup-20260917T031835Z/repeat-001/20260917T023536Z/baseline/92b699081a67466eb9be141122f891b5/report.json
Qwen,1,baseline:cuda_tiled_transpose:amd_xdna2_npu2,baseline,amd_xdna2_npu2,3,code,completed,stop,38.57046245699894,gen-1789612945-jQv2NKBKB68SLP4BHO6h,qwen/qwen3-coder-30b-a3b-instruct,SiliconFlow,5229,1199,6428,15471,0,,,15471,False,,/home/justin/npu-playground/runs/case-study-v3-openrouter-interrupted-backup-20260917T031835Z/repeat-001/20260917T023536Z/baseline/92b699081a67466eb9be141122f891b5/report.json
Qwen,1,baseline:cuda_tiled_transpose:amd_xdna2_npu2,baseline,amd_xdna2_npu2,4,code,completed,stop,44.94394543999806,gen-1789612990-Q7N3HwHgrnIYPmWBrhp5,qwen/qwen3-coder-30b-a3b-instruct,SiliconFlow,5229,1199,6428,15471,0,,,15471,False,,/home/justin/npu-playground/runs/case-study-v3-openrouter-interrupted-backup-20260917T031835Z/repeat-001/20260917T023536Z/baseline/92b699081a67466eb9be141122f891b5/report.json
Qwen,1,baseline:cuda_tiled_transpose:amd_xdna2_npu2,baseline,amd_xdna2_npu2,5,code,completed,stop,30.77139766899927,gen-1789613041-ZeTysqfHBzGx8j1zUXso,qwen/qwen3-coder-30b-a3b-instruct,SiliconFlow,5229,1199,6428,15471,0,,,15471,False,,/home/justin/npu-playground/runs/case-study-v3-openrouter-interrupted-backup-20260917T031835Z/repeat-001/20260917T023536Z/baseline/92b699081a67466eb9be141122f891b5/report.json
Qwen,1,baseline:cuda_tiled_transpose:amd_xdna2_npu2,baseline,amd_xdna2_npu2,6,code,completed,stop,34.081772052002634,gen-1789613078-yT18zdoGzHeV5vxLyyrd,qwen/qwen3-coder-30b-a3b-instruct,SiliconFlow,5229,1199,6428,15471,0,,,15471,False,,/home/justin/npu-playground/runs/case-study-v3-openrouter-interrupted-backup-20260917T031835Z/repeat-001/20260917T023536Z/baseline/92b699081a67466eb9be141122f891b5/report.json
Qwen,1,baseline:cuda_tiled_transpose:amd_xdna2_npu2,baseline,amd_xdna2_npu2,7,code,completed,stop,30.483777478002594,gen-1789613120-Luod3GOyAqmP5kstC1RQ,qwen/qwen3-coder-30b-a3b-instruct,SiliconFlow,5229,1199,6428,15471,0,,,15471,False,,/home/justin/npu-playground/runs/case-study-v3-openrouter-interrupted-backup-20260917T031835Z/repeat-001/20260917T023536Z/baseline/92b699081a67466eb9be141122f891b5/report.json
Qwen,1,baseline:cuda_tiled_transpose:amd_xdna2_npu2,baseline,amd_xdna2_npu2,8,code,completed,stop,55.51394739600073,gen-1789613157-aBL2IJ7hlFEGL5PxGcgO,qwen/qwen3-coder-30b-a3b-instruct,SiliconFlow,5229,1199,6428,15471,0,,,15471,False,,/home/justin/npu-playground/runs/case-study-v3-openrouter-interrupted-backup-20260917T031835Z/repeat-001/20260917T023536Z/baseline/92b699081a67466eb9be141122f891b5/report.json
Qwen,1,baseline:cuda_tiled_transpose:amd_xdna2_npu2,baseline,amd_xdna2_npu2,9,code,completed,stop,35.81263758099885,gen-1789613219-YYvLrbldV31MMj33jji6,qwen/qwen3-coder-30b-a3b-instruct,SiliconFlow,5229,1199,6428,15471,0,,,15471,False,,/home/justin/npu-playground/runs/case-study-v3-openrouter-interrupted-backup-20260917T031835Z/repeat-001/20260917T023536Z/baseline/92b699081a67466eb9be141122f891b5/report.json
Qwen,1,baseline:cuda_tiled_transpose:amd_xdna2_npu2,baseline,amd_xdna2_npu2,10,code,completed,stop,29.807193554999685,gen-1789613261-2sZmilGfzLYmKUFTisY9,qwen/qwen3-coder-30b-a3b-instruct,SiliconFlow,5229,1199,6428,15471,0,,,,False,,/home/justin/npu-playground/runs/case-study-v3-openrouter-interrupted-backup-20260917T031835Z/repeat-001/20260917T023536Z/baseline/92b699081a67466eb9be141122f891b5/report.json
Qwen,1,baseline:cuda_tiled_transpose:intel_npu_4000,baseline,intel_npu_4000,1,code,completed,stop,6.752034414999798,gen-1789613746-Nb0MNGRQF9mt7KeJKjDo,qwen/qwen3-coder-30b-a3b-instruct,SiliconFlow,933,230,1163,3037,0,,,,False,,/home/justin/npu-playground/runs/case-study-v3-openrouter-interrupted-backup-20260917T031835Z/repeat-001/20260917T023536Z/baseline/239f8e4889ab4cbba3bc22c946c3e54a/report.json
Qwen,1,baseline:cuda_vector_add:amd_xdna2_npu2,baseline,amd_xdna2_npu2,1,code,completed,stop,25.936030296001263,gen-1789612559-U7cUUBvXFnCRNBfdasPH,qwen/qwen3-coder-30b-a3b-instruct,SiliconFlow,1893,1176,3069,6032,0,,,10835,False,,/home/justin/npu-playground/runs/case-study-v3-openrouter-interrupted-backup-20260917T031835Z/repeat-001/20260917T023536Z/baseline/7e41721485424b6d87854dc3250a623a/report.json
Qwen,1,baseline:cuda_vector_add:amd_xdna2_npu2,baseline,amd_xdna2_npu2,2,code,completed,stop,28.534157890000643,gen-1789612592-58FvF1U8pYpgbLc40NxV,qwen/qwen3-coder-30b-a3b-instruct,SiliconFlow,3547,1246,4793,10835,0,,,12543,False,,/home/justin/npu-playground/runs/case-study-v3-openrouter-interrupted-backup-20260917T031835Z/repeat-001/20260917T023536Z/baseline/7e41721485424b6d87854dc3250a623a/report.json
Qwen,1,baseline:cuda_vector_add:amd_xdna2_npu2,baseline,amd_xdna2_npu2,3,code,completed,stop,30.354080488999898,gen-1789612625-IqaOoNbX94ULe5zrICLk,qwen/qwen3-coder-30b-a3b-instruct,SiliconFlow,4099,1246,5345,12543,0,,,12543,False,,/home/justin/npu-playground/runs/case-study-v3-openrouter-interrupted-backup-20260917T031835Z/repeat-001/20260917T023536Z/baseline/7e41721485424b6d87854dc3250a623a/report.json
Qwen,1,baseline:cuda_vector_add:amd_xdna2_npu2,baseline,amd_xdna2_npu2,4,code,completed,stop,40.32835605899891,gen-1789612657-HOb0LDrcIwrEQC3kJ84V,qwen/qwen3-coder-30b-a3b-instruct,SiliconFlow,4099,1246,5345,12543,0,,,12543,False,,/home/justin/npu-playground/runs/case-study-v3-openrouter-interrupted-backup-20260917T031835Z/repeat-001/20260917T023536Z/baseline/7e41721485424b6d87854dc3250a623a/report.json
Qwen,1,baseline:cuda_vector_add:amd_xdna2_npu2,baseline,amd_xdna2_npu2,5,code,completed,stop,33.63736041499942,gen-1789612700-A2jUvMXkE626BfTVacsf,qwen/qwen3-coder-30b-a3b-instruct,SiliconFlow,4099,1246,5345,12543,0,,,12543,False,,/home/justin/npu-playground/runs/case-study-v3-openrouter-interrupted-backup-20260917T031835Z/repeat-001/20260917T023536Z/baseline/7e41721485424b6d87854dc3250a623a/report.json
Qwen,1,baseline:cuda_vector_add:amd_xdna2_npu2,baseline,amd_xdna2_npu2,6,code,completed,stop,40.810887454001204,gen-1789612737-Uld7hcJsxr2ZpMMGBL0P,qwen/qwen3-coder-30b-a3b-instruct,SiliconFlow,4099,1246,5345,12543,0,,,12543,False,,/home/justin/npu-playground/runs/case-study-v3-openrouter-interrupted-backup-20260917T031835Z/repeat-001/20260917T023536Z/baseline/7e41721485424b6d87854dc3250a623a/report.json
Qwen,1,baseline:cuda_vector_add:amd_xdna2_npu2,baseline,amd_xdna2_npu2,7,code,completed,stop,41.09352870699877,gen-1789612781-2posYK3KOgAeAv73UzBU,qwen/qwen3-coder-30b-a3b-instruct,SiliconFlow,4099,1246,5345,12543,0,,,12543,False,,/home/justin/npu-playground/runs/case-study-v3-openrouter-interrupted-backup-20260917T031835Z/repeat-001/20260917T023536Z/baseline/7e41721485424b6d87854dc3250a623a/report.json
Qwen,1,baseline:cuda_vector_add:amd_xdna2_npu2,baseline,amd_xdna2_npu2,8,code,completed,stop,34.363071325999044,gen-1789612824-fcrOx6dI8mguOZrHNuha,qwen/qwen3-coder-30b-a3b-instruct,SiliconFlow,4099,1246,5345,12543,0,,,12543,False,,/home/justin/npu-playground/runs/case-study-v3-openrouter-interrupted-backup-20260917T031835Z/repeat-001/20260917T023536Z/baseline/7e41721485424b6d87854dc3250a623a/report.json
Qwen,1,baseline:cuda_vector_add:amd_xdna2_npu2,baseline,amd_xdna2_npu2,9,code,completed,stop,32.628889394996804,gen-1789612862-4j9WW9AoYtqru98tiOdn,qwen/qwen3-coder-30b-a3b-instruct,SiliconFlow,4099,1246,5345,12543,0,,,12543,False,,/home/justin/npu-playground/runs/case-study-v3-openrouter-interrupted-backup-20260917T031835Z/repeat-001/20260917T023536Z/baseline/7e41721485424b6d87854dc3250a623a/report.json
Qwen,1,baseline:cuda_vector_add:amd_xdna2_npu2,baseline,amd_xdna2_npu2,10,code,completed,stop,39.406652785000915,gen-1789612898-PzRW691tewRVjjtuTHVW,qwen/qwen3-coder-30b-a3b-instruct,SiliconFlow,4099,1246,5345,12543,0,,,,False,,/home/justin/npu-playground/runs/case-study-v3-openrouter-interrupted-backup-20260917T031835Z/repeat-001/20260917T023536Z/baseline/7e41721485424b6d87854dc3250a623a/report.json
Qwen,1,baseline:cuda_vector_add:intel_npu_4000,baseline,intel_npu_4000,1,code,completed,stop,6.452855699997599,gen-1789612537-T3hDKJZAU3viirzjg6vR,qwen/qwen3-coder-30b-a3b-instruct,SiliconFlow,912,211,1123,2979,0,,,,False,,/home/justin/npu-playground/runs/case-study-v3-openrouter-interrupted-backup-20260917T031835Z/repeat-001/20260917T023536Z/baseline/87ecb74185d54cf8a9883c2aabb34983/report.json
Qwen,1,baseline:hip_gamma_correction:amd_xdna2_npu2,baseline,amd_xdna2_npu2,1,code,completed,stop,30.568150677998347,gen-1789613223-Talp5d6UDB0Vmx2XvSNi,qwen/qwen3-coder-30b-a3b-instruct,SiliconFlow,1903,985,2888,6122,0,,,11722,False,,/home/justin/npu-playground/runs/case-study-v3-openrouter-interrupted-backup-20260917T031835Z/repeat-001/20260917T023536Z/baseline/6107c2c0314f4846bbb0b75c8b776c97/report.json
Qwen,1,baseline:hip_gamma_correction:amd_xdna2_npu2,baseline,amd_xdna2_npu2,2,code,completed,stop,24.21541572800197,gen-1789613255-nHecqCUSPwvJpkyN8yV2,qwen/qwen3-coder-30b-a3b-instruct,SiliconFlow,3486,1007,4493,11722,0,,,12061,False,,/home/justin/npu-playground/runs/case-study-v3-openrouter-interrupted-backup-20260917T031835Z/repeat-001/20260917T023536Z/baseline/6107c2c0314f4846bbb0b75c8b776c97/report.json
Qwen,1,baseline:hip_gamma_correction:amd_xdna2_npu2,baseline,amd_xdna2_npu2,3,code,completed,stop,23.25439345199993,gen-1789613280-1bGXX1gst20lrCK3jRym,qwen/qwen3-coder-30b-a3b-instruct,SiliconFlow,3492,943,4435,12061,0,,,10290,False,,/home/justin/npu-playground/runs/case-study-v3-openrouter-interrupted-backup-20260917T031835Z/repeat-001/20260917T023536Z/baseline/6107c2c0314f4846bbb0b75c8b776c97/report.json
Qwen,1,baseline:hip_gamma_correction:amd_xdna2_npu2,baseline,amd_xdna2_npu2,4,code,completed,stop,21.941041539001162,gen-1789613311-HvkjwJWuKydHtt2UjjkR,qwen/qwen3-coder-30b-a3b-instruct,SiliconFlow,3324,943,4267,10290,0,,,10290,False,,/home/justin/npu-playground/runs/case-study-v3-openrouter-interrupted-backup-20260917T031835Z/repeat-001/20260917T023536Z/baseline/6107c2c0314f4846bbb0b75c8b776c97/report.json
Qwen,1,baseline:hip_gamma_correction:amd_xdna2_npu2,baseline,amd_xdna2_npu2,5,code,completed,stop,43.59720271900005,gen-1789613341-bTHN8lNZyoP8HsS1xyO1,qwen/qwen3-coder-30b-a3b-instruct,SiliconFlow,3324,943,4267,10290,0,,,10290,False,,/home/justin/npu-playground/runs/case-study-v3-openrouter-interrupted-backup-20260917T031835Z/repeat-001/20260917T023536Z/baseline/6107c2c0314f4846bbb0b75c8b776c97/report.json
Qwen,1,baseline:hip_gamma_correction:amd_xdna2_npu2,baseline,amd_xdna2_npu2,6,code,completed,stop,21.906346577001386,gen-1789613392-Z6zlK27o8OyXUHvG3bmj,qwen/qwen3-coder-30b-a3b-instruct,SiliconFlow,3324,943,4267,10290,0,,,10290,False,,/home/justin/npu-playground/runs/case-study-v3-openrouter-interrupted-backup-20260917T031835Z/repeat-001/20260917T023536Z/baseline/6107c2c0314f4846bbb0b75c8b776c97/report.json
Qwen,1,baseline:hip_gamma_correction:amd_xdna2_npu2,baseline,amd_xdna2_npu2,7,code,completed,stop,23.493343357000413,gen-1789613420-qe0R53f2kEyIFVwtSw7Q,qwen/qwen3-coder-30b-a3b-instruct,SiliconFlow,3324,943,4267,10290,0,,,10290,False,,/home/justin/npu-playground/runs/case-study-v3-openrouter-interrupted-backup-20260917T031835Z/repeat-001/20260917T023536Z/baseline/6107c2c0314f4846bbb0b75c8b776c97/report.json
Qwen,1,baseline:hip_gamma_correction:amd_xdna2_npu2,baseline,amd_xdna2_npu2,8,code,completed,stop,22.579379006001545,gen-1789613451-cmKdq48RZ62mTetd4657,qwen/qwen3-coder-30b-a3b-instruct,SiliconFlow,3324,943,4267,10290,0,,,10290,False,,/home/justin/npu-playground/runs/case-study-v3-openrouter-interrupted-backup-20260917T031835Z/repeat-001/20260917T023536Z/baseline/6107c2c0314f4846bbb0b75c8b776c97/report.json
Qwen,1,baseline:hip_gamma_correction:amd_xdna2_npu2,baseline,amd_xdna2_npu2,9,code,completed,stop,36.78827921099946,gen-1789613481-obbjP5HheANE6dBhTZ2g,qwen/qwen3-coder-30b-a3b-instruct,SiliconFlow,3324,898,4222,10290,0,,,10578,False,,/home/justin/npu-playground/runs/case-study-v3-openrouter-interrupted-backup-20260917T031835Z/repeat-001/20260917T023536Z/baseline/6107c2c0314f4846bbb0b75c8b776c97/report.json
Qwen,1,baseline:hip_gamma_correction:amd_xdna2_npu2,baseline,amd_xdna2_npu2,10,code,completed,stop,30.436393015999784,gen-1789613518-HNAZrFZT0Xq8AjHyMv3U,qwen/qwen3-coder-30b-a3b-instruct,SiliconFlow,3421,1091,4512,10578,0,,,,False,,/home/justin/npu-playground/runs/case-study-v3-openrouter-interrupted-backup-20260917T031835Z/repeat-001/20260917T023536Z/baseline/6107c2c0314f4846bbb0b75c8b776c97/report.json
Qwen,1,baseline:hip_gamma_correction:intel_npu_4000,baseline,intel_npu_4000,1,code,completed,stop,8.194031229999382,gen-1789612537-n2LUk2F1FLOc6iXyKa1X,qwen/qwen3-coder-30b-a3b-instruct,SiliconFlow,922,308,1230,3069,0,,,,False,,/home/justin/npu-playground/runs/case-study-v3-openrouter-interrupted-backup-20260917T031835Z/repeat-001/20260917T023536Z/baseline/6f2ef401502c40fbb385848afd0bdb2e/report.json
Qwen,1,baseline:hip_image_convolution:amd_xdna2_npu2,baseline,amd_xdna2_npu2,1,code,completed,stop,29.78397153900005,gen-1789612537-2XNV9azTdvXnydmSiXGS,qwen/qwen3-coder-30b-a3b-instruct,SiliconFlow,2047,1362,3409,6441,0,,,11603,False,,/home/justin/npu-playground/runs/case-study-v3-openrouter-interrupted-backup-20260917T031835Z/repeat-001/20260917T023536Z/baseline/66cbad00bdfa4e69845f5437975d023b/report.json
Qwen,1,baseline:hip_image_convolution:amd_xdna2_npu2,baseline,amd_xdna2_npu2,2,code,completed,stop,50.07685158500317,gen-1789612575-uNR094BShIzCztmsPcZV,qwen/qwen3-coder-30b-a3b-instruct,SiliconFlow,3883,1358,5241,11603,0,,,11603,False,,/home/justin/npu-playground/runs/case-study-v3-openrouter-interrupted-backup-20260917T031835Z/repeat-001/20260917T023536Z/baseline/66cbad00bdfa4e69845f5437975d023b/report.json
Qwen,1,baseline:hip_image_convolution:amd_xdna2_npu2,baseline,amd_xdna2_npu2,3,code,completed,stop,37.17636171699996,gen-1789612631-bepOWVSgq8Dnwcb5K361,qwen/qwen3-coder-30b-a3b-instruct,SiliconFlow,3883,1358,5241,11603,0,,,11603,False,,/home/justin/npu-playground/runs/case-study-v3-openrouter-interrupted-backup-20260917T031835Z/repeat-001/20260917T023536Z/baseline/66cbad00bdfa4e69845f5437975d023b/report.json
Qwen,1,baseline:hip_image_convolution:amd_xdna2_npu2,baseline,amd_xdna2_npu2,4,code,completed,stop,32.35688640200169,gen-1789612675-Efgy3aAjLzYMAb94d1yC,qwen/qwen3-coder-30b-a3b-instruct,SiliconFlow,3883,1358,5241,11603,0,,,11603,False,,/home/justin/npu-playground/runs/case-study-v3-openrouter-interrupted-backup-20260917T031835Z/repeat-001/20260917T023536Z/baseline/66cbad00bdfa4e69845f5437975d023b/report.json
Qwen,1,baseline:hip_image_convolution:amd_xdna2_npu2,baseline,amd_xdna2_npu2,5,code,completed,stop,37.04380976600078,gen-1789612714-u0fe1KO9CpuvNg3vFPhj,qwen/qwen3-coder-30b-a3b-instruct,SiliconFlow,3883,1358,5241,11603,0,,,11603,False,,/home/justin/npu-playground/runs/case-study-v3-openrouter-interrupted-backup-20260917T031835Z/repeat-001/20260917T023536Z/baseline/66cbad00bdfa4e69845f5437975d023b/report.json
Qwen,1,baseline:hip_image_convolution:amd_xdna2_npu2,baseline,amd_xdna2_npu2,6,code,completed,stop,35.46676865000336,gen-1789612758-zeLO7dDVnAJlS0qnbI14,qwen/qwen3-coder-30b-a3b-instruct,SiliconFlow,3883,1358,5241,11603,0,,,11603,False,,/home/justin/npu-playground/runs/case-study-v3-openrouter-interrupted-backup-20260917T031835Z/repeat-001/20260917T023536Z/baseline/66cbad00bdfa4e69845f5437975d023b/report.json
Qwen,1,baseline:hip_image_convolution:amd_xdna2_npu2,baseline,amd_xdna2_npu2,7,code,completed,stop,30.137728412999422,gen-1789612802-RUTz3AfbHbj7rO9dmVvC,qwen/qwen3-coder-30b-a3b-instruct,SiliconFlow,3883,1358,5241,11603,0,,,11603,False,,/home/justin/npu-playground/runs/case-study-v3-openrouter-interrupted-backup-20260917T031835Z/repeat-001/20260917T023536Z/baseline/66cbad00bdfa4e69845f5437975d023b/report.json
Qwen,1,baseline:hip_image_convolution:amd_xdna2_npu2,baseline,amd_xdna2_npu2,8,code,completed,stop,36.09656114400059,gen-1789612838-92AmcIqcXXEcRlWDpVZf,qwen/qwen3-coder-30b-a3b-instruct,SiliconFlow,3883,1358,5241,11603,0,,,11603,False,,/home/justin/npu-playground/runs/case-study-v3-openrouter-interrupted-backup-20260917T031835Z/repeat-001/20260917T023536Z/baseline/66cbad00bdfa4e69845f5437975d023b/report.json
Qwen,1,baseline:hip_image_convolution:amd_xdna2_npu2,baseline,amd_xdna2_npu2,9,code,completed,stop,31.729570576000697,gen-1789612882-T3v0KWuFAMik0DOv7vNG,qwen/qwen3-coder-30b-a3b-instruct,SiliconFlow,3883,1358,5241,11603,0,,,11603,False,,/home/justin/npu-playground/runs/case-study-v3-openrouter-interrupted-backup-20260917T031835Z/repeat-001/20260917T023536Z/baseline/66cbad00bdfa4e69845f5437975d023b/report.json
Qwen,1,baseline:hip_image_convolution:amd_xdna2_npu2,baseline,amd_xdna2_npu2,10,code,completed,stop,32.603237366998655,gen-1789612921-XodWOOlMZVyKmHcJUh4x,qwen/qwen3-coder-30b-a3b-instruct,SiliconFlow,3883,1358,5241,11603,0,,,,False,,/home/justin/npu-playground/runs/case-study-v3-openrouter-interrupted-backup-20260917T031835Z/repeat-001/20260917T023536Z/baseline/66cbad00bdfa4e69845f5437975d023b/report.json
Qwen,1,baseline:hip_image_convolution:intel_npu_4000,baseline,intel_npu_4000,1,code,completed,stop,9.60208622799837,gen-1789613120-4x6FHWErFSnKryAiokRy,qwen/qwen3-coder-30b-a3b-instruct,SiliconFlow,1066,307,1373,3388,0,,,6374,False,,/home/justin/npu-playground/runs/case-study-v3-openrouter-interrupted-backup-20260917T031835Z/repeat-001/20260917T023536Z/baseline/aa352c66a739429c9752f8037d6fe200/report.json
Qwen,1,baseline:hip_image_convolution:intel_npu_4000,baseline,intel_npu_4000,2,code,completed,stop,10.892894620999868,gen-1789613131-ffGA0JA1DIsDNs4WIeY6,qwen/qwen3-coder-30b-a3b-instruct,SiliconFlow,1900,309,2209,6374,0,,,13218,False,,/home/justin/npu-playground/runs/case-study-v3-openrouter-interrupted-backup-20260917T031835Z/repeat-001/20260917T023536Z/baseline/aa352c66a739429c9752f8037d6fe200/report.json
Qwen,1,baseline:hip_image_convolution:intel_npu_4000,baseline,intel_npu_4000,3,code,completed,stop,9.271069884998724,gen-1789613143-lmSAqYFuSKHSerQTlSnI,qwen/qwen3-coder-30b-a3b-instruct,SiliconFlow,3912,309,4221,13218,0,,,13221,False,,/home/justin/npu-playground/runs/case-study-v3-openrouter-interrupted-backup-20260917T031835Z/repeat-001/20260917T023536Z/baseline/aa352c66a739429c9752f8037d6fe200/report.json
Qwen,1,baseline:hip_image_convolution:intel_npu_4000,baseline,intel_npu_4000,4,code,completed,stop,36.39333341299789,gen-1789613153-zhfkaW5WKRyhMugwW8QY,qwen/qwen3-coder-30b-a3b-instruct,SiliconFlow,3914,323,4237,13221,0,,,,False,,/home/justin/npu-playground/runs/case-study-v3-openrouter-interrupted-backup-20260917T031835Z/repeat-001/20260917T023536Z/baseline/aa352c66a739429c9752f8037d6fe200/report.json
Qwen,1,baseline:hip_moving_average:amd_xdna2_npu2,baseline,amd_xdna2_npu2,1,code,completed,stop,30.954471573000774,gen-1789612897-47KtMQ7Y2xKOu5ql80dW,qwen/qwen3-coder-30b-a3b-instruct,SiliconFlow,1910,1257,3167,6125,0,,,12535,False,,/home/justin/npu-playground/runs/case-study-v3-openrouter-interrupted-backup-20260917T031835Z/repeat-001/20260917T023536Z/baseline/99d1ae3d51ef4643bf7fe57ea4ec805e/report.json
Qwen,1,baseline:hip_moving_average:amd_xdna2_npu2,baseline,amd_xdna2_npu2,2,code,completed,stop,36.8793647220009,gen-1789612929-KKN4YlINFfDAnhrHMy9k,qwen/qwen3-coder-30b-a3b-instruct,SiliconFlow,3797,1255,5052,12535,0,,,12535,False,,/home/justin/npu-playground/runs/case-study-v3-openrouter-interrupted-backup-20260917T031835Z/repeat-001/20260917T023536Z/baseline/99d1ae3d51ef4643bf7fe57ea4ec805e/report.json
Qwen,1,baseline:hip_moving_average:amd_xdna2_npu2,baseline,amd_xdna2_npu2,3,code,completed,stop,30.581586066000455,gen-1789612967-9Q1KlwYKbnuwu2GdqMfh,qwen/qwen3-coder-30b-a3b-instruct,SiliconFlow,3797,1255,5052,12535,0,,,12535,False,,/home/justin/npu-playground/runs/case-study-v3-openrouter-interrupted-backup-20260917T031835Z/repeat-001/20260917T023536Z/baseline/99d1ae3d51ef4643bf7fe57ea4ec805e/report.json
Qwen,1,baseline:hip_moving_average:amd_xdna2_npu2,baseline,amd_xdna2_npu2,4,code,completed,stop,27.847726506999606,gen-1789612999-ssCt4qgWYMGvgby6XxIk,qwen/qwen3-coder-30b-a3b-instruct,SiliconFlow,3797,1255,5052,12535,0,,,12535,False,,/home/justin/npu-playground/runs/case-study-v3-openrouter-interrupted-backup-20260917T031835Z/repeat-001/20260917T023536Z/baseline/99d1ae3d51ef4643bf7fe57ea4ec805e/report.json
Qwen,1,baseline:hip_moving_average:amd_xdna2_npu2,baseline,amd_xdna2_npu2,5,code,completed,stop,34.57896085000175,gen-1789613028-U88YkWJKvXdY8ymxOwbX,qwen/qwen3-coder-30b-a3b-instruct,SiliconFlow,3797,1255,5052,12535,0,,,12535,False,,/home/justin/npu-playground/runs/case-study-v3-openrouter-interrupted-backup-20260917T031835Z/repeat-001/20260917T023536Z/baseline/99d1ae3d51ef4643bf7fe57ea4ec805e/report.json
Qwen,1,baseline:hip_moving_average:amd_xdna2_npu2,baseline,amd_xdna2_npu2,6,code,completed,stop,52.33856841000306,gen-1789613064-0df2mUgoHB0Lu3ltOBvf,qwen/qwen3-coder-30b-a3b-instruct,SiliconFlow,3797,1255,5052,12535,0,,,12535,False,,/home/justin/npu-playground/runs/case-study-v3-openrouter-interrupted-backup-20260917T031835Z/repeat-001/20260917T023536Z/baseline/99d1ae3d51ef4643bf7fe57ea4ec805e/report.json
Qwen,1,baseline:hip_moving_average:amd_xdna2_npu2,baseline,amd_xdna2_npu2,7,code,completed,stop,43.31066148299942,gen-1789613117-HjkHAVMG18q5EZFadj1p,qwen/qwen3-coder-30b-a3b-instruct,SiliconFlow,3797,1255,5052,12535,0,,,12535,False,,/home/justin/npu-playground/runs/case-study-v3-openrouter-interrupted-backup-20260917T031835Z/repeat-001/20260917T023536Z/baseline/99d1ae3d51ef4643bf7fe57ea4ec805e/report.json
Qwen,1,baseline:hip_moving_average:amd_xdna2_npu2,baseline,amd_xdna2_npu2,8,code,completed,stop,46.12536243499926,gen-1789613161-VL8Ew8EOM9Qs8MsMSKC3,qwen/qwen3-coder-30b-a3b-instruct,SiliconFlow,3797,1255,5052,12535,0,,,12535,False,,/home/justin/npu-playground/runs/case-study-v3-openrouter-interrupted-backup-20260917T031835Z/repeat-001/20260917T023536Z/baseline/99d1ae3d51ef4643bf7fe57ea4ec805e/report.json
Qwen,1,baseline:hip_moving_average:amd_xdna2_npu2,baseline,amd_xdna2_npu2,9,code,completed,stop,33.080446677999134,gen-1789613208-AgYBrmPMME0AIeLzxdZt,qwen/qwen3-coder-30b-a3b-instruct,SiliconFlow,3797,1255,5052,12535,0,,,12535,False,,/home/justin/npu-playground/runs/case-study-v3-openrouter-interrupted-backup-20260917T031835Z/repeat-001/20260917T023536Z/baseline/99d1ae3d51ef4643bf7fe57ea4ec805e/report.json
Qwen,1,baseline:hip_moving_average:amd_xdna2_npu2,baseline,amd_xdna2_npu2,10,code,completed,stop,31.14153841100051,gen-1789613242-VGIbj6a1fWcrUgxQS4kq,qwen/qwen3-coder-30b-a3b-instruct,SiliconFlow,3797,1255,5052,12535,0,,,,False,,/home/justin/npu-playground/runs/case-study-v3-openrouter-interrupted-backup-20260917T031835Z/repeat-001/20260917T023536Z/baseline/99d1ae3d51ef4643bf7fe57ea4ec805e/report.json
Qwen,1,baseline:hip_moving_average:intel_npu_4000,baseline,intel_npu_4000,1,code,completed,stop,30.69814263399894,gen-1789613698-xobkr44UW83hZHAp2Hwk,qwen/qwen3-coder-30b-a3b-instruct,SiliconFlow,929,683,1612,3072,0,,,7389,False,,/home/justin/npu-playground/runs/case-study-v3-openrouter-interrupted-backup-20260917T031835Z/repeat-001/20260917T023536Z/baseline/da3f884231d84197b6269504983b7714/report.json
Qwen,1,baseline:hip_moving_average:intel_npu_4000,baseline,intel_npu_4000,2,code,completed,stop,19.26108036900041,gen-1789613731-QUzZPP8N96bDd8XS5QcD,qwen/qwen3-coder-30b-a3b-instruct,SiliconFlow,2105,620,2725,7389,0,,,7546,False,,/home/justin/npu-playground/runs/case-study-v3-openrouter-interrupted-backup-20260917T031835Z/repeat-001/20260917T023536Z/baseline/da3f884231d84197b6269504983b7714/report.json
Qwen,1,baseline:hip_moving_average:intel_npu_4000,baseline,intel_npu_4000,3,code,completed,stop,33.853603155999735,gen-1789613751-TruAB0NbBc0VAOmc3jgR,qwen/qwen3-coder-30b-a3b-instruct,SiliconFlow,2194,706,2900,7546,0,,,8999,False,,/home/justin/npu-playground/runs/case-study-v3-openrouter-interrupted-backup-20260917T031835Z/repeat-001/20260917T023536Z/baseline/da3f884231d84197b6269504983b7714/report.json
Qwen,1,baseline:hip_moving_average:intel_npu_4000,baseline,intel_npu_4000,4,code,completed,stop,21.666877858999214,gen-1789613786-HZLts6exIrnjX4Jzp1IC,qwen/qwen3-coder-30b-a3b-instruct,SiliconFlow,2592,875,3467,8999,0,,,8875,False,,/home/justin/npu-playground/runs/case-study-v3-openrouter-interrupted-backup-20260917T031835Z/repeat-001/20260917T023536Z/baseline/da3f884231d84197b6269504983b7714/report.json
Qwen,1,baseline:hip_moving_average:intel_npu_4000,baseline,intel_npu_4000,5,code,completed,stop,14.340873360000842,gen-1789613809-RkQYU4DJpxNVYfOtug74,qwen/qwen3-coder-30b-a3b-instruct,SiliconFlow,2457,578,3035,8875,0,,,6645,False,,/home/justin/npu-playground/runs/case-study-v3-openrouter-interrupted-backup-20260917T031835Z/repeat-001/20260917T023536Z/baseline/da3f884231d84197b6269504983b7714/report.json
Qwen,1,baseline:hip_moving_average:intel_npu_4000,baseline,intel_npu_4000,6,code,completed,stop,24.15410903299926,gen-1789613827-6hUp9pYIrosq6yCLq6pF,qwen/qwen3-coder-30b-a3b-instruct,SiliconFlow,1900,644,2544,6645,0,,,7806,False,,/home/justin/npu-playground/runs/case-study-v3-openrouter-interrupted-backup-20260917T031835Z/repeat-001/20260917T023536Z/baseline/da3f884231d84197b6269504983b7714/report.json
Qwen,1,baseline:hip_moving_average:intel_npu_4000,baseline,intel_npu_4000,7,code,completed,stop,14.20434835999913,gen-1789613852-FPXbHw9lqp5F9fVpnhHw,qwen/qwen3-coder-30b-a3b-instruct,SiliconFlow,2218,524,2742,7806,0,,,6808,False,,/home/justin/npu-playground/runs/case-study-v3-openrouter-interrupted-backup-20260917T031835Z/repeat-001/20260917T023536Z/baseline/da3f884231d84197b6269504983b7714/report.json
Qwen,1,baseline:hip_moving_average:intel_npu_4000,baseline,intel_npu_4000,8,code,completed,stop,17.97122131099968,gen-1789613868-sM02DX8nTK2vK7li7Ubr,qwen/qwen3-coder-30b-a3b-instruct,SiliconFlow,1936,495,2431,6808,0,,,6331,False,,/home/justin/npu-playground/runs/case-study-v3-openrouter-interrupted-backup-20260917T031835Z/repeat-001/20260917T023536Z/baseline/da3f884231d84197b6269504983b7714/report.json
Qwen,1,baseline:hip_moving_average:intel_npu_4000,baseline,intel_npu_4000,9,code,completed,stop,19.699676836000435,gen-1789613889-UjBzU5noo8G3oUYw2piK,qwen/qwen3-coder-30b-a3b-instruct,SiliconFlow,1817,598,2415,6331,0,,,7713,False,,/home/justin/npu-playground/runs/case-study-v3-openrouter-interrupted-backup-20260917T031835Z/repeat-001/20260917T023536Z/baseline/da3f884231d84197b6269504983b7714/report.json
Qwen,1,baseline:hip_moving_average:intel_npu_4000,baseline,intel_npu_4000,10,code,completed,stop,14.67064323300292,gen-1789613910-p4ISFrCokj3rfCWbhDST,qwen/qwen3-coder-30b-a3b-instruct,SiliconFlow,2200,591,2791,7713,0,,,,False,,/home/justin/npu-playground/runs/case-study-v3-openrouter-interrupted-backup-20260917T031835Z/repeat-001/20260917T023536Z/baseline/da3f884231d84197b6269504983b7714/report.json
Qwen,1,baseline:triton_fused_attention:amd_xdna2_npu2,baseline,amd_xdna2_npu2,1,code,completed,stop,23.357734069002618,gen-1789612537-Y96COSZh9qLF76tdf3kQ,qwen/qwen3-coder-30b-a3b-instruct,SiliconFlow,2124,912,3036,6927,0,,,12238,False,,/home/justin/npu-playground/runs/case-study-v3-openrouter-interrupted-backup-20260917T031835Z/repeat-001/20260917T023536Z/baseline/add94c0894bb487792365422985f8d09/report.json
Qwen,1,baseline:triton_fused_attention:amd_xdna2_npu2,baseline,amd_xdna2_npu2,2,code,completed,stop,39.288512809001986,gen-1789612562-zCOWxqswV8107hivPKrs,qwen/qwen3-coder-30b-a3b-instruct,SiliconFlow,3662,948,4610,12238,0,,,12192,False,,/home/justin/npu-playground/runs/case-study-v3-openrouter-interrupted-backup-20260917T031835Z/repeat-001/20260917T023536Z/baseline/add94c0894bb487792365422985f8d09/report.json
Qwen,1,baseline:triton_fused_attention:amd_xdna2_npu2,baseline,amd_xdna2_npu2,3,code,completed,stop,21.99050950899982,gen-1789612602-gNMeZ0waQVVUCOnwDYbV,qwen/qwen3-coder-30b-a3b-instruct,SiliconFlow,3698,948,4646,12192,0,,,12192,False,,/home/justin/npu-playground/runs/case-study-v3-openrouter-interrupted-backup-20260917T031835Z/repeat-001/20260917T023536Z/baseline/add94c0894bb487792365422985f8d09/report.json
Qwen,1,baseline:triton_fused_attention:amd_xdna2_npu2,baseline,amd_xdna2_npu2,4,code,completed,stop,22.644102967002254,gen-1789612625-mFtsV0HYD0S9RfANRmeC,qwen/qwen3-coder-30b-a3b-instruct,SiliconFlow,3698,948,4646,12192,0,,,12192,False,,/home/justin/npu-playground/runs/case-study-v3-openrouter-interrupted-backup-20260917T031835Z/repeat-001/20260917T023536Z/baseline/add94c0894bb487792365422985f8d09/report.json
Qwen,1,baseline:triton_fused_attention:amd_xdna2_npu2,baseline,amd_xdna2_npu2,5,code,completed,stop,26.224325449002208,gen-1789612648-XMu5FZU4hognGrl7jM2X,qwen/qwen3-coder-30b-a3b-instruct,SiliconFlow,3698,948,4646,12192,0,,,12192,False,,/home/justin/npu-playground/runs/case-study-v3-openrouter-interrupted-backup-20260917T031835Z/repeat-001/20260917T023536Z/baseline/add94c0894bb487792365422985f8d09/report.json
Qwen,1,baseline:triton_fused_attention:amd_xdna2_npu2,baseline,amd_xdna2_npu2,6,code,completed,stop,30.16830021200076,gen-1789612675-nosWZEqyVcn2kkPjlZZV,qwen/qwen3-coder-30b-a3b-instruct,SiliconFlow,3698,948,4646,12192,0,,,12192,False,,/home/justin/npu-playground/runs/case-study-v3-openrouter-interrupted-backup-20260917T031835Z/repeat-001/20260917T023536Z/baseline/add94c0894bb487792365422985f8d09/report.json
Qwen,1,baseline:triton_fused_attention:amd_xdna2_npu2,baseline,amd_xdna2_npu2,7,code,completed,stop,29.42572034100158,gen-1789612706-O3hvJTK0j8bjQyXGuIKd,qwen/qwen3-coder-30b-a3b-instruct,SiliconFlow,3698,948,4646,12192,0,,,12192,False,,/home/justin/npu-playground/runs/case-study-v3-openrouter-interrupted-backup-20260917T031835Z/repeat-001/20260917T023536Z/baseline/add94c0894bb487792365422985f8d09/report.json
Qwen,1,baseline:triton_fused_attention:amd_xdna2_npu2,baseline,amd_xdna2_npu2,8,code,completed,stop,21.001723409000988,gen-1789612737-zaR9MAIC82c9tsQGpG8i,qwen/qwen3-coder-30b-a3b-instruct,SiliconFlow,3698,948,4646,12192,0,,,12192,False,,/home/justin/npu-playground/runs/case-study-v3-openrouter-interrupted-backup-20260917T031835Z/repeat-001/20260917T023536Z/baseline/add94c0894bb487792365422985f8d09/report.json
Qwen,1,baseline:triton_fused_attention:amd_xdna2_npu2,baseline,amd_xdna2_npu2,9,code,completed,stop,26.213487737000833,gen-1789612759-XKMaPcYHn2SUQfcZ1VKl,qwen/qwen3-coder-30b-a3b-instruct,SiliconFlow,3698,948,4646,12192,0,,,12192,False,,/home/justin/npu-playground/runs/case-study-v3-openrouter-interrupted-backup-20260917T031835Z/repeat-001/20260917T023536Z/baseline/add94c0894bb487792365422985f8d09/report.json
Qwen,1,baseline:triton_fused_attention:amd_xdna2_npu2,baseline,amd_xdna2_npu2,10,code,completed,stop,23.307462095999654,gen-1789612786-yLAJTREoxse6V65hPXxs,qwen/qwen3-coder-30b-a3b-instruct,SiliconFlow,3698,948,4646,12192,0,,,,False,,/home/justin/npu-playground/runs/case-study-v3-openrouter-interrupted-backup-20260917T031835Z/repeat-001/20260917T023536Z/baseline/add94c0894bb487792365422985f8d09/report.json
Qwen,1,baseline:triton_fused_attention:intel_npu_4000,baseline,intel_npu_4000,1,code,completed,stop,14.177336821001518,gen-1789612537-e8V1MRexBeAaZX2BzXQd,qwen/qwen3-coder-30b-a3b-instruct,SiliconFlow,1143,529,1672,3874,0,,,7974,False,,/home/justin/npu-playground/runs/case-study-v3-openrouter-interrupted-backup-20260917T031835Z/repeat-001/20260917T023536Z/baseline/8fd2dd5039fe45a8867edbcab322704a/report.json
Qwen,1,baseline:triton_fused_attention:intel_npu_4000,baseline,intel_npu_4000,2,code,completed,stop,12.743392188000144,gen-1789612553-rp2WkC9ylBakr5brKYbD,qwen/qwen3-coder-30b-a3b-instruct,SiliconFlow,2305,529,2834,7974,0,,,7420,False,,/home/justin/npu-playground/runs/case-study-v3-openrouter-interrupted-backup-20260917T031835Z/repeat-001/20260917T023536Z/baseline/8fd2dd5039fe45a8867edbcab322704a/report.json
Qwen,1,baseline:triton_fused_attention:intel_npu_4000,baseline,intel_npu_4000,3,code,completed,stop,16.738857504999032,gen-1789612567-BZszNo1Ki65navNDUBtf,qwen/qwen3-coder-30b-a3b-instruct,SiliconFlow,2147,547,2694,7420,0,,,,False,,/home/justin/npu-playground/runs/case-study-v3-openrouter-interrupted-backup-20260917T031835Z/repeat-001/20260917T023536Z/baseline/8fd2dd5039fe45a8867edbcab322704a/report.json
Qwen,1,baseline:triton_fused_softmax:amd_xdna2_npu2,baseline,amd_xdna2_npu2,1,code,completed,stop,28.56756594900071,gen-1789612725-4xqRJWcNJmaoJmXcikia,qwen/qwen3-coder-30b-a3b-instruct,SiliconFlow,1890,1138,3028,6170,0,,,11122,False,,/home/justin/npu-playground/runs/case-study-v3-openrouter-interrupted-backup-20260917T031835Z/repeat-001/20260917T023536Z/baseline/8f1234a5a0c54423bffefe4d3ee6beca/report.json
Qwen,1,baseline:triton_fused_softmax:amd_xdna2_npu2,baseline,amd_xdna2_npu2,2,code,completed,stop,32.111916754998674,gen-1789612761-o6mZyiSSexONUYGTduPQ,qwen/qwen3-coder-30b-a3b-instruct,SiliconFlow,3502,1264,4766,11122,0,,,13662,False,,/home/justin/npu-playground/runs/case-study-v3-openrouter-interrupted-backup-20260917T031835Z/repeat-001/20260917T023536Z/baseline/8f1234a5a0c54423bffefe4d3ee6beca/report.json
Qwen,1,baseline:triton_fused_softmax:amd_xdna2_npu2,baseline,amd_xdna2_npu2,3,code,completed,stop,28.865661297997576,gen-1789612800-fjTDRmdEX7dPKzJeA2AN,qwen/qwen3-coder-30b-a3b-instruct,SiliconFlow,4402,1275,5677,13662,0,,,14767,False,,/home/justin/npu-playground/runs/case-study-v3-openrouter-interrupted-backup-20260917T031835Z/repeat-001/20260917T023536Z/baseline/8f1234a5a0c54423bffefe4d3ee6beca/report.json
Qwen,1,baseline:triton_fused_softmax:amd_xdna2_npu2,baseline,amd_xdna2_npu2,4,code,completed,stop,40.73565256800066,gen-1789612837-sVXxCxFQBwWA6ycnfpmq,qwen/qwen3-coder-30b-a3b-instruct,SiliconFlow,4821,1273,6094,14767,0,,,12491,False,,/home/justin/npu-playground/runs/case-study-v3-openrouter-interrupted-backup-20260917T031835Z/repeat-001/20260917T023536Z/baseline/8f1234a5a0c54423bffefe4d3ee6beca/report.json
Qwen,1,baseline:triton_fused_softmax:amd_xdna2_npu2,baseline,amd_xdna2_npu2,5,code,completed,stop,34.63688320200163,gen-1789612885-8bW7jqtKj1DWm0vpnmFx,qwen/qwen3-coder-30b-a3b-instruct,SiliconFlow,3949,1273,5222,12491,0,,,12491,False,,/home/justin/npu-playground/runs/case-study-v3-openrouter-interrupted-backup-20260917T031835Z/repeat-001/20260917T023536Z/baseline/8f1234a5a0c54423bffefe4d3ee6beca/report.json
Qwen,1,baseline:triton_fused_softmax:amd_xdna2_npu2,baseline,amd_xdna2_npu2,6,code,completed,stop,38.62352885799919,gen-1789612927-m0fXZSYv1K28eNlwW2JH,qwen/qwen3-coder-30b-a3b-instruct,SiliconFlow,3949,1273,5222,12491,0,,,12491,False,,/home/justin/npu-playground/runs/case-study-v3-openrouter-interrupted-backup-20260917T031835Z/repeat-001/20260917T023536Z/baseline/8f1234a5a0c54423bffefe4d3ee6beca/report.json
Qwen,1,baseline:triton_fused_softmax:amd_xdna2_npu2,baseline,amd_xdna2_npu2,7,code,completed,stop,30.777273796000372,gen-1789612973-th072LJUbpwCAFXAmXZ7,qwen/qwen3-coder-30b-a3b-instruct,SiliconFlow,3949,1273,5222,12491,0,,,12491,False,,/home/justin/npu-playground/runs/case-study-v3-openrouter-interrupted-backup-20260917T031835Z/repeat-001/20260917T023536Z/baseline/8f1234a5a0c54423bffefe4d3ee6beca/report.json
Qwen,1,baseline:triton_fused_softmax:amd_xdna2_npu2,baseline,amd_xdna2_npu2,8,code,completed,stop,29.816385578000336,gen-1789613010-Hdl8aQqyemCUq3IrSiez,qwen/qwen3-coder-30b-a3b-instruct,SiliconFlow,3949,1278,5227,12491,0,,,10424,False,,/home/justin/npu-playground/runs/case-study-v3-openrouter-interrupted-backup-20260917T031835Z/repeat-001/20260917T023536Z/baseline/8f1234a5a0c54423bffefe4d3ee6beca/report.json
Qwen,1,baseline:triton_fused_softmax:amd_xdna2_npu2,baseline,amd_xdna2_npu2,9,code,completed,stop,63.88101021200055,gen-1789613047-Nzzs85XB1OX1uQmWSOlN,qwen/qwen3-coder-30b-a3b-instruct,SiliconFlow,3368,1269,4637,10424,0,,,12475,False,,/home/justin/npu-playground/runs/case-study-v3-openrouter-interrupted-backup-20260917T031835Z/repeat-001/20260917T023536Z/baseline/8f1234a5a0c54423bffefe4d3ee6beca/report.json
Qwen,1,baseline:triton_fused_softmax:amd_xdna2_npu2,baseline,amd_xdna2_npu2,10,code,completed,stop,43.202116477001255,gen-1789613118-atFCVb5KdZKuwJV5Qts3,qwen/qwen3-coder-30b-a3b-instruct,SiliconFlow,3945,1269,5214,12475,0,,,,False,,/home/justin/npu-playground/runs/case-study-v3-openrouter-interrupted-backup-20260917T031835Z/repeat-001/20260917T023536Z/baseline/8f1234a5a0c54423bffefe4d3ee6beca/report.json
Qwen,1,baseline:triton_fused_softmax:intel_npu_4000,baseline,intel_npu_4000,1,code,completed,stop,12.603788549000456,gen-1789612537-dD0fQiUQmI0GZIZGrF50,qwen/qwen3-coder-30b-a3b-instruct,SiliconFlow,909,415,1324,3117,0,,,6848,False,,/home/justin/npu-playground/runs/case-study-v3-openrouter-interrupted-backup-20260917T031835Z/repeat-001/20260917T023536Z/baseline/217bc11f52d447439db8aa31e10e5381/report.json
Qwen,1,baseline:triton_fused_softmax:intel_npu_4000,baseline,intel_npu_4000,2,code,completed,stop,16.60701809300008,gen-1789612551-rpntTnWiHohUCURBA0B7,qwen/qwen3-coder-30b-a3b-instruct,SiliconFlow,1959,430,2389,6848,0,,,,False,,/home/justin/npu-playground/runs/case-study-v3-openrouter-interrupted-backup-20260917T031835Z/repeat-001/20260917T023536Z/baseline/217bc11f52d447439db8aa31e10e5381/report.json
Qwen,1,baseline:triton_layer_norm:amd_xdna2_npu2,baseline,amd_xdna2_npu2,1,code,completed,stop,46.08821092499784,gen-1789612569-pvwXPgsSMPd4QsBcKrlV,qwen/qwen3-coder-30b-a3b-instruct,SiliconFlow,2171,2045,4216,7099,0,,,22208,False,,/home/justin/npu-playground/runs/case-study-v3-openrouter-interrupted-backup-20260917T031835Z/repeat-001/20260917T023536Z/baseline/488aaa0e63314d84bb7e257c36f09442/report.json
Qwen,1,baseline:triton_layer_norm:amd_xdna2_npu2,baseline,amd_xdna2_npu2,2,code,completed,stop,45.9618346549978,gen-1789612623-afGNoycWC0YbJaynsxB2,qwen/qwen3-coder-30b-a3b-instruct,SiliconFlow,6320,2039,8359,22208,0,,,16805,False,,/home/justin/npu-playground/runs/case-study-v3-openrouter-interrupted-backup-20260917T031835Z/repeat-001/20260917T023536Z/baseline/488aaa0e63314d84bb7e257c36f09442/report.json
Qwen,1,baseline:triton_layer_norm:amd_xdna2_npu2,baseline,amd_xdna2_npu2,3,code,completed,stop,43.67223198400097,gen-1789612677-grRseGUHk7iG27j3RAyY,qwen/qwen3-coder-30b-a3b-instruct,SiliconFlow,5515,2038,7553,16805,0,,,16803,False,,/home/justin/npu-playground/runs/case-study-v3-openrouter-interrupted-backup-20260917T031835Z/repeat-001/20260917T023536Z/baseline/488aaa0e63314d84bb7e257c36f09442/report.json
Qwen,1,baseline:triton_layer_norm:amd_xdna2_npu2,baseline,amd_xdna2_npu2,4,code,completed,stop,67.26294414100266,gen-1789612728-JGm7oFfiJCsjk5qUi1Tm,qwen/qwen3-coder-30b-a3b-instruct,SiliconFlow,5513,2038,7551,16803,0,,,16803,False,,/home/justin/npu-playground/runs/case-study-v3-openrouter-interrupted-backup-20260917T031835Z/repeat-001/20260917T023536Z/baseline/488aaa0e63314d84bb7e257c36f09442/report.json
Qwen,1,baseline:triton_layer_norm:amd_xdna2_npu2,baseline,amd_xdna2_npu2,5,code,completed,stop,43.55241512400244,gen-1789612802-7g7gK0XvtmfzdmQImZHU,qwen/qwen3-coder-30b-a3b-instruct,SiliconFlow,5513,2038,7551,16803,0,,,16803,False,,/home/justin/npu-playground/runs/case-study-v3-openrouter-interrupted-backup-20260917T031835Z/repeat-001/20260917T023536Z/baseline/488aaa0e63314d84bb7e257c36f09442/report.json
Qwen,1,baseline:triton_layer_norm:amd_xdna2_npu2,baseline,amd_xdna2_npu2,6,code,completed,stop,70.7366838520029,gen-1789612853-4v36MCFmkO9mogVXsJ9W,qwen/qwen3-coder-30b-a3b-instruct,SiliconFlow,5513,2009,7522,16803,0,,,18854,False,,/home/justin/npu-playground/runs/case-study-v3-openrouter-interrupted-backup-20260917T031835Z/repeat-001/20260917T023536Z/baseline/488aaa0e63314d84bb7e257c36f09442/report.json
Qwen,1,baseline:triton_layer_norm:amd_xdna2_npu2,baseline,amd_xdna2_npu2,7,code,completed,stop,46.2424704010009,gen-1789612931-rpDElhcradUxIBCvVe8k,qwen/qwen3-coder-30b-a3b-instruct,SiliconFlow,5982,2009,7991,18854,0,,,18854,False,,/home/justin/npu-playground/runs/case-study-v3-openrouter-interrupted-backup-20260917T031835Z/repeat-001/20260917T023536Z/baseline/488aaa0e63314d84bb7e257c36f09442/report.json
Qwen,1,baseline:triton_layer_norm:amd_xdna2_npu2,baseline,amd_xdna2_npu2,8,code,completed,stop,72.50422164300107,gen-1789612984-PIoVoLRhq1ZkylGQ2f6k,qwen/qwen3-coder-30b-a3b-instruct,SiliconFlow,5982,2038,8020,18854,0,,,16801,False,,/home/justin/npu-playground/runs/case-study-v3-openrouter-interrupted-backup-20260917T031835Z/repeat-001/20260917T023536Z/baseline/488aaa0e63314d84bb7e257c36f09442/report.json
Qwen,1,baseline:triton_layer_norm:amd_xdna2_npu2,baseline,amd_xdna2_npu2,9,code,completed,stop,63.003505537999445,gen-1789613062-ICAJ0G3kipsZfkyeh5OB,qwen/qwen3-coder-30b-a3b-instruct,SiliconFlow,5511,2038,7549,16801,0,,,16801,False,,/home/justin/npu-playground/runs/case-study-v3-openrouter-interrupted-backup-20260917T031835Z/repeat-001/20260917T023536Z/baseline/488aaa0e63314d84bb7e257c36f09442/report.json
Qwen,1,baseline:triton_layer_norm:amd_xdna2_npu2,baseline,amd_xdna2_npu2,10,code,completed,stop,56.31989416400029,gen-1789613132-owMY9jgBGhmnP1KMugmR,qwen/qwen3-coder-30b-a3b-instruct,SiliconFlow,5511,2038,7549,16801,0,,,,False,,/home/justin/npu-playground/runs/case-study-v3-openrouter-interrupted-backup-20260917T031835Z/repeat-001/20260917T023536Z/baseline/488aaa0e63314d84bb7e257c36f09442/report.json
Qwen,1,baseline:triton_layer_norm:intel_npu_4000,baseline,intel_npu_4000,1,code,completed,stop,25.13689441599854,gen-1789612967-zzinjWI58N8iOkzashyB,qwen/qwen3-coder-30b-a3b-instruct,SiliconFlow,1190,548,1738,4046,0,,,8232,False,,/home/justin/npu-playground/runs/case-study-v3-openrouter-interrupted-backup-20260917T031835Z/repeat-001/20260917T023536Z/baseline/782ffaf0ffe549298a69ddde0af18048/report.json
Qwen,1,baseline:triton_layer_norm:intel_npu_4000,baseline,intel_npu_4000,2,code,completed,stop,18.056443808996846,gen-1789612994-SIwyHXUsPDIJOXCAuBPo,qwen/qwen3-coder-30b-a3b-instruct,SiliconFlow,2369,550,2919,8232,0,,,7716,False,,/home/justin/npu-playground/runs/case-study-v3-openrouter-interrupted-backup-20260917T031835Z/repeat-001/20260917T023536Z/baseline/782ffaf0ffe549298a69ddde0af18048/report.json
Qwen,1,baseline:triton_layer_norm:intel_npu_4000,baseline,intel_npu_4000,3,code,completed,stop,14.429711843000405,gen-1789613013-OfQ0Roxm4I7hzpNPIjeJ,qwen/qwen3-coder-30b-a3b-instruct,SiliconFlow,2229,579,2808,7716,0,,,8360,False,,/home/justin/npu-playground/runs/case-study-v3-openrouter-interrupted-backup-20260917T031835Z/repeat-001/20260917T023536Z/baseline/782ffaf0ffe549298a69ddde0af18048/report.json
Qwen,1,baseline:triton_layer_norm:intel_npu_4000,baseline,intel_npu_4000,4,code,completed,stop,15.610236617001647,gen-1789613028-2J5DrpMLEneO0RAQrdmA,qwen/qwen3-coder-30b-a3b-instruct,SiliconFlow,2406,586,2992,8360,0,,,8007,False,,/home/justin/npu-playground/runs/case-study-v3-openrouter-interrupted-backup-20260917T031835Z/repeat-001/20260917T023536Z/baseline/782ffaf0ffe549298a69ddde0af18048/report.json
Qwen,1,baseline:triton_layer_norm:intel_npu_4000,baseline,intel_npu_4000,5,code,completed,stop,19.149332509998203,gen-1789613045-Zoz7yTKoBNK5Cje6kvG1,qwen/qwen3-coder-30b-a3b-instruct,SiliconFlow,2301,660,2961,8007,0,,,8656,False,,/home/justin/npu-playground/runs/case-study-v3-openrouter-interrupted-backup-20260917T031835Z/repeat-001/20260917T023536Z/baseline/782ffaf0ffe549298a69ddde0af18048/report.json
Qwen,1,baseline:triton_layer_norm:intel_npu_4000,baseline,intel_npu_4000,6,code,completed,stop,17.036375470001076,gen-1789613065-vvjqxTm94KD8EtPD4xP3,qwen/qwen3-coder-30b-a3b-instruct,SiliconFlow,2487,654,3141,8656,0,,,8241,False,,/home/justin/npu-playground/runs/case-study-v3-openrouter-interrupted-backup-20260917T031835Z/repeat-001/20260917T023536Z/baseline/782ffaf0ffe549298a69ddde0af18048/report.json
Qwen,1,baseline:triton_layer_norm:intel_npu_4000,baseline,intel_npu_4000,7,code,completed,stop,23.3555024519992,gen-1789613083-buhZJC6RR85NCJri4wWL,qwen/qwen3-coder-30b-a3b-instruct,SiliconFlow,2369,662,3031,8241,0,,,8672,False,,/home/justin/npu-playground/runs/case-study-v3-openrouter-interrupted-backup-20260917T031835Z/repeat-001/20260917T023536Z/baseline/782ffaf0ffe549298a69ddde0af18048/report.json
Qwen,1,baseline:triton_layer_norm:intel_npu_4000,baseline,intel_npu_4000,8,code,completed,stop,15.079594734001148,gen-1789613107-rLB0uozne1i3e4FEGaBg,qwen/qwen3-coder-30b-a3b-instruct,SiliconFlow,2489,662,3151,8672,0,,,8672,False,,/home/justin/npu-playground/runs/case-study-v3-openrouter-interrupted-backup-20260917T031835Z/repeat-001/20260917T023536Z/baseline/782ffaf0ffe549298a69ddde0af18048/report.json
Qwen,1,baseline:triton_layer_norm:intel_npu_4000,baseline,intel_npu_4000,9,code,completed,stop,16.12123836899991,gen-1789613123-Z4t9rFIxlCZbDCXiw4za,qwen/qwen3-coder-30b-a3b-instruct,SiliconFlow,2489,656,3145,8672,0,,,8124,False,,/home/justin/npu-playground/runs/case-study-v3-openrouter-interrupted-backup-20260917T031835Z/repeat-001/20260917T023536Z/baseline/782ffaf0ffe549298a69ddde0af18048/report.json
Qwen,1,baseline:triton_layer_norm:intel_npu_4000,baseline,intel_npu_4000,10,code,completed,stop,19.292275312996935,gen-1789613140-c6j6nOZjixDuFjvK1ioV,qwen/qwen3-coder-30b-a3b-instruct,SiliconFlow,2331,652,2983,8124,0,,,,False,,/home/justin/npu-playground/runs/case-study-v3-openrouter-interrupted-backup-20260917T031835Z/repeat-001/20260917T023536Z/baseline/782ffaf0ffe549298a69ddde0af18048/report.json
Qwen,1,baseline_minimal:cuda_reduce_sum:amd_xdna2_npu2,baseline_minimal,amd_xdna2_npu2,1,code,completed,stop,25.18647959000009,gen-1789613707-OHlUIFon86IEvaRjXR0e,qwen/qwen3-coder-30b-a3b-instruct,SiliconFlow,1013,1030,2043,3395,0,,,9204,False,,/home/justin/npu-playground/runs/case-study-v3-openrouter-interrupted-backup-20260917T031835Z/repeat-001/20260917T023536Z/baseline_minimal/3680ee4260144d1d8c5b5c935e1a651f/report.json
Qwen,1,baseline_minimal:cuda_reduce_sum:amd_xdna2_npu2,baseline_minimal,amd_xdna2_npu2,2,code,completed,stop,31.59276439200039,gen-1789613733-9kwfaP9OnXbRIGeU2v23,qwen/qwen3-coder-30b-a3b-instruct,SiliconFlow,2614,1045,3659,9204,0,,,9248,False,,/home/justin/npu-playground/runs/case-study-v3-openrouter-interrupted-backup-20260917T031835Z/repeat-001/20260917T023536Z/baseline_minimal/3680ee4260144d1d8c5b5c935e1a651f/report.json
Qwen,1,baseline_minimal:cuda_reduce_sum:amd_xdna2_npu2,baseline_minimal,amd_xdna2_npu2,3,code,completed,stop,28.21582287899946,gen-1789613766-1qIzhoqNuKUcdbi7rXDp,qwen/qwen3-coder-30b-a3b-instruct,SiliconFlow,2630,1080,3710,9248,0,,,9450,False,,/home/justin/npu-playground/runs/case-study-v3-openrouter-interrupted-backup-20260917T031835Z/repeat-001/20260917T023536Z/baseline_minimal/3680ee4260144d1d8c5b5c935e1a651f/report.json
Qwen,1,baseline_minimal:cuda_reduce_sum:amd_xdna2_npu2,baseline_minimal,amd_xdna2_npu2,4,code,completed,stop,25.511779431999457,gen-1789613795-Y63eLN92TrCZBE4nkEad,qwen/qwen3-coder-30b-a3b-instruct,SiliconFlow,2699,1081,3780,9450,0,,,9452,False,,/home/justin/npu-playground/runs/case-study-v3-openrouter-interrupted-backup-20260917T031835Z/repeat-001/20260917T023536Z/baseline_minimal/3680ee4260144d1d8c5b5c935e1a651f/report.json
Qwen,1,baseline_minimal:cuda_reduce_sum:amd_xdna2_npu2,baseline_minimal,amd_xdna2_npu2,5,code,completed,stop,25.70097851399987,gen-1789613822-o4pOqvhpVc7gLysmG8cR,qwen/qwen3-coder-30b-a3b-instruct,SiliconFlow,2700,1081,3781,9452,0,,,9452,False,,/home/justin/npu-playground/runs/case-study-v3-openrouter-interrupted-backup-20260917T031835Z/repeat-001/20260917T023536Z/baseline_minimal/3680ee4260144d1d8c5b5c935e1a651f/report.json
Qwen,1,baseline_minimal:cuda_reduce_sum:amd_xdna2_npu2,baseline_minimal,amd_xdna2_npu2,6,code,completed,stop,24.63974804299869,gen-1789613848-3zNaFWC57rnXy0T77WRs,qwen/qwen3-coder-30b-a3b-instruct,SiliconFlow,2700,1081,3781,9452,0,,,9452,False,,/home/justin/npu-playground/runs/case-study-v3-openrouter-interrupted-backup-20260917T031835Z/repeat-001/20260917T023536Z/baseline_minimal/3680ee4260144d1d8c5b5c935e1a651f/report.json
Qwen,1,baseline_minimal:cuda_reduce_sum:amd_xdna2_npu2,baseline_minimal,amd_xdna2_npu2,7,code,completed,stop,35.17713994200312,gen-1789613874-OZNdlMXYkhftyB5AXSA4,qwen/qwen3-coder-30b-a3b-instruct,SiliconFlow,2700,1081,3781,9452,0,,,9452,False,,/home/justin/npu-playground/runs/case-study-v3-openrouter-interrupted-backup-20260917T031835Z/repeat-001/20260917T023536Z/baseline_minimal/3680ee4260144d1d8c5b5c935e1a651f/report.json
Qwen,1,baseline_minimal:cuda_reduce_sum:amd_xdna2_npu2,baseline_minimal,amd_xdna2_npu2,8,code,completed,stop,24.873026481000124,gen-1789613910-QnoAmyb85StpULdWLmJD,qwen/qwen3-coder-30b-a3b-instruct,SiliconFlow,2700,1081,3781,9452,0,,,9452,False,,/home/justin/npu-playground/runs/case-study-v3-openrouter-interrupted-backup-20260917T031835Z/repeat-001/20260917T023536Z/baseline_minimal/3680ee4260144d1d8c5b5c935e1a651f/report.json
Qwen,1,baseline_minimal:cuda_reduce_sum:amd_xdna2_npu2,baseline_minimal,amd_xdna2_npu2,9,code,completed,stop,37.46983385400017,gen-1789613936-bn4WfahlctrnqUoK09dz,qwen/qwen3-coder-30b-a3b-instruct,SiliconFlow,2700,1081,3781,9452,0,,,9452,False,,/home/justin/npu-playground/runs/case-study-v3-openrouter-interrupted-backup-20260917T031835Z/repeat-001/20260917T023536Z/baseline_minimal/3680ee4260144d1d8c5b5c935e1a651f/report.json
Qwen,1,baseline_minimal:cuda_reduce_sum:amd_xdna2_npu2,baseline_minimal,amd_xdna2_npu2,10,code,completed,stop,23.823504635998688,gen-1789613974-enr4JHsjD60YJqJb7bye,qwen/qwen3-coder-30b-a3b-instruct,SiliconFlow,2700,1081,3781,9452,0,,,,False,,/home/justin/npu-playground/runs/case-study-v3-openrouter-interrupted-backup-20260917T031835Z/repeat-001/20260917T023536Z/baseline_minimal/3680ee4260144d1d8c5b5c935e1a651f/report.json
Qwen,1,baseline_minimal:cuda_reduce_sum:intel_npu_4000,baseline_minimal,intel_npu_4000,1,code,completed,stop,9.023481509000703,gen-1789612537-Ic3VPeJ7OtIQKD8SznGW,qwen/qwen3-coder-30b-a3b-instruct,SiliconFlow,928,264,1192,3029,0,,,6338,False,,/home/justin/npu-playground/runs/case-study-v3-openrouter-interrupted-backup-20260917T031835Z/repeat-001/20260917T023536Z/baseline_minimal/779e94ee5cf245e6bba4b3ac7259ba75/report.json
Qwen,1,baseline_minimal:cuda_reduce_sum:intel_npu_4000,baseline_minimal,intel_npu_4000,2,code,completed,stop,10.532797759999085,gen-1789612548-rj6icggAAJ3FVRpkRRPA,qwen/qwen3-coder-30b-a3b-instruct,SiliconFlow,1823,243,2066,6338,0,,,6267,False,,/home/justin/npu-playground/runs/case-study-v3-openrouter-interrupted-backup-20260917T031835Z/repeat-001/20260917T023536Z/baseline_minimal/779e94ee5cf245e6bba4b3ac7259ba75/report.json
Qwen,1,baseline_minimal:cuda_reduce_sum:intel_npu_4000,baseline_minimal,intel_npu_4000,3,code,completed,stop,6.807293723999464,gen-1789612559-xqpxeSuCBukMB0gh24YX,qwen/qwen3-coder-30b-a3b-instruct,SiliconFlow,1798,266,2064,6267,0,,,,False,,/home/justin/npu-playground/runs/case-study-v3-openrouter-interrupted-backup-20260917T031835Z/repeat-001/20260917T023536Z/baseline_minimal/779e94ee5cf245e6bba4b3ac7259ba75/report.json
Qwen,1,baseline_minimal:cuda_tiled_matmul:amd_xdna2_npu2,baseline_minimal,amd_xdna2_npu2,1,code,completed,stop,44.73293719200228,gen-1789613350-QfPi0jpQSOERkzDBrCXA,qwen/qwen3-coder-30b-a3b-instruct,SiliconFlow,1117,1647,2764,3662,0,,,8901,False,,/home/justin/npu-playground/runs/case-study-v3-openrouter-interrupted-backup-20260917T031835Z/repeat-001/20260917T023536Z/baseline_minimal/b5590dcd8d7348b199ad066b8cebd77d/report.json
Qwen,1,baseline_minimal:cuda_tiled_matmul:amd_xdna2_npu2,baseline_minimal,amd_xdna2_npu2,2,code,completed,stop,35.90466173800087,gen-1789613396-tiHokNlaMSeGNMy9AkPU,qwen/qwen3-coder-30b-a3b-instruct,SiliconFlow,2964,1648,4612,8901,0,,,8904,False,,/home/justin/npu-playground/runs/case-study-v3-openrouter-interrupted-backup-20260917T031835Z/repeat-001/20260917T023536Z/baseline_minimal/b5590dcd8d7348b199ad066b8cebd77d/report.json
Qwen,1,baseline_minimal:cuda_tiled_matmul:amd_xdna2_npu2,baseline_minimal,amd_xdna2_npu2,3,code,completed,stop,46.69116931499957,gen-1789613433-We7o6cMkOX3ol152UEx5,qwen/qwen3-coder-30b-a3b-instruct,SiliconFlow,2967,1648,4615,8904,0,,,8904,False,,/home/justin/npu-playground/runs/case-study-v3-openrouter-interrupted-backup-20260917T031835Z/repeat-001/20260917T023536Z/baseline_minimal/b5590dcd8d7348b199ad066b8cebd77d/report.json
Qwen,1,baseline_minimal:cuda_tiled_matmul:amd_xdna2_npu2,baseline_minimal,amd_xdna2_npu2,4,code,completed,stop,39.12695476200315,gen-1789613480-9JHXyCuiQn4cq3dxn9lf,qwen/qwen3-coder-30b-a3b-instruct,SiliconFlow,2967,1648,4615,8904,0,,,8904,False,,/home/justin/npu-playground/runs/case-study-v3-openrouter-interrupted-backup-20260917T031835Z/repeat-001/20260917T023536Z/baseline_minimal/b5590dcd8d7348b199ad066b8cebd77d/report.json
Qwen,1,baseline_minimal:cuda_tiled_matmul:amd_xdna2_npu2,baseline_minimal,amd_xdna2_npu2,5,code,completed,stop,38.05352354900242,gen-1789613520-tuOFGR2dRny5rUXqzeJR,qwen/qwen3-coder-30b-a3b-instruct,SiliconFlow,2967,1648,4615,8904,0,,,8904,False,,/home/justin/npu-playground/runs/case-study-v3-openrouter-interrupted-backup-20260917T031835Z/repeat-001/20260917T023536Z/baseline_minimal/b5590dcd8d7348b199ad066b8cebd77d/report.json
Qwen,1,baseline_minimal:cuda_tiled_matmul:amd_xdna2_npu2,baseline_minimal,amd_xdna2_npu2,6,code,completed,stop,51.75947158799681,gen-1789613559-MCfvvk1PccMcLaJe43hQ,qwen/qwen3-coder-30b-a3b-instruct,SiliconFlow,2967,1648,4615,8904,0,,,8904,False,,/home/justin/npu-playground/runs/case-study-v3-openrouter-interrupted-backup-20260917T031835Z/repeat-001/20260917T023536Z/baseline_minimal/b5590dcd8d7348b199ad066b8cebd77d/report.json
Qwen,1,baseline_minimal:cuda_tiled_matmul:amd_xdna2_npu2,baseline_minimal,amd_xdna2_npu2,7,code,completed,stop,70.2656735620003,gen-1789613612-jrTy8SRQ85PQyXJ2z17n,qwen/qwen3-coder-30b-a3b-instruct,SiliconFlow,2967,1648,4615,8904,0,,,8904,False,,/home/justin/npu-playground/runs/case-study-v3-openrouter-interrupted-backup-20260917T031835Z/repeat-001/20260917T023536Z/baseline_minimal/b5590dcd8d7348b199ad066b8cebd77d/report.json
Qwen,1,baseline_minimal:cuda_tiled_matmul:amd_xdna2_npu2,baseline_minimal,amd_xdna2_npu2,8,code,completed,stop,35.65291094699933,gen-1789613683-ZAxgklYwUKtjfBuELZ9u,qwen/qwen3-coder-30b-a3b-instruct,SiliconFlow,2967,1648,4615,8904,0,,,8904,False,,/home/justin/npu-playground/runs/case-study-v3-openrouter-interrupted-backup-20260917T031835Z/repeat-001/20260917T023536Z/baseline_minimal/b5590dcd8d7348b199ad066b8cebd77d/report.json
Qwen,1,baseline_minimal:cuda_tiled_matmul:amd_xdna2_npu2,baseline_minimal,amd_xdna2_npu2,9,code,completed,stop,47.88585415399939,gen-1789613720-ztBabWaYIhiyxlPol76Y,qwen/qwen3-coder-30b-a3b-instruct,SiliconFlow,2967,1648,4615,8904,0,,,8904,False,,/home/justin/npu-playground/runs/case-study-v3-openrouter-interrupted-backup-20260917T031835Z/repeat-001/20260917T023536Z/baseline_minimal/b5590dcd8d7348b199ad066b8cebd77d/report.json
Qwen,1,baseline_minimal:cuda_tiled_matmul:amd_xdna2_npu2,baseline_minimal,amd_xdna2_npu2,10,code,completed,stop,48.67802172200027,gen-1789613768-KYE4vSb0qolj5rOip8k5,qwen/qwen3-coder-30b-a3b-instruct,SiliconFlow,2967,1648,4615,8904,0,,,,False,,/home/justin/npu-playground/runs/case-study-v3-openrouter-interrupted-backup-20260917T031835Z/repeat-001/20260917T023536Z/baseline_minimal/b5590dcd8d7348b199ad066b8cebd77d/report.json
Qwen,1,baseline_minimal:cuda_tiled_matmul:intel_npu_4000,baseline_minimal,intel_npu_4000,1,code,completed,stop,8.425053491999279,gen-1789612858-yQYx3vgH5FBSdyrGtWbf,qwen/qwen3-coder-30b-a3b-instruct,SiliconFlow,1032,320,1352,3296,0,,,13143,False,,/home/justin/npu-playground/runs/case-study-v3-openrouter-interrupted-backup-20260917T031835Z/repeat-001/20260917T023536Z/baseline_minimal/3a16804108424e86a30b8fceb70ae486/report.json
Qwen,1,baseline_minimal:cuda_tiled_matmul:intel_npu_4000,baseline_minimal,intel_npu_4000,2,code,completed,stop,12.845312102999742,gen-1789612867-C1NdsVWRXZdPk5MTUcu4,qwen/qwen3-coder-30b-a3b-instruct,SiliconFlow,3891,332,4223,13143,0,,,5872,False,,/home/justin/npu-playground/runs/case-study-v3-openrouter-interrupted-backup-20260917T031835Z/repeat-001/20260917T023536Z/baseline_minimal/3a16804108424e86a30b8fceb70ae486/report.json
Qwen,1,baseline_minimal:cuda_tiled_matmul:intel_npu_4000,baseline_minimal,intel_npu_4000,3,code,completed,stop,9.614473484998598,gen-1789612884-XDvnX9RDhAAy7xPPEW1E,qwen/qwen3-coder-30b-a3b-instruct,SiliconFlow,1761,351,2112,5872,0,,,,False,,/home/justin/npu-playground/runs/case-study-v3-openrouter-interrupted-backup-20260917T031835Z/repeat-001/20260917T023536Z/baseline_minimal/3a16804108424e86a30b8fceb70ae486/report.json
Qwen,1,baseline_minimal:cuda_tiled_transpose:amd_xdna2_npu2,baseline_minimal,amd_xdna2_npu2,1,code,completed,stop,20.564849025999138,gen-1789612571-00ENKF9mlMznS44nui7X,qwen/qwen3-coder-30b-a3b-instruct,SiliconFlow,971,815,1786,3193,0,,,8623,False,,/home/justin/npu-playground/runs/case-study-v3-openrouter-interrupted-backup-20260917T031835Z/repeat-001/20260917T023536Z/baseline_minimal/833724d1d7b54d66854a000e5d43c9ce/report.json
Qwen,1,baseline_minimal:cuda_tiled_transpose:amd_xdna2_npu2,baseline_minimal,amd_xdna2_npu2,2,code,completed,stop,27.646410076999018,gen-1789612593-hONV0f4TIBgHHkelp0bD,qwen/qwen3-coder-30b-a3b-instruct,SiliconFlow,2388,1238,3626,8623,0,,,10526,False,,/home/justin/npu-playground/runs/case-study-v3-openrouter-interrupted-backup-20260917T031835Z/repeat-001/20260917T023536Z/baseline_minimal/833724d1d7b54d66854a000e5d43c9ce/report.json
Qwen,1,baseline_minimal:cuda_tiled_transpose:amd_xdna2_npu2,baseline_minimal,amd_xdna2_npu2,3,code,completed,stop,39.12312081699929,gen-1789612622-PqXwry8xvbIpW7DQ8Xgf,qwen/qwen3-coder-30b-a3b-instruct,SiliconFlow,2815,1237,4052,10526,0,,,10524,False,,/home/justin/npu-playground/runs/case-study-v3-openrouter-interrupted-backup-20260917T031835Z/repeat-001/20260917T023536Z/baseline_minimal/833724d1d7b54d66854a000e5d43c9ce/report.json
Qwen,1,baseline_minimal:cuda_tiled_transpose:amd_xdna2_npu2,baseline_minimal,amd_xdna2_npu2,4,code,completed,stop,35.41661925200242,gen-1789612662-uA9vhufctU8k8nMmOQhV,qwen/qwen3-coder-30b-a3b-instruct,SiliconFlow,2813,1237,4050,10524,0,,,10524,False,,/home/justin/npu-playground/runs/case-study-v3-openrouter-interrupted-backup-20260917T031835Z/repeat-001/20260917T023536Z/baseline_minimal/833724d1d7b54d66854a000e5d43c9ce/report.json
Qwen,1,baseline_minimal:cuda_tiled_transpose:amd_xdna2_npu2,baseline_minimal,amd_xdna2_npu2,5,code,completed,stop,33.97553024499939,gen-1789612698-m4ICWkLWYvUGHMKNt187,qwen/qwen3-coder-30b-a3b-instruct,SiliconFlow,2813,1237,4050,10524,0,,,10524,False,,/home/justin/npu-playground/runs/case-study-v3-openrouter-interrupted-backup-20260917T031835Z/repeat-001/20260917T023536Z/baseline_minimal/833724d1d7b54d66854a000e5d43c9ce/report.json
Qwen,1,baseline_minimal:cuda_tiled_transpose:amd_xdna2_npu2,baseline_minimal,amd_xdna2_npu2,6,code,completed,stop,48.80835205399853,gen-1789612733-xRlGrt2aByNqRNJ1wbSF,qwen/qwen3-coder-30b-a3b-instruct,SiliconFlow,2813,1237,4050,10524,0,,,10524,False,,/home/justin/npu-playground/runs/case-study-v3-openrouter-interrupted-backup-20260917T031835Z/repeat-001/20260917T023536Z/baseline_minimal/833724d1d7b54d66854a000e5d43c9ce/report.json
Qwen,1,baseline_minimal:cuda_tiled_transpose:amd_xdna2_npu2,baseline_minimal,amd_xdna2_npu2,7,code,completed,stop,29.992512721997628,gen-1789612783-YN0DSlr7N7AyFQLQK5bv,qwen/qwen3-coder-30b-a3b-instruct,SiliconFlow,2813,1237,4050,10524,0,,,10524,False,,/home/justin/npu-playground/runs/case-study-v3-openrouter-interrupted-backup-20260917T031835Z/repeat-001/20260917T023536Z/baseline_minimal/833724d1d7b54d66854a000e5d43c9ce/report.json
Qwen,1,baseline_minimal:cuda_tiled_transpose:amd_xdna2_npu2,baseline_minimal,amd_xdna2_npu2,8,code,completed,stop,36.64130284500061,gen-1789612814-EcJkjXQosc9OeVgRBIrV,qwen/qwen3-coder-30b-a3b-instruct,SiliconFlow,2813,1237,4050,10524,0,,,10524,False,,/home/justin/npu-playground/runs/case-study-v3-openrouter-interrupted-backup-20260917T031835Z/repeat-001/20260917T023536Z/baseline_minimal/833724d1d7b54d66854a000e5d43c9ce/report.json
Qwen,1,baseline_minimal:cuda_tiled_transpose:amd_xdna2_npu2,baseline_minimal,amd_xdna2_npu2,9,code,completed,stop,29.327137054999184,gen-1789612851-gaMbhkKdfvddhi9NWLOl,qwen/qwen3-coder-30b-a3b-instruct,SiliconFlow,2813,1237,4050,10524,0,,,10524,False,,/home/justin/npu-playground/runs/case-study-v3-openrouter-interrupted-backup-20260917T031835Z/repeat-001/20260917T023536Z/baseline_minimal/833724d1d7b54d66854a000e5d43c9ce/report.json
Qwen,1,baseline_minimal:cuda_tiled_transpose:amd_xdna2_npu2,baseline_minimal,amd_xdna2_npu2,10,code,completed,stop,34.09481356000106,gen-1789612884-WyrWRvofVCplM3ZDHydB,qwen/qwen3-coder-30b-a3b-instruct,SiliconFlow,2813,1237,4050,10524,0,,,,False,,/home/justin/npu-playground/runs/case-study-v3-openrouter-interrupted-backup-20260917T031835Z/repeat-001/20260917T023536Z/baseline_minimal/833724d1d7b54d66854a000e5d43c9ce/report.json
Qwen,1,baseline_minimal:cuda_tiled_transpose:intel_npu_4000,baseline_minimal,intel_npu_4000,1,code,completed,stop,6.124949052002194,gen-1789613265-Nh5TPOAVsIOI6twqru1r,qwen/qwen3-coder-30b-a3b-instruct,SiliconFlow,886,195,1081,2827,0,,,5936,False,,/home/justin/npu-playground/runs/case-study-v3-openrouter-interrupted-backup-20260917T031835Z/repeat-001/20260917T023536Z/baseline_minimal/9c9a5f2bafc9411c8beaa0d434b49112/report.json
Qwen,1,baseline_minimal:cuda_tiled_transpose:intel_npu_4000,baseline_minimal,intel_npu_4000,2,code,completed,stop,14.449082188999455,gen-1789613272-ejTnaOOLu3az0R5KWNFr,qwen/qwen3-coder-30b-a3b-instruct,SiliconFlow,1722,195,1917,5936,0,,,5887,False,,/home/justin/npu-playground/runs/case-study-v3-openrouter-interrupted-backup-20260917T031835Z/repeat-001/20260917T023536Z/baseline_minimal/9c9a5f2bafc9411c8beaa0d434b49112/report.json
Qwen,1,baseline_minimal:cuda_tiled_transpose:intel_npu_4000,baseline_minimal,intel_npu_4000,3,code,completed,stop,5.88715760299965,gen-1789613287-aDOnOWtG5VuPREkp2NfY,qwen/qwen3-coder-30b-a3b-instruct,SiliconFlow,1716,195,1911,5887,0,,,5887,False,,/home/justin/npu-playground/runs/case-study-v3-openrouter-interrupted-backup-20260917T031835Z/repeat-001/20260917T023536Z/baseline_minimal/9c9a5f2bafc9411c8beaa0d434b49112/report.json
Qwen,1,baseline_minimal:cuda_tiled_transpose:intel_npu_4000,baseline_minimal,intel_npu_4000,4,code,completed,stop,6.262803924000764,gen-1789613294-7ZUhT6ujJ2835cKbH3M2,qwen/qwen3-coder-30b-a3b-instruct,SiliconFlow,1716,198,1914,5887,0,,,5953,False,,/home/justin/npu-playground/runs/case-study-v3-openrouter-interrupted-backup-20260917T031835Z/repeat-001/20260917T023536Z/baseline_minimal/9c9a5f2bafc9411c8beaa0d434b49112/report.json
Qwen,1,baseline_minimal:cuda_tiled_transpose:intel_npu_4000,baseline_minimal,intel_npu_4000,5,code,completed,stop,7.086525078997511,gen-1789613302-CEASWkHupcmuG0T9BHgN,qwen/qwen3-coder-30b-a3b-instruct,SiliconFlow,1733,206,1939,5953,0,,,5948,False,,/home/justin/npu-playground/runs/case-study-v3-openrouter-interrupted-backup-20260917T031835Z/repeat-001/20260917T023536Z/baseline_minimal/9c9a5f2bafc9411c8beaa0d434b49112/report.json
Qwen,1,baseline_minimal:cuda_tiled_transpose:intel_npu_4000,baseline_minimal,intel_npu_4000,6,code,completed,stop,7.784399260999635,gen-1789613310-xKswuSWJMzbcnl64cIJd,qwen/qwen3-coder-30b-a3b-instruct,SiliconFlow,1727,234,1961,5948,0,,,12440,False,,/home/justin/npu-playground/runs/case-study-v3-openrouter-interrupted-backup-20260917T031835Z/repeat-001/20260917T023536Z/baseline_minimal/9c9a5f2bafc9411c8beaa0d434b49112/report.json
Qwen,1,baseline_minimal:cuda_tiled_transpose:intel_npu_4000,baseline_minimal,intel_npu_4000,7,code,completed,stop,20.278352131001157,gen-1789613319-OqjFw7jwTpBJlzTpdRFl,qwen/qwen3-coder-30b-a3b-instruct,SiliconFlow,3651,255,3906,12440,0,,,,False,,/home/justin/npu-playground/runs/case-study-v3-openrouter-interrupted-backup-20260917T031835Z/repeat-001/20260917T023536Z/baseline_minimal/9c9a5f2bafc9411c8beaa0d434b49112/report.json
Qwen,1,baseline_minimal:cuda_vector_add:amd_xdna2_npu2,baseline_minimal,amd_xdna2_npu2,1,code,completed,stop,24.990159414999653,gen-1789613306-OwhRgOeXVzCqkGB3Eju2,qwen/qwen3-coder-30b-a3b-instruct,SiliconFlow,950,878,1828,3135,0,,,8415,False,,/home/justin/npu-playground/runs/case-study-v3-openrouter-interrupted-backup-20260917T031835Z/repeat-001/20260917T023536Z/baseline_minimal/26ad449c49d7460f8ae76144efcd64ec/report.json
Qwen,1,baseline_minimal:cuda_vector_add:amd_xdna2_npu2,baseline_minimal,amd_xdna2_npu2,2,code,completed,stop,26.991195237002103,gen-1789613332-TIfnM09AZfQIjYw5vkNW,qwen/qwen3-coder-30b-a3b-instruct,SiliconFlow,2434,877,3311,8415,0,,,8413,False,,/home/justin/npu-playground/runs/case-study-v3-openrouter-interrupted-backup-20260917T031835Z/repeat-001/20260917T023536Z/baseline_minimal/26ad449c49d7460f8ae76144efcd64ec/report.json
Qwen,1,baseline_minimal:cuda_vector_add:amd_xdna2_npu2,baseline_minimal,amd_xdna2_npu2,3,code,completed,stop,25.215399101998628,gen-1789613360-NVi33OCHgNZph9OpT6nN,qwen/qwen3-coder-30b-a3b-instruct,SiliconFlow,2432,877,3309,8413,0,,,8413,False,,/home/justin/npu-playground/runs/case-study-v3-openrouter-interrupted-backup-20260917T031835Z/repeat-001/20260917T023536Z/baseline_minimal/26ad449c49d7460f8ae76144efcd64ec/report.json
Qwen,1,baseline_minimal:cuda_vector_add:amd_xdna2_npu2,baseline_minimal,amd_xdna2_npu2,4,code,completed,stop,55.83804794200114,gen-1789613386-v91KIrX15m7qgfTecMjL,qwen/qwen3-coder-30b-a3b-instruct,SiliconFlow,2432,877,3309,8413,0,,,8413,False,,/home/justin/npu-playground/runs/case-study-v3-openrouter-interrupted-backup-20260917T031835Z/repeat-001/20260917T023536Z/baseline_minimal/26ad449c49d7460f8ae76144efcd64ec/report.json
Qwen,1,baseline_minimal:cuda_vector_add:amd_xdna2_npu2,baseline_minimal,amd_xdna2_npu2,5,code,completed,stop,24.118698161000793,gen-1789613443-VtjWggnP8zu25rxpivpH,qwen/qwen3-coder-30b-a3b-instruct,SiliconFlow,2432,877,3309,8413,0,,,8413,False,,/home/justin/npu-playground/runs/case-study-v3-openrouter-interrupted-backup-20260917T031835Z/repeat-001/20260917T023536Z/baseline_minimal/26ad449c49d7460f8ae76144efcd64ec/report.json
Qwen,1,baseline_minimal:cuda_vector_add:amd_xdna2_npu2,baseline_minimal,amd_xdna2_npu2,6,code,completed,stop,25.677102857996942,gen-1789613468-QwgfxXXh6LYpQFDeQZ4d,qwen/qwen3-coder-30b-a3b-instruct,SiliconFlow,2432,877,3309,8413,0,,,8413,False,,/home/justin/npu-playground/runs/case-study-v3-openrouter-interrupted-backup-20260917T031835Z/repeat-001/20260917T023536Z/baseline_minimal/26ad449c49d7460f8ae76144efcd64ec/report.json
Qwen,1,baseline_minimal:cuda_vector_add:amd_xdna2_npu2,baseline_minimal,amd_xdna2_npu2,7,code,completed,stop,57.02958515499995,gen-1789613494-oEjinGlDl3lc5cff2C7Y,qwen/qwen3-coder-30b-a3b-instruct,SiliconFlow,2432,877,3309,8413,0,,,8413,False,,/home/justin/npu-playground/runs/case-study-v3-openrouter-interrupted-backup-20260917T031835Z/repeat-001/20260917T023536Z/baseline_minimal/26ad449c49d7460f8ae76144efcd64ec/report.json
Qwen,1,baseline_minimal:cuda_vector_add:amd_xdna2_npu2,baseline_minimal,amd_xdna2_npu2,8,code,completed,stop,30.494939121999778,gen-1789613552-8T5GowS1Ga7uiRggkaSP,qwen/qwen3-coder-30b-a3b-instruct,SiliconFlow,2432,877,3309,8413,0,,,8413,False,,/home/justin/npu-playground/runs/case-study-v3-openrouter-interrupted-backup-20260917T031835Z/repeat-001/20260917T023536Z/baseline_minimal/26ad449c49d7460f8ae76144efcd64ec/report.json
Qwen,1,baseline_minimal:cuda_vector_add:amd_xdna2_npu2,baseline_minimal,amd_xdna2_npu2,9,code,completed,stop,27.36610692999966,gen-1789613584-bAKzQzQMM0jtqrnuBKd9,qwen/qwen3-coder-30b-a3b-instruct,SiliconFlow,2432,877,3309,8413,0,,,8413,False,,/home/justin/npu-playground/runs/case-study-v3-openrouter-interrupted-backup-20260917T031835Z/repeat-001/20260917T023536Z/baseline_minimal/26ad449c49d7460f8ae76144efcd64ec/report.json
Qwen,1,baseline_minimal:cuda_vector_add:amd_xdna2_npu2,baseline_minimal,amd_xdna2_npu2,10,code,completed,stop,38.63835886400193,gen-1789613612-I13669o1nM7U8t9XXeKb,qwen/qwen3-coder-30b-a3b-instruct,SiliconFlow,2432,877,3309,8413,0,,,,False,,/home/justin/npu-playground/runs/case-study-v3-openrouter-interrupted-backup-20260917T031835Z/repeat-001/20260917T023536Z/baseline_minimal/26ad449c49d7460f8ae76144efcd64ec/report.json
Qwen,1,baseline_minimal:cuda_vector_add:intel_npu_4000,baseline_minimal,intel_npu_4000,1,code,completed,stop,6.80681200500112,gen-1789612537-taE0eONZsfUFbc0TgK2b,qwen/qwen3-coder-30b-a3b-instruct,SiliconFlow,865,186,1051,2769,0,,,12181,False,,/home/justin/npu-playground/runs/case-study-v3-openrouter-interrupted-backup-20260917T031835Z/repeat-001/20260917T023536Z/baseline_minimal/f0ec2852b5344c8c990db55348525fc2/report.json
Qwen,1,baseline_minimal:cuda_vector_add:intel_npu_4000,baseline_minimal,intel_npu_4000,2,code,completed,stop,9.800028687001031,gen-1789612545-Nd6y4O8sIH0idJv7H5aL,qwen/qwen3-coder-30b-a3b-instruct,SiliconFlow,3588,214,3802,12181,0,,,,False,,/home/justin/npu-playground/runs/case-study-v3-openrouter-interrupted-backup-20260917T031835Z/repeat-001/20260917T023536Z/baseline_minimal/f0ec2852b5344c8c990db55348525fc2/report.json
Qwen,1,baseline_minimal:hip_gamma_correction:amd_xdna2_npu2,baseline_minimal,amd_xdna2_npu2,1,code,rejected,length,825.192000523999,gen-1789612633-XmPuaTCzVIgY1G5zVw2i,qwen/qwen3-coder-30b-a3b-instruct,SiliconFlow,960,32768,33728,3225,102423,0.01363951456215889,ontrol.hpp>\n#include <aie_api/aie_memory.hpp>\n#include <aie_api/aie_tile.hpp>\n#include <aie_api/aie_vector.hpp>\n#include <aie_api/aie_math.hpp>\n#include <aie_api/aie_utils.hpp,108868,True,OpenRouter structured response rejected: generation ended with length,/home/justin/npu-playground/runs/case-study-v3-openrouter-interrupted-backup-20260917T031835Z/repeat-001/20260917T023536Z/baseline_minimal/9c46877d98574863929b9be1f4182631/report.json
Qwen,1,baseline_minimal:hip_gamma_correction:amd_xdna2_npu2,baseline_minimal,amd_xdna2_npu2,2,code,rejected,length,742.844446436,gen-1789613458-c1cGg54pzY6YdC06oDbI,qwen/qwen3-coder-30b-a3b-instruct,SiliconFlow,36783,32768,69551,108868,102423,0.013629751130117258,trol.hpp>\n#include <aie_api/aie_memory.hpp>\n#include <aie_api/aie_tile.hpp>\n#include <aie_api/aie_vector.hpp>\n#include <aie_api/aie_math.hpp>\n#include <aie_api/aie_utils.hpp>\,108868,True,OpenRouter structured response rejected: generation ended with length,/home/justin/npu-playground/runs/case-study-v3-openrouter-interrupted-backup-20260917T031835Z/repeat-001/20260917T023536Z/baseline_minimal/9c46877d98574863929b9be1f4182631/report.json
Qwen,1,baseline_minimal:hip_gamma_correction:amd_xdna2_npu2,baseline_minimal,amd_xdna2_npu2,3,code,blocked,,,,,,,,,108868,0,,,,False,interrupted provider call: response and exact usage unavailable,/home/justin/npu-playground/runs/case-study-v3-openrouter-interrupted-backup-20260917T031835Z/repeat-001/20260917T023536Z/baseline_minimal/9c46877d98574863929b9be1f4182631/report.json
Qwen,1,baseline_minimal:hip_gamma_correction:intel_npu_4000,baseline_minimal,intel_npu_4000,1,code,completed,stop,9.630207494999922,gen-1789612587-8IdTh1jloQ8D1SVLfmxd,qwen/qwen3-coder-30b-a3b-instruct,SiliconFlow,875,348,1223,2859,0,,,,False,,/home/justin/npu-playground/runs/case-study-v3-openrouter-interrupted-backup-20260917T031835Z/repeat-001/20260917T023536Z/baseline_minimal/c40276b930dd40bfb82acf6ff6af2811/report.json
Qwen,1,baseline_minimal:hip_image_convolution:amd_xdna2_npu2,baseline_minimal,amd_xdna2_npu2,1,code,completed,stop,22.99618885699965,gen-1789613643-kUvh3BQ23qErp9a4Dw5k,qwen/qwen3-coder-30b-a3b-instruct,SiliconFlow,1104,536,1640,3544,0,,,7618,False,,/home/justin/npu-playground/runs/case-study-v3-openrouter-interrupted-backup-20260917T031835Z/repeat-001/20260917T023536Z/baseline_minimal/dc455e73ffff4a92903dd21e48917906/report.json
Qwen,1,baseline_minimal:hip_image_convolution:amd_xdna2_npu2,baseline_minimal,amd_xdna2_npu2,2,code,completed,stop,24.06703071699667,gen-1789613667-ICw4uomasF8IM2b3Ajpa,qwen/qwen3-coder-30b-a3b-instruct,SiliconFlow,2212,798,3010,7618,0,,,8471,False,,/home/justin/npu-playground/runs/case-study-v3-openrouter-interrupted-backup-20260917T031835Z/repeat-001/20260917T023536Z/baseline_minimal/dc455e73ffff4a92903dd21e48917906/report.json
Qwen,1,baseline_minimal:hip_image_convolution:amd_xdna2_npu2,baseline_minimal,amd_xdna2_npu2,3,code,completed,stop,18.48536563900052,gen-1789613691-BawbH8mf150PxrMksO47,qwen/qwen3-coder-30b-a3b-instruct,SiliconFlow,2484,782,3266,8471,0,,,8459,False,,/home/justin/npu-playground/runs/case-study-v3-openrouter-interrupted-backup-20260917T031835Z/repeat-001/20260917T023536Z/baseline_minimal/dc455e73ffff4a92903dd21e48917906/report.json
Qwen,1,baseline_minimal:hip_image_convolution:amd_xdna2_npu2,baseline_minimal,amd_xdna2_npu2,4,code,completed,stop,18.30067465299726,gen-1789613711-sx09mnqTfgEjFAAe92lh,qwen/qwen3-coder-30b-a3b-instruct,SiliconFlow,2468,780,3248,8459,0,,,8457,False,,/home/justin/npu-playground/runs/case-study-v3-openrouter-interrupted-backup-20260917T031835Z/repeat-001/20260917T023536Z/baseline_minimal/dc455e73ffff4a92903dd21e48917906/report.json
Qwen,1,baseline_minimal:hip_image_convolution:amd_xdna2_npu2,baseline_minimal,amd_xdna2_npu2,5,code,completed,stop,20.206921778000833,gen-1789613730-ywrNn0SRhkuvuCEzcJVc,qwen/qwen3-coder-30b-a3b-instruct,SiliconFlow,2466,780,3246,8457,0,,,8457,False,,/home/justin/npu-playground/runs/case-study-v3-openrouter-interrupted-backup-20260917T031835Z/repeat-001/20260917T023536Z/baseline_minimal/dc455e73ffff4a92903dd21e48917906/report.json
Qwen,1,baseline_minimal:hip_image_convolution:amd_xdna2_npu2,baseline_minimal,amd_xdna2_npu2,6,code,completed,stop,35.209450762002234,gen-1789613751-AccOjoUUwKAF02zMYtDR,qwen/qwen3-coder-30b-a3b-instruct,SiliconFlow,2466,780,3246,8457,0,,,8457,False,,/home/justin/npu-playground/runs/case-study-v3-openrouter-interrupted-backup-20260917T031835Z/repeat-001/20260917T023536Z/baseline_minimal/dc455e73ffff4a92903dd21e48917906/report.json
Qwen,1,baseline_minimal:hip_image_convolution:amd_xdna2_npu2,baseline_minimal,amd_xdna2_npu2,7,code,completed,stop,19.547450201000174,gen-1789613787-p2WRT9mwY2dtLNNhaQ2I,qwen/qwen3-coder-30b-a3b-instruct,SiliconFlow,2466,780,3246,8457,0,,,8457,False,,/home/justin/npu-playground/runs/case-study-v3-openrouter-interrupted-backup-20260917T031835Z/repeat-001/20260917T023536Z/baseline_minimal/dc455e73ffff4a92903dd21e48917906/report.json
Qwen,1,baseline_minimal:hip_image_convolution:amd_xdna2_npu2,baseline_minimal,amd_xdna2_npu2,8,code,completed,stop,19.85367291700095,gen-1789613808-fHCX99D6gIwUg2wfxpz8,qwen/qwen3-coder-30b-a3b-instruct,SiliconFlow,2466,780,3246,8457,0,,,8457,False,,/home/justin/npu-playground/runs/case-study-v3-openrouter-interrupted-backup-20260917T031835Z/repeat-001/20260917T023536Z/baseline_minimal/dc455e73ffff4a92903dd21e48917906/report.json
Qwen,1,baseline_minimal:hip_image_convolution:amd_xdna2_npu2,baseline_minimal,amd_xdna2_npu2,9,code,completed,stop,25.897131797999464,gen-1789613829-EakpauHLsDqUwcHQgXbv,qwen/qwen3-coder-30b-a3b-instruct,SiliconFlow,2466,780,3246,8457,0,,,8457,False,,/home/justin/npu-playground/runs/case-study-v3-openrouter-interrupted-backup-20260917T031835Z/repeat-001/20260917T023536Z/baseline_minimal/dc455e73ffff4a92903dd21e48917906/report.json
Qwen,1,baseline_minimal:hip_image_convolution:amd_xdna2_npu2,baseline_minimal,amd_xdna2_npu2,10,code,completed,stop,19.378994438000518,gen-1789613856-peBrXm750QUU4xg8hq56,qwen/qwen3-coder-30b-a3b-instruct,SiliconFlow,2466,780,3246,8457,0,,,,False,,/home/justin/npu-playground/runs/case-study-v3-openrouter-interrupted-backup-20260917T031835Z/repeat-001/20260917T023536Z/baseline_minimal/dc455e73ffff4a92903dd21e48917906/report.json
Qwen,1,baseline_minimal:hip_image_convolution:intel_npu_4000,baseline_minimal,intel_npu_4000,1,code,completed,stop,10.07525064100264,gen-1789613475-PecYluN8yuRTcjBmJLqO,qwen/qwen3-coder-30b-a3b-instruct,SiliconFlow,1019,297,1316,3178,0,,,6409,False,,/home/justin/npu-playground/runs/case-study-v3-openrouter-interrupted-backup-20260917T031835Z/repeat-001/20260917T023536Z/baseline_minimal/2630f4c2e55e43148e3d3d20763466c0/report.json
Qwen,1,baseline_minimal:hip_image_convolution:intel_npu_4000,baseline_minimal,intel_npu_4000,2,code,completed,stop,11.771828027998708,gen-1789613486-DOaFOrqcLaDwS3H1jXut,qwen/qwen3-coder-30b-a3b-instruct,SiliconFlow,1905,295,2200,6409,0,,,6409,False,,/home/justin/npu-playground/runs/case-study-v3-openrouter-interrupted-backup-20260917T031835Z/repeat-001/20260917T023536Z/baseline_minimal/2630f4c2e55e43148e3d3d20763466c0/report.json
Qwen,1,baseline_minimal:hip_image_convolution:intel_npu_4000,baseline_minimal,intel_npu_4000,3,code,completed,stop,38.38134380399788,gen-1789613499-KR3vnIvpUzHjsH0kzol0,qwen/qwen3-coder-30b-a3b-instruct,SiliconFlow,1905,295,2200,6409,0,,,6409,False,,/home/justin/npu-playground/runs/case-study-v3-openrouter-interrupted-backup-20260917T031835Z/repeat-001/20260917T023536Z/baseline_minimal/2630f4c2e55e43148e3d3d20763466c0/report.json
Qwen,1,baseline_minimal:hip_image_convolution:intel_npu_4000,baseline_minimal,intel_npu_4000,4,code,completed,stop,11.265265725000063,gen-1789613539-iS9uQdcw48xBklSgroO8,qwen/qwen3-coder-30b-a3b-instruct,SiliconFlow,1905,295,2200,6409,0,,,6409,False,,/home/justin/npu-playground/runs/case-study-v3-openrouter-interrupted-backup-20260917T031835Z/repeat-001/20260917T023536Z/baseline_minimal/2630f4c2e55e43148e3d3d20763466c0/report.json
Qwen,1,baseline_minimal:hip_image_convolution:intel_npu_4000,baseline_minimal,intel_npu_4000,5,code,completed,stop,8.839174566997826,gen-1789613551-1KS4FJ0Od88lS8gyQuUo,qwen/qwen3-coder-30b-a3b-instruct,SiliconFlow,1905,295,2200,6409,0,,,6409,False,,/home/justin/npu-playground/runs/case-study-v3-openrouter-interrupted-backup-20260917T031835Z/repeat-001/20260917T023536Z/baseline_minimal/2630f4c2e55e43148e3d3d20763466c0/report.json
Qwen,1,baseline_minimal:hip_image_convolution:intel_npu_4000,baseline_minimal,intel_npu_4000,6,code,completed,stop,7.8251331279971055,gen-1789613561-cHikr6ySHiTZbQvB52sa,qwen/qwen3-coder-30b-a3b-instruct,SiliconFlow,1905,295,2200,6409,0,,,6409,False,,/home/justin/npu-playground/runs/case-study-v3-openrouter-interrupted-backup-20260917T031835Z/repeat-001/20260917T023536Z/baseline_minimal/2630f4c2e55e43148e3d3d20763466c0/report.json
Qwen,1,baseline_minimal:hip_image_convolution:intel_npu_4000,baseline_minimal,intel_npu_4000,7,code,completed,stop,29.04959988400151,gen-1789613570-5RVyadvh2eCisyg5bFzy,qwen/qwen3-coder-30b-a3b-instruct,SiliconFlow,1905,295,2200,6409,0,,,6409,False,,/home/justin/npu-playground/runs/case-study-v3-openrouter-interrupted-backup-20260917T031835Z/repeat-001/20260917T023536Z/baseline_minimal/2630f4c2e55e43148e3d3d20763466c0/report.json
Qwen,1,baseline_minimal:hip_image_convolution:intel_npu_4000,baseline_minimal,intel_npu_4000,8,code,completed,stop,10.997657002000778,gen-1789613600-sJRiXDcE5m2q8uteQ5A8,qwen/qwen3-coder-30b-a3b-instruct,SiliconFlow,1905,295,2200,6409,0,,,6409,False,,/home/justin/npu-playground/runs/case-study-v3-openrouter-interrupted-backup-20260917T031835Z/repeat-001/20260917T023536Z/baseline_minimal/2630f4c2e55e43148e3d3d20763466c0/report.json
Qwen,1,baseline_minimal:hip_image_convolution:intel_npu_4000,baseline_minimal,intel_npu_4000,9,code,completed,stop,15.019963421000284,gen-1789613613-V84wFK2wRC6RlpdJl9nX,qwen/qwen3-coder-30b-a3b-instruct,SiliconFlow,1905,295,2200,6409,0,,,6409,False,,/home/justin/npu-playground/runs/case-study-v3-openrouter-interrupted-backup-20260917T031835Z/repeat-001/20260917T023536Z/baseline_minimal/2630f4c2e55e43148e3d3d20763466c0/report.json
Qwen,1,baseline_minimal:hip_image_convolution:intel_npu_4000,baseline_minimal,intel_npu_4000,10,code,completed,stop,13.810060089999752,gen-1789613629-8LJisNY7NzZeyhAsiQTv,qwen/qwen3-coder-30b-a3b-instruct,SiliconFlow,1905,295,2200,6409,0,,,,False,,/home/justin/npu-playground/runs/case-study-v3-openrouter-interrupted-backup-20260917T031835Z/repeat-001/20260917T023536Z/baseline_minimal/2630f4c2e55e43148e3d3d20763466c0/report.json
Qwen,1,baseline_minimal:hip_moving_average:amd_xdna2_npu2,baseline_minimal,amd_xdna2_npu2,1,code,rejected,length,816.2836428230003,gen-1789612566-k69BDVxyeIkSXJgqE6XI,qwen/qwen3-coder-30b-a3b-instruct,SiliconFlow,967,32768,33735,3228,98334,0.0051762360933146215,.func\n@func.func\n@func.func\n@func.func\n@func.func\n@func.func\n@func.func\n@func.func\n@func.func\n@func.func\n@func.func\n@func.func\n@func.func\n@func.func\n@func.func\n@func,109873,True,OpenRouter structured response rejected: generation ended with length,/home/justin/npu-playground/runs/case-study-v3-openrouter-interrupted-backup-20260917T031835Z/repeat-001/20260917T023536Z/baseline_minimal/051740ba516a4fb09cd815d54145c7cb/report.json
Qwen,1,baseline_minimal:hip_moving_average:amd_xdna2_npu2,baseline_minimal,amd_xdna2_npu2,2,code,completed,stop,29.580141135000304,gen-1789613382-HjzXHuJgnKGlzrPT9DRK,qwen/qwen3-coder-30b-a3b-instruct,SiliconFlow,41937,596,42533,109873,0,,,7193,False,,/home/justin/npu-playground/runs/case-study-v3-openrouter-interrupted-backup-20260917T031835Z/repeat-001/20260917T023536Z/baseline_minimal/051740ba516a4fb09cd815d54145c7cb/report.json
Qwen,1,baseline_minimal:hip_moving_average:amd_xdna2_npu2,baseline_minimal,amd_xdna2_npu2,3,code,completed,stop,22.665062770000077,gen-1789613412-kvDnTokGm0rt42yg2gyf,qwen/qwen3-coder-30b-a3b-instruct,SiliconFlow,2135,787,2922,7193,0,,,8006,False,,/home/justin/npu-playground/runs/case-study-v3-openrouter-interrupted-backup-20260917T031835Z/repeat-001/20260917T023536Z/baseline_minimal/051740ba516a4fb09cd815d54145c7cb/report.json
Qwen,1,baseline_minimal:hip_moving_average:amd_xdna2_npu2,baseline_minimal,amd_xdna2_npu2,4,code,completed,stop,38.66559731000234,gen-1789613436-iTKoHyfCKZDtnhvAvPHf,qwen/qwen3-coder-30b-a3b-instruct,SiliconFlow,2336,806,3142,8006,0,,,8073,False,,/home/justin/npu-playground/runs/case-study-v3-openrouter-interrupted-backup-20260917T031835Z/repeat-001/20260917T023536Z/baseline_minimal/051740ba516a4fb09cd815d54145c7cb/report.json
Qwen,1,baseline_minimal:hip_moving_average:amd_xdna2_npu2,baseline_minimal,amd_xdna2_npu2,5,code,completed,stop,22.233342817999073,gen-1789613476-XyS0JMHfVnyY00MK9PT8,qwen/qwen3-coder-30b-a3b-instruct,SiliconFlow,2355,806,3161,8073,0,,,8073,False,,/home/justin/npu-playground/runs/case-study-v3-openrouter-interrupted-backup-20260917T031835Z/repeat-001/20260917T023536Z/baseline_minimal/051740ba516a4fb09cd815d54145c7cb/report.json
Qwen,1,baseline_minimal:hip_moving_average:amd_xdna2_npu2,baseline_minimal,amd_xdna2_npu2,6,code,completed,stop,54.69950504600274,gen-1789613499-Rx2R5dxZgexFxpk0mzlH,qwen/qwen3-coder-30b-a3b-instruct,SiliconFlow,2355,806,3161,8073,0,,,8073,False,,/home/justin/npu-playground/runs/case-study-v3-openrouter-interrupted-backup-20260917T031835Z/repeat-001/20260917T023536Z/baseline_minimal/051740ba516a4fb09cd815d54145c7cb/report.json
Qwen,1,baseline_minimal:hip_moving_average:amd_xdna2_npu2,baseline_minimal,amd_xdna2_npu2,7,code,completed,stop,19.193782062000537,gen-1789613554-tR71GyoyUBwJjuvPYrtR,qwen/qwen3-coder-30b-a3b-instruct,SiliconFlow,2355,806,3161,8073,0,,,8073,False,,/home/justin/npu-playground/runs/case-study-v3-openrouter-interrupted-backup-20260917T031835Z/repeat-001/20260917T023536Z/baseline_minimal/051740ba516a4fb09cd815d54145c7cb/report.json
Qwen,1,baseline_minimal:hip_moving_average:amd_xdna2_npu2,baseline_minimal,amd_xdna2_npu2,8,code,completed,stop,19.72540841499722,gen-1789613575-59SBzYEVXufQAi0jk2tI,qwen/qwen3-coder-30b-a3b-instruct,SiliconFlow,2355,806,3161,8073,0,,,8073,False,,/home/justin/npu-playground/runs/case-study-v3-openrouter-interrupted-backup-20260917T031835Z/repeat-001/20260917T023536Z/baseline_minimal/051740ba516a4fb09cd815d54145c7cb/report.json
Qwen,1,baseline_minimal:hip_moving_average:amd_xdna2_npu2,baseline_minimal,amd_xdna2_npu2,9,code,completed,stop,24.664528910998342,gen-1789613595-IZvBJqliucPTNTqd4XM4,qwen/qwen3-coder-30b-a3b-instruct,SiliconFlow,2355,806,3161,8073,0,,,8073,False,,/home/justin/npu-playground/runs/case-study-v3-openrouter-interrupted-backup-20260917T031835Z/repeat-001/20260917T023536Z/baseline_minimal/051740ba516a4fb09cd815d54145c7cb/report.json
Qwen,1,baseline_minimal:hip_moving_average:amd_xdna2_npu2,baseline_minimal,amd_xdna2_npu2,10,code,completed,stop,21.087229063999985,gen-1789613621-IsRpBU2VEqUUDwNqhTAp,qwen/qwen3-coder-30b-a3b-instruct,SiliconFlow,2355,806,3161,8073,0,,,,False,,/home/justin/npu-playground/runs/case-study-v3-openrouter-interrupted-backup-20260917T031835Z/repeat-001/20260917T023536Z/baseline_minimal/051740ba516a4fb09cd815d54145c7cb/report.json
Qwen,1,baseline_minimal:hip_moving_average:intel_npu_4000,baseline_minimal,intel_npu_4000,1,code,completed,stop,35.886421557002905,gen-1789613298-GEPcSDpmHHflFmXewRuh,qwen/qwen3-coder-30b-a3b-instruct,SiliconFlow,882,602,1484,2862,0,,,6873,False,,/home/justin/npu-playground/runs/case-study-v3-openrouter-interrupted-backup-20260917T031835Z/repeat-001/20260917T023536Z/baseline_minimal/81a1baaf50604243b1911f8ba6e9f4fd/report.json
Qwen,1,baseline_minimal:hip_moving_average:intel_npu_4000,baseline_minimal,intel_npu_4000,2,code,completed,stop,13.687443564002024,gen-1789613335-ZttkPcFfPXRJB6S4doP9,qwen/qwen3-coder-30b-a3b-instruct,SiliconFlow,1975,433,2408,6873,0,,,6827,False,,/home/justin/npu-playground/runs/case-study-v3-openrouter-interrupted-backup-20260917T031835Z/repeat-001/20260917T023536Z/baseline_minimal/81a1baaf50604243b1911f8ba6e9f4fd/report.json
Qwen,1,baseline_minimal:hip_moving_average:intel_npu_4000,baseline_minimal,intel_npu_4000,3,code,completed,stop,13.446812963000411,gen-1789613350-9DhqaKncWJudlm8GWadW,qwen/qwen3-coder-30b-a3b-instruct,SiliconFlow,1992,473,2465,6827,0,,,6925,False,,/home/justin/npu-playground/runs/case-study-v3-openrouter-interrupted-backup-20260917T031835Z/repeat-001/20260917T023536Z/baseline_minimal/81a1baaf50604243b1911f8ba6e9f4fd/report.json
Qwen,1,baseline_minimal:hip_moving_average:intel_npu_4000,baseline_minimal,intel_npu_4000,4,code,completed,stop,39.49114390699833,gen-1789613364-OwK2f7UP5gdi9XOWxkLP,qwen/qwen3-coder-30b-a3b-instruct,SiliconFlow,2002,457,2459,6925,0,,,6786,False,,/home/justin/npu-playground/runs/case-study-v3-openrouter-interrupted-backup-20260917T031835Z/repeat-001/20260917T023536Z/baseline_minimal/81a1baaf50604243b1911f8ba6e9f4fd/report.json
Qwen,1,baseline_minimal:hip_moving_average:intel_npu_4000,baseline_minimal,intel_npu_4000,5,code,completed,stop,29.044724385003065,gen-1789613405-dFu1iu4i9fclv4en0h7q,qwen/qwen3-coder-30b-a3b-instruct,SiliconFlow,1970,461,2431,6786,0,,,6861,False,,/home/justin/npu-playground/runs/case-study-v3-openrouter-interrupted-backup-20260917T031835Z/repeat-001/20260917T023536Z/baseline_minimal/81a1baaf50604243b1911f8ba6e9f4fd/report.json
Qwen,1,baseline_minimal:hip_moving_average:intel_npu_4000,baseline_minimal,intel_npu_4000,6,code,completed,stop,18.60544253599801,gen-1789613435-pqkB4vwYYOZDfRag4zio,qwen/qwen3-coder-30b-a3b-instruct,SiliconFlow,1990,457,2447,6861,0,,,6786,False,,/home/justin/npu-playground/runs/case-study-v3-openrouter-interrupted-backup-20260917T031835Z/repeat-001/20260917T023536Z/baseline_minimal/81a1baaf50604243b1911f8ba6e9f4fd/report.json
Qwen,1,baseline_minimal:hip_moving_average:intel_npu_4000,baseline_minimal,intel_npu_4000,7,code,completed,stop,11.399478652998368,gen-1789613455-hNn0EQOuuqdSz1O93e00,qwen/qwen3-coder-30b-a3b-instruct,SiliconFlow,1970,470,2440,6786,0,,,6944,False,,/home/justin/npu-playground/runs/case-study-v3-openrouter-interrupted-backup-20260917T031835Z/repeat-001/20260917T023536Z/baseline_minimal/81a1baaf50604243b1911f8ba6e9f4fd/report.json
Qwen,1,baseline_minimal:hip_moving_average:intel_npu_4000,baseline_minimal,intel_npu_4000,8,code,completed,stop,18.009558205998474,gen-1789613467-QIN3QCCAOHR0f009F07I,qwen/qwen3-coder-30b-a3b-instruct,SiliconFlow,2029,474,2503,6944,0,,,8622,False,,/home/justin/npu-playground/runs/case-study-v3-openrouter-interrupted-backup-20260917T031835Z/repeat-001/20260917T023536Z/baseline_minimal/81a1baaf50604243b1911f8ba6e9f4fd/report.json
Qwen,1,baseline_minimal:hip_moving_average:intel_npu_4000,baseline_minimal,intel_npu_4000,9,code,completed,stop,16.745951123997656,gen-1789613486-nWfqwWyLanjFYJYiQuga,qwen/qwen3-coder-30b-a3b-instruct,SiliconFlow,2585,474,3059,8622,0,,,8622,False,,/home/justin/npu-playground/runs/case-study-v3-openrouter-interrupted-backup-20260917T031835Z/repeat-001/20260917T023536Z/baseline_minimal/81a1baaf50604243b1911f8ba6e9f4fd/report.json
Qwen,1,baseline_minimal:hip_moving_average:intel_npu_4000,baseline_minimal,intel_npu_4000,10,code,completed,stop,12.481454757002211,gen-1789613504-xAOcxcp7qQp5ooOxyToi,qwen/qwen3-coder-30b-a3b-instruct,SiliconFlow,2585,442,3027,8622,0,,,,False,,/home/justin/npu-playground/runs/case-study-v3-openrouter-interrupted-backup-20260917T031835Z/repeat-001/20260917T023536Z/baseline_minimal/81a1baaf50604243b1911f8ba6e9f4fd/report.json
Qwen,1,baseline_minimal:triton_fused_attention:amd_xdna2_npu2,baseline_minimal,amd_xdna2_npu2,1,code,completed,stop,44.38917571899947,gen-1789613341-As0p7gGvJAmBSdSEQU1c,qwen/qwen3-coder-30b-a3b-instruct,SiliconFlow,1181,985,2166,4030,0,,,9129,False,,/home/justin/npu-playground/runs/case-study-v3-openrouter-interrupted-backup-20260917T031835Z/repeat-001/20260917T023536Z/baseline_minimal/ff477e08ae4b445592d194e97a28aed2/report.json
Qwen,1,baseline_minimal:triton_fused_attention:amd_xdna2_npu2,baseline_minimal,amd_xdna2_npu2,2,code,completed,stop,32.434960450998915,gen-1789613386-cMWZOvtl5qhiABsu9sEI,qwen/qwen3-coder-30b-a3b-instruct,SiliconFlow,2726,868,3594,9129,0,,,8789,False,,/home/justin/npu-playground/runs/case-study-v3-openrouter-interrupted-backup-20260917T031835Z/repeat-001/20260917T023536Z/baseline_minimal/ff477e08ae4b445592d194e97a28aed2/report.json
Qwen,1,baseline_minimal:triton_fused_attention:amd_xdna2_npu2,baseline_minimal,amd_xdna2_npu2,3,code,completed,stop,33.82739169999695,gen-1789613420-UXRiakQ1C2G9o73vaBQn,qwen/qwen3-coder-30b-a3b-instruct,SiliconFlow,2611,868,3479,8789,0,,,8789,False,,/home/justin/npu-playground/runs/case-study-v3-openrouter-interrupted-backup-20260917T031835Z/repeat-001/20260917T023536Z/baseline_minimal/ff477e08ae4b445592d194e97a28aed2/report.json
Qwen,1,baseline_minimal:triton_fused_attention:amd_xdna2_npu2,baseline_minimal,amd_xdna2_npu2,4,code,completed,stop,52.24798080999972,gen-1789613455-YRsR8HAAn057grqy4WPP,qwen/qwen3-coder-30b-a3b-instruct,SiliconFlow,2611,868,3479,8789,0,,,8789,False,,/home/justin/npu-playground/runs/case-study-v3-openrouter-interrupted-backup-20260917T031835Z/repeat-001/20260917T023536Z/baseline_minimal/ff477e08ae4b445592d194e97a28aed2/report.json
Qwen,1,baseline_minimal:triton_fused_attention:amd_xdna2_npu2,baseline_minimal,amd_xdna2_npu2,5,code,completed,stop,39.6823560619996,gen-1789613508-PPHs1EfZ4nmxtYgYmcfO,qwen/qwen3-coder-30b-a3b-instruct,SiliconFlow,2611,868,3479,8789,0,,,8793,False,,/home/justin/npu-playground/runs/case-study-v3-openrouter-interrupted-backup-20260917T031835Z/repeat-001/20260917T023536Z/baseline_minimal/ff477e08ae4b445592d194e97a28aed2/report.json
Qwen,1,baseline_minimal:triton_fused_attention:amd_xdna2_npu2,baseline_minimal,amd_xdna2_npu2,6,code,completed,stop,20.123150846997305,gen-1789613548-mjj6pBsIrPn7jhyLh5Q1,qwen/qwen3-coder-30b-a3b-instruct,SiliconFlow,2611,872,3483,8793,0,,,8884,False,,/home/justin/npu-playground/runs/case-study-v3-openrouter-interrupted-backup-20260917T031835Z/repeat-001/20260917T023536Z/baseline_minimal/ff477e08ae4b445592d194e97a28aed2/report.json
Qwen,1,baseline_minimal:triton_fused_attention:amd_xdna2_npu2,baseline_minimal,amd_xdna2_npu2,7,code,completed,stop,49.10895349099883,gen-1789613569-NFtWkbtwhhNxUbLS1WrA,qwen/qwen3-coder-30b-a3b-instruct,SiliconFlow,2655,856,3511,8884,0,,,8875,False,,/home/justin/npu-playground/runs/case-study-v3-openrouter-interrupted-backup-20260917T031835Z/repeat-001/20260917T023536Z/baseline_minimal/ff477e08ae4b445592d194e97a28aed2/report.json
Qwen,1,baseline_minimal:triton_fused_attention:amd_xdna2_npu2,baseline_minimal,amd_xdna2_npu2,8,code,completed,stop,28.05721716700282,gen-1789613619-LTEn8TVDOtOgbEGfKE2e,qwen/qwen3-coder-30b-a3b-instruct,SiliconFlow,2647,870,3517,8875,0,,,8918,False,,/home/justin/npu-playground/runs/case-study-v3-openrouter-interrupted-backup-20260917T031835Z/repeat-001/20260917T023536Z/baseline_minimal/ff477e08ae4b445592d194e97a28aed2/report.json
Qwen,1,baseline_minimal:triton_fused_attention:amd_xdna2_npu2,baseline_minimal,amd_xdna2_npu2,9,code,completed,stop,28.04481896099969,gen-1789613648-KWmN2qAl8Ghgit8FUoLa,qwen/qwen3-coder-30b-a3b-instruct,SiliconFlow,2661,870,3531,8918,0,,,8918,False,,/home/justin/npu-playground/runs/case-study-v3-openrouter-interrupted-backup-20260917T031835Z/repeat-001/20260917T023536Z/baseline_minimal/ff477e08ae4b445592d194e97a28aed2/report.json
Qwen,1,baseline_minimal:triton_fused_attention:amd_xdna2_npu2,baseline_minimal,amd_xdna2_npu2,10,code,completed,stop,19.877286400998855,gen-1789613677-EmDFWVRRrStbCddf7Fku,qwen/qwen3-coder-30b-a3b-instruct,SiliconFlow,2661,870,3531,8918,0,,,,False,,/home/justin/npu-playground/runs/case-study-v3-openrouter-interrupted-backup-20260917T031835Z/repeat-001/20260917T023536Z/baseline_minimal/ff477e08ae4b445592d194e97a28aed2/report.json
Qwen,1,baseline_minimal:triton_fused_attention:intel_npu_4000,baseline_minimal,intel_npu_4000,1,code,completed,stop,16.65035160700063,gen-1789612537-rNyXlocHK7w5CRgR94QQ,qwen/qwen3-coder-30b-a3b-instruct,SiliconFlow,1096,537,1633,3664,0,,,7881,False,,/home/justin/npu-playground/runs/case-study-v3-openrouter-interrupted-backup-20260917T031835Z/repeat-001/20260917T023536Z/baseline_minimal/f3cb1f33ad0c4bdaaa0b353088e09df9/report.json
Qwen,1,baseline_minimal:triton_fused_attention:intel_npu_4000,baseline_minimal,intel_npu_4000,2,code,completed,stop,19.01044790800006,gen-1789612555-J4OYSrwH9ACIAizMQFYB,qwen/qwen3-coder-30b-a3b-instruct,SiliconFlow,2272,540,2812,7881,0,,,7898,False,,/home/justin/npu-playground/runs/case-study-v3-openrouter-interrupted-backup-20260917T031835Z/repeat-001/20260917T023536Z/baseline_minimal/f3cb1f33ad0c4bdaaa0b353088e09df9/report.json
Qwen,1,baseline_minimal:triton_fused_attention:intel_npu_4000,baseline_minimal,intel_npu_4000,3,code,completed,stop,13.282534645000851,gen-1789612575-rv7JxLFLOsrDAg6qssVQ,qwen/qwen3-coder-30b-a3b-instruct,SiliconFlow,2281,537,2818,7898,0,,,7832,False,,/home/justin/npu-playground/runs/case-study-v3-openrouter-interrupted-backup-20260917T031835Z/repeat-001/20260917T023536Z/baseline_minimal/f3cb1f33ad0c4bdaaa0b353088e09df9/report.json
Qwen,1,baseline_minimal:triton_fused_attention:intel_npu_4000,baseline_minimal,intel_npu_4000,4,code,completed,stop,13.369206301002123,gen-1789612589-zeRoMZ8RQPDcNDh9mrtn,qwen/qwen3-coder-30b-a3b-instruct,SiliconFlow,2266,538,2804,7832,0,,,7896,False,,/home/justin/npu-playground/runs/case-study-v3-openrouter-interrupted-backup-20260917T031835Z/repeat-001/20260917T023536Z/baseline_minimal/f3cb1f33ad0c4bdaaa0b353088e09df9/report.json
Qwen,1,baseline_minimal:triton_fused_attention:intel_npu_4000,baseline_minimal,intel_npu_4000,5,code,completed,stop,13.563823555999988,gen-1789612604-reWP3lsmFB6S0vsKzRBD,qwen/qwen3-coder-30b-a3b-instruct,SiliconFlow,2279,535,2814,7896,0,,,7879,False,,/home/justin/npu-playground/runs/case-study-v3-openrouter-interrupted-backup-20260917T031835Z/repeat-001/20260917T023536Z/baseline_minimal/f3cb1f33ad0c4bdaaa0b353088e09df9/report.json
Qwen,1,baseline_minimal:triton_fused_attention:intel_npu_4000,baseline_minimal,intel_npu_4000,6,code,completed,stop,13.506735215996741,gen-1789612618-SSt69nemAR6aubyqNshy,qwen/qwen3-coder-30b-a3b-instruct,SiliconFlow,2270,538,2808,7879,0,,,7896,False,,/home/justin/npu-playground/runs/case-study-v3-openrouter-interrupted-backup-20260917T031835Z/repeat-001/20260917T023536Z/baseline_minimal/f3cb1f33ad0c4bdaaa0b353088e09df9/report.json
Qwen,1,baseline_minimal:triton_fused_attention:intel_npu_4000,baseline_minimal,intel_npu_4000,7,code,completed,stop,18.443795564002357,gen-1789612633-RbJVuRJyp0ELGMBt72an,qwen/qwen3-coder-30b-a3b-instruct,SiliconFlow,2279,535,2814,7896,0,,,7830,False,,/home/justin/npu-playground/runs/case-study-v3-openrouter-interrupted-backup-20260917T031835Z/repeat-001/20260917T023536Z/baseline_minimal/f3cb1f33ad0c4bdaaa0b353088e09df9/report.json
Qwen,1,baseline_minimal:triton_fused_attention:intel_npu_4000,baseline_minimal,intel_npu_4000,8,code,completed,stop,15.743322972000897,gen-1789612653-Sgh0YmZ3y4w981u5fp6T,qwen/qwen3-coder-30b-a3b-instruct,SiliconFlow,2264,538,2802,7830,0,,,7896,False,,/home/justin/npu-playground/runs/case-study-v3-openrouter-interrupted-backup-20260917T031835Z/repeat-001/20260917T023536Z/baseline_minimal/f3cb1f33ad0c4bdaaa0b353088e09df9/report.json
Qwen,1,baseline_minimal:triton_fused_attention:intel_npu_4000,baseline_minimal,intel_npu_4000,9,code,completed,stop,14.320527193998714,gen-1789612670-qNoR0pL7UK5rvImyEum6,qwen/qwen3-coder-30b-a3b-instruct,SiliconFlow,2279,535,2814,7896,0,,,7879,False,,/home/justin/npu-playground/runs/case-study-v3-openrouter-interrupted-backup-20260917T031835Z/repeat-001/20260917T023536Z/baseline_minimal/f3cb1f33ad0c4bdaaa0b353088e09df9/report.json
Qwen,1,baseline_minimal:triton_fused_attention:intel_npu_4000,baseline_minimal,intel_npu_4000,10,code,completed,stop,12.358453386998008,gen-1789612685-2LxcLikBeFafMsZYdWgt,qwen/qwen3-coder-30b-a3b-instruct,SiliconFlow,2270,538,2808,7879,0,,,,False,,/home/justin/npu-playground/runs/case-study-v3-openrouter-interrupted-backup-20260917T031835Z/repeat-001/20260917T023536Z/baseline_minimal/f3cb1f33ad0c4bdaaa0b353088e09df9/report.json
Qwen,1,baseline_minimal:triton_fused_softmax:amd_xdna2_npu2,baseline_minimal,amd_xdna2_npu2,1,code,rejected,error,581.5579049100015,gen-1789612537-E8fTpanj9GNjqeZuWxfS,qwen/qwen3-coder-30b-a3b-instruct,SiliconFlow,947,13168,14115,3273,39888,0.0692940232651424,pl_v752.hpp>\n#include <aie_api/aie_vector_utils_impl_v753.hpp>\n#include <aie_api/aie_vector_utils_impl_v754.hpp>\n#include <aie_api/aie_vector_utils_impl_v755.hpp>\n#include <aie,44170,True,OpenRouter structured response rejected: generation ended with error,/home/justin/npu-playground/runs/case-study-v3-openrouter-interrupted-backup-20260917T031835Z/repeat-001/20260917T023536Z/baseline_minimal/b49b4ca372704a86aac152997af8781d/report.json
Qwen,1,baseline_minimal:triton_fused_softmax:amd_xdna2_npu2,baseline_minimal,amd_xdna2_npu2,2,code,completed,stop,476.92911705200095,gen-1789613118-pa8BQDl3SsIdZzJnJDdT,qwen/qwen3-coder-30b-a3b-instruct,SiliconFlow,14969,17630,32599,44170,0,,,60075,False,,/home/justin/npu-playground/runs/case-study-v3-openrouter-interrupted-backup-20260917T031835Z/repeat-001/20260917T023536Z/baseline_minimal/b49b4ca372704a86aac152997af8781d/report.json
Qwen,1,baseline_minimal:triton_fused_softmax:amd_xdna2_npu2,baseline_minimal,amd_xdna2_npu2,3,code,completed,stop,24.173024699000962,gen-1789613596-TC1WbHgmm5BAa1jstjP7,qwen/qwen3-coder-30b-a3b-instruct,SiliconFlow,19563,752,20315,60075,0,,,9231,False,,/home/justin/npu-playground/runs/case-study-v3-openrouter-interrupted-backup-20260917T031835Z/repeat-001/20260917T023536Z/baseline_minimal/b49b4ca372704a86aac152997af8781d/report.json
Qwen,1,baseline_minimal:triton_fused_softmax:amd_xdna2_npu2,baseline_minimal,amd_xdna2_npu2,4,code,completed,stop,17.690361380999093,gen-1789613621-wDuap5SI5IwoYh9h5DCz,qwen/qwen3-coder-30b-a3b-instruct,SiliconFlow,2685,752,3437,9231,0,,,9231,False,,/home/justin/npu-playground/runs/case-study-v3-openrouter-interrupted-backup-20260917T031835Z/repeat-001/20260917T023536Z/baseline_minimal/b49b4ca372704a86aac152997af8781d/report.json
Qwen,1,baseline_minimal:triton_fused_softmax:amd_xdna2_npu2,baseline_minimal,amd_xdna2_npu2,5,code,completed,stop,85.06885329500074,gen-1789613640-T3H2PJJXYFgTg5b9elW5,qwen/qwen3-coder-30b-a3b-instruct,SiliconFlow,2685,1535,4220,9231,0,,,10062,False,,/home/justin/npu-playground/runs/case-study-v3-openrouter-interrupted-backup-20260917T031835Z/repeat-001/20260917T023536Z/baseline_minimal/b49b4ca372704a86aac152997af8781d/report.json
Qwen,1,baseline_minimal:triton_fused_softmax:amd_xdna2_npu2,baseline_minimal,amd_xdna2_npu2,6,code,completed,stop,45.32157532800193,gen-1789613726-WTNTOwrAac48rADu6eqS,qwen/qwen3-coder-30b-a3b-instruct,SiliconFlow,3096,1496,4592,10062,0,,,10714,False,,/home/justin/npu-playground/runs/case-study-v3-openrouter-interrupted-backup-20260917T031835Z/repeat-001/20260917T023536Z/baseline_minimal/b49b4ca372704a86aac152997af8781d/report.json
Qwen,1,baseline_minimal:triton_fused_softmax:amd_xdna2_npu2,baseline_minimal,amd_xdna2_npu2,7,code,completed,stop,36.652006403000996,gen-1789613775-iWuigZ376wBRXCUbfTCL,qwen/qwen3-coder-30b-a3b-instruct,SiliconFlow,3278,1496,4774,10714,0,,,10714,False,,/home/justin/npu-playground/runs/case-study-v3-openrouter-interrupted-backup-20260917T031835Z/repeat-001/20260917T023536Z/baseline_minimal/b49b4ca372704a86aac152997af8781d/report.json
Qwen,1,baseline_minimal:triton_fused_softmax:amd_xdna2_npu2,baseline_minimal,amd_xdna2_npu2,8,code,completed,stop,38.13937032099784,gen-1789613814-EqzptL9yCGO2kzKEPJ3E,qwen/qwen3-coder-30b-a3b-instruct,SiliconFlow,3278,1496,4774,10714,0,,,10714,False,,/home/justin/npu-playground/runs/case-study-v3-openrouter-interrupted-backup-20260917T031835Z/repeat-001/20260917T023536Z/baseline_minimal/b49b4ca372704a86aac152997af8781d/report.json
Qwen,1,baseline_minimal:triton_fused_softmax:amd_xdna2_npu2,baseline_minimal,amd_xdna2_npu2,9,code,completed,stop,35.32252348600014,gen-1789613856-jr7LNi3z2zQmarkMTiz5,qwen/qwen3-coder-30b-a3b-instruct,SiliconFlow,3278,1496,4774,10714,0,,,10714,False,,/home/justin/npu-playground/runs/case-study-v3-openrouter-interrupted-backup-20260917T031835Z/repeat-001/20260917T023536Z/baseline_minimal/b49b4ca372704a86aac152997af8781d/report.json
Qwen,1,baseline_minimal:triton_fused_softmax:amd_xdna2_npu2,baseline_minimal,amd_xdna2_npu2,10,code,completed,stop,40.450393483999505,gen-1789613894-O4ENTXapYyhRgGW82xhh,qwen/qwen3-coder-30b-a3b-instruct,SiliconFlow,3278,1496,4774,10714,0,,,,False,,/home/justin/npu-playground/runs/case-study-v3-openrouter-interrupted-backup-20260917T031835Z/repeat-001/20260917T023536Z/baseline_minimal/b49b4ca372704a86aac152997af8781d/report.json
Qwen,1,baseline_minimal:triton_fused_softmax:intel_npu_4000,baseline_minimal,intel_npu_4000,1,code,completed,stop,11.003102522001427,gen-1789612537-4oAU4UDrG8DLMvriCbkB,qwen/qwen3-coder-30b-a3b-instruct,SiliconFlow,862,427,1289,2907,0,,,6703,False,,/home/justin/npu-playground/runs/case-study-v3-openrouter-interrupted-backup-20260917T031835Z/repeat-001/20260917T023536Z/baseline_minimal/107221af5fe84898850852fdf0268087/report.json
Qwen,1,baseline_minimal:triton_fused_softmax:intel_npu_4000,baseline_minimal,intel_npu_4000,2,code,completed,stop,11.26379334000012,gen-1789612549-V1xhhoFIqkfohTbJ818W,qwen/qwen3-coder-30b-a3b-instruct,SiliconFlow,1924,429,2353,6703,0,,,13169,False,,/home/justin/npu-playground/runs/case-study-v3-openrouter-interrupted-backup-20260917T031835Z/repeat-001/20260917T023536Z/baseline_minimal/107221af5fe84898850852fdf0268087/report.json
Qwen,1,baseline_minimal:triton_fused_softmax:intel_npu_4000,baseline_minimal,intel_npu_4000,3,code,completed,stop,12.182152288001816,gen-1789612561-N7qwdEVZSKmW46MJpRx0,qwen/qwen3-coder-30b-a3b-instruct,SiliconFlow,3832,409,4241,13169,0,,,,False,,/home/justin/npu-playground/runs/case-study-v3-openrouter-interrupted-backup-20260917T031835Z/repeat-001/20260917T023536Z/baseline_minimal/107221af5fe84898850852fdf0268087/report.json
Qwen,1,baseline_minimal:triton_layer_norm:amd_xdna2_npu2,baseline_minimal,amd_xdna2_npu2,1,code,completed,stop,33.11807527500059,gen-1789613033-E8ldhwl1E1ZMBaNScky8,qwen/qwen3-coder-30b-a3b-instruct,SiliconFlow,1146,1214,2360,3855,0,,,10081,False,,/home/justin/npu-playground/runs/case-study-v3-openrouter-interrupted-backup-20260917T031835Z/repeat-001/20260917T023536Z/baseline_minimal/2195a21d1dff44c8a402b7267dbf56a3/report.json
Qwen,1,baseline_minimal:triton_layer_norm:amd_xdna2_npu2,baseline_minimal,amd_xdna2_npu2,2,code,completed,stop,31.043075644000055,gen-1789613067-AdEIuK4y9ADqBwYVebNu,qwen/qwen3-coder-30b-a3b-instruct,SiliconFlow,2964,923,3887,10081,0,,,9154,False,,/home/justin/npu-playground/runs/case-study-v3-openrouter-interrupted-backup-20260917T031835Z/repeat-001/20260917T023536Z/baseline_minimal/2195a21d1dff44c8a402b7267dbf56a3/report.json
Qwen,1,baseline_minimal:triton_layer_norm:amd_xdna2_npu2,baseline_minimal,amd_xdna2_npu2,3,code,completed,stop,20.834698185997695,gen-1789613098-Q9mGrfTELBVl8lQCp045,qwen/qwen3-coder-30b-a3b-instruct,SiliconFlow,2645,919,3564,9154,0,,,9141,False,,/home/justin/npu-playground/runs/case-study-v3-openrouter-interrupted-backup-20260917T031835Z/repeat-001/20260917T023536Z/baseline_minimal/2195a21d1dff44c8a402b7267dbf56a3/report.json
Qwen,1,baseline_minimal:triton_layer_norm:amd_xdna2_npu2,baseline_minimal,amd_xdna2_npu2,4,code,completed,stop,22.264467614997557,gen-1789613120-NqPsFMk9XUHQLR34lCkH,qwen/qwen3-coder-30b-a3b-instruct,SiliconFlow,2637,919,3556,9141,0,,,9141,False,,/home/justin/npu-playground/runs/case-study-v3-openrouter-interrupted-backup-20260917T031835Z/repeat-001/20260917T023536Z/baseline_minimal/2195a21d1dff44c8a402b7267dbf56a3/report.json
Qwen,1,baseline_minimal:triton_layer_norm:amd_xdna2_npu2,baseline_minimal,amd_xdna2_npu2,5,code,completed,stop,22.72471563399813,gen-1789613143-Lshk5tigPuyNjUZ2KWSJ,qwen/qwen3-coder-30b-a3b-instruct,SiliconFlow,2637,916,3553,9141,0,,,9102,False,,/home/justin/npu-playground/runs/case-study-v3-openrouter-interrupted-backup-20260917T031835Z/repeat-001/20260917T023536Z/baseline_minimal/2195a21d1dff44c8a402b7267dbf56a3/report.json
Qwen,1,baseline_minimal:triton_layer_norm:amd_xdna2_npu2,baseline_minimal,amd_xdna2_npu2,6,code,completed,stop,31.148272540998732,gen-1789613167-1ofMnN55sTyVaQXGLR9b,qwen/qwen3-coder-30b-a3b-instruct,SiliconFlow,2634,916,3550,9102,0,,,9102,False,,/home/justin/npu-playground/runs/case-study-v3-openrouter-interrupted-backup-20260917T031835Z/repeat-001/20260917T023536Z/baseline_minimal/2195a21d1dff44c8a402b7267dbf56a3/report.json
Qwen,1,baseline_minimal:triton_layer_norm:amd_xdna2_npu2,baseline_minimal,amd_xdna2_npu2,7,code,completed,stop,24.542468897001527,gen-1789613199-2X7CW0bXUj7wElxHwddw,qwen/qwen3-coder-30b-a3b-instruct,SiliconFlow,2634,916,3550,9102,0,,,9102,False,,/home/justin/npu-playground/runs/case-study-v3-openrouter-interrupted-backup-20260917T031835Z/repeat-001/20260917T023536Z/baseline_minimal/2195a21d1dff44c8a402b7267dbf56a3/report.json
Qwen,1,baseline_minimal:triton_layer_norm:amd_xdna2_npu2,baseline_minimal,amd_xdna2_npu2,8,code,completed,stop,28.57280822699977,gen-1789613224-BDoF4fVSqHRYVIaK5b1q,qwen/qwen3-coder-30b-a3b-instruct,SiliconFlow,2634,916,3550,9102,0,,,9102,False,,/home/justin/npu-playground/runs/case-study-v3-openrouter-interrupted-backup-20260917T031835Z/repeat-001/20260917T023536Z/baseline_minimal/2195a21d1dff44c8a402b7267dbf56a3/report.json
Qwen,1,baseline_minimal:triton_layer_norm:amd_xdna2_npu2,baseline_minimal,amd_xdna2_npu2,9,code,completed,stop,26.058550572000968,gen-1789613253-g0NpqYAlCdMabbIUYqlA,qwen/qwen3-coder-30b-a3b-instruct,SiliconFlow,2634,916,3550,9102,0,,,9102,False,,/home/justin/npu-playground/runs/case-study-v3-openrouter-interrupted-backup-20260917T031835Z/repeat-001/20260917T023536Z/baseline_minimal/2195a21d1dff44c8a402b7267dbf56a3/report.json
Qwen,1,baseline_minimal:triton_layer_norm:amd_xdna2_npu2,baseline_minimal,amd_xdna2_npu2,10,code,completed,stop,28.802857427999697,gen-1789613280-wFX4KlAiweTx5zyK3csm,qwen/qwen3-coder-30b-a3b-instruct,SiliconFlow,2634,916,3550,9102,0,,,,False,,/home/justin/npu-playground/runs/case-study-v3-openrouter-interrupted-backup-20260917T031835Z/repeat-001/20260917T023536Z/baseline_minimal/2195a21d1dff44c8a402b7267dbf56a3/report.json
Qwen,1,baseline_minimal:triton_layer_norm:intel_npu_4000,baseline_minimal,intel_npu_4000,1,code,completed,stop,14.558048387996678,gen-1789612537-fNyEjTCNgobD6agWAfrd,qwen/qwen3-coder-30b-a3b-instruct,SiliconFlow,1061,512,1573,3489,0,,,7566,False,,/home/justin/npu-playground/runs/case-study-v3-openrouter-interrupted-backup-20260917T031835Z/repeat-001/20260917T023536Z/baseline_minimal/5517c74ae63745e8ac0fee99bf517838/report.json
Qwen,1,baseline_minimal:triton_layer_norm:intel_npu_4000,baseline_minimal,intel_npu_4000,2,code,completed,stop,17.66767450000043,gen-1789612553-JzuCEy9ytkmJnUBw18Le,qwen/qwen3-coder-30b-a3b-instruct,SiliconFlow,2202,512,2714,7566,0,,,7128,False,,/home/justin/npu-playground/runs/case-study-v3-openrouter-interrupted-backup-20260917T031835Z/repeat-001/20260917T023536Z/baseline_minimal/5517c74ae63745e8ac0fee99bf517838/report.json
Qwen,1,baseline_minimal:triton_layer_norm:intel_npu_4000,baseline_minimal,intel_npu_4000,3,code,completed,stop,13.799361764999048,gen-1789612572-BaZz2GI7R861aJaYd0fR,qwen/qwen3-coder-30b-a3b-instruct,SiliconFlow,2094,521,2615,7128,0,,,7656,False,,/home/justin/npu-playground/runs/case-study-v3-openrouter-interrupted-backup-20260917T031835Z/repeat-001/20260917T023536Z/baseline_minimal/5517c74ae63745e8ac0fee99bf517838/report.json
Qwen,1,baseline_minimal:triton_layer_norm:intel_npu_4000,baseline_minimal,intel_npu_4000,4,code,completed,stop,18.057355285000085,gen-1789612588-FeXYka65LmnaxmG89ypU,qwen/qwen3-coder-30b-a3b-instruct,SiliconFlow,2223,589,2812,7656,0,,,7843,False,,/home/justin/npu-playground/runs/case-study-v3-openrouter-interrupted-backup-20260917T031835Z/repeat-001/20260917T023536Z/baseline_minimal/5517c74ae63745e8ac0fee99bf517838/report.json
Qwen,1,baseline_minimal:triton_layer_norm:intel_npu_4000,baseline_minimal,intel_npu_4000,5,code,completed,stop,15.619778857999336,gen-1789612607-O3FLq24Qy9B3cHhUCDHV,qwen/qwen3-coder-30b-a3b-instruct,SiliconFlow,2283,595,2878,7843,0,,,7951,False,,/home/justin/npu-playground/runs/case-study-v3-openrouter-interrupted-backup-20260917T031835Z/repeat-001/20260917T023536Z/baseline_minimal/5517c74ae63745e8ac0fee99bf517838/report.json
Qwen,1,baseline_minimal:triton_layer_norm:intel_npu_4000,baseline_minimal,intel_npu_4000,6,code,completed,stop,15.969491565996577,gen-1789612624-vDYhyvkr4DdokOey2VAv,qwen/qwen3-coder-30b-a3b-instruct,SiliconFlow,2303,597,2900,7951,0,,,14353,False,,/home/justin/npu-playground/runs/case-study-v3-openrouter-interrupted-backup-20260917T031835Z/repeat-001/20260917T023536Z/baseline_minimal/5517c74ae63745e8ac0fee99bf517838/report.json
Qwen,1,baseline_minimal:triton_layer_norm:intel_npu_4000,baseline_minimal,intel_npu_4000,7,code,completed,stop,16.55614187699757,gen-1789612641-JcMIgPaFXWaAYhUQlFnw,qwen/qwen3-coder-30b-a3b-instruct,SiliconFlow,4191,636,4827,14353,0,,,7148,False,,/home/justin/npu-playground/runs/case-study-v3-openrouter-interrupted-backup-20260917T031835Z/repeat-001/20260917T023536Z/baseline_minimal/5517c74ae63745e8ac0fee99bf517838/report.json
Qwen,1,baseline_minimal:triton_layer_norm:intel_npu_4000,baseline_minimal,intel_npu_4000,8,code,completed,stop,15.213015958001051,gen-1789612660-TF9g27TBhjkloPl6OMCx,qwen/qwen3-coder-30b-a3b-instruct,SiliconFlow,2096,641,2737,7148,0,,,7397,False,,/home/justin/npu-playground/runs/case-study-v3-openrouter-interrupted-backup-20260917T031835Z/repeat-001/20260917T023536Z/baseline_minimal/5517c74ae63745e8ac0fee99bf517838/report.json
Qwen,1,baseline_minimal:triton_layer_norm:intel_npu_4000,baseline_minimal,intel_npu_4000,9,code,completed,stop,21.2254232209998,gen-1789612678-0II1azrhl8CdF8e3b3Uw,qwen/qwen3-coder-30b-a3b-instruct,SiliconFlow,2064,641,2705,7397,0,,,7395,False,,/home/justin/npu-playground/runs/case-study-v3-openrouter-interrupted-backup-20260917T031835Z/repeat-001/20260917T023536Z/baseline_minimal/5517c74ae63745e8ac0fee99bf517838/report.json
Qwen,1,baseline_minimal:triton_layer_norm:intel_npu_4000,baseline_minimal,intel_npu_4000,10,code,completed,stop,18.47773681200124,gen-1789612703-RryX37XiQCc52vwXR5Cg,qwen/qwen3-coder-30b-a3b-instruct,SiliconFlow,2064,641,2705,7395,0,,,,False,,/home/justin/npu-playground/runs/case-study-v3-openrouter-interrupted-backup-20260917T031835Z/repeat-001/20260917T023536Z/baseline_minimal/5517c74ae63745e8ac0fee99bf517838/report.json
Qwen,1,hinted_ir:cuda_reduce_sum:amd_xdna2_npu2,hinted_ir,amd_xdna2_npu2,1,intermediate,completed,stop,1.7583839760009141,gen-1789613310-kWT7kGnuVQ8t2hI7W1N5,qwen/qwen3-coder-30b-a3b-instruct,SiliconFlow,719,15,734,2295,0,,,,False,,/home/justin/npu-playground/runs/case-study-v3-openrouter-interrupted-backup-20260917T031835Z/repeat-001/20260917T023536Z/hinted_ir/33e372993b8646029d812b9a0e3929a9/report.json
Qwen,1,hinted_ir:cuda_reduce_sum:amd_xdna2_npu2,hinted_ir,amd_xdna2_npu2,1,code,completed,stop,20.625412391000282,gen-1789613312-qIIK0O7T76Qe33xeLTKD,qwen/qwen3-coder-30b-a3b-instruct,SiliconFlow,1770,903,2673,5678,0,,,,False,,/home/justin/npu-playground/runs/case-study-v3-openrouter-interrupted-backup-20260917T031835Z/repeat-001/20260917T023536Z/hinted_ir/33e372993b8646029d812b9a0e3929a9/report.json
Qwen,1,hinted_ir:cuda_reduce_sum:intel_npu_4000,hinted_ir,intel_npu_4000,1,intermediate,completed,stop,2.983906052999373,gen-1789612537-KqL2i8GlO8WLzeY4nRbh,qwen/qwen3-coder-30b-a3b-instruct,SiliconFlow,719,17,736,2295,0,,,5464,False,,/home/justin/npu-playground/runs/case-study-v3-openrouter-interrupted-backup-20260917T031835Z/repeat-001/20260917T023536Z/hinted_ir/1fb8879f76004154a3ee9662a0ebba0f/report.json
Qwen,1,hinted_ir:cuda_reduce_sum:intel_npu_4000,hinted_ir,intel_npu_4000,1,code,completed,stop,9.687956259000202,gen-1789612540-1OGt3UQ4aA5KZ6i0QE65,qwen/qwen3-coder-30b-a3b-instruct,SiliconFlow,791,207,998,2627,0,,,5796,False,,/home/justin/npu-playground/runs/case-study-v3-openrouter-interrupted-backup-20260917T031835Z/repeat-001/20260917T023536Z/hinted_ir/1fb8879f76004154a3ee9662a0ebba0f/report.json
Qwen,1,hinted_ir:cuda_reduce_sum:intel_npu_4000,hinted_ir,intel_npu_4000,2,intermediate,completed,stop,1.7988683330004278,gen-1789612551-s2pdS0I6lKX1DhnqIKCE,qwen/qwen3-coder-30b-a3b-instruct,SiliconFlow,1565,17,1582,5464,0,,,5444,False,,/home/justin/npu-playground/runs/case-study-v3-openrouter-interrupted-backup-20260917T031835Z/repeat-001/20260917T023536Z/hinted_ir/1fb8879f76004154a3ee9662a0ebba0f/report.json
Qwen,1,hinted_ir:cuda_reduce_sum:intel_npu_4000,hinted_ir,intel_npu_4000,2,code,completed,stop,9.050649282999075,gen-1789612553-gOzOVsKelHMn4h51H6mT,qwen/qwen3-coder-30b-a3b-instruct,SiliconFlow,1637,203,1840,5796,0,,,,False,,/home/justin/npu-playground/runs/case-study-v3-openrouter-interrupted-backup-20260917T031835Z/repeat-001/20260917T023536Z/hinted_ir/1fb8879f76004154a3ee9662a0ebba0f/report.json
Qwen,1,hinted_ir:cuda_reduce_sum:intel_npu_4000,hinted_ir,intel_npu_4000,3,intermediate,rejected,length,1134.9327811780022,gen-1789612563-v1nZTso1yWEBaic28663,qwen/qwen3-coder-30b-a3b-instruct,SiliconFlow,1557,32768,34325,5444,46441,0.004887922310027777,890abcdef01234567890abcdef01234567890abcdef01234567890abcdef01234567890abcdef01234567890abcdef01234567890abcdef01234567890abcdef01234567890abcdef01234567890abcdef01234567890abcdef0,52028,True,OpenRouter structured response rejected: generation ended with length,/home/justin/npu-playground/runs/case-study-v3-openrouter-interrupted-backup-20260917T031835Z/repeat-001/20260917T023536Z/hinted_ir/1fb8879f76004154a3ee9662a0ebba0f/report.json
Qwen,1,hinted_ir:cuda_reduce_sum:intel_npu_4000,hinted_ir,intel_npu_4000,4,intermediate,rejected,length,736.3159120809978,gen-1789613698-eoDiBFortdEjQivortjJ,qwen/qwen3-coder-30b-a3b-instruct,SiliconFlow,34357,32768,67125,52028,46441,0.004887922310027777,890abcdef01234567890abcdef01234567890abcdef01234567890abcdef01234567890abcdef01234567890abcdef01234567890abcdef01234567890abcdef01234567890abcdef01234567890abcdef01234567890abcdef0,52028,True,OpenRouter structured response rejected: generation ended with length,/home/justin/npu-playground/runs/case-study-v3-openrouter-interrupted-backup-20260917T031835Z/repeat-001/20260917T023536Z/hinted_ir/1fb8879f76004154a3ee9662a0ebba0f/report.json
Qwen,1,hinted_ir:cuda_reduce_sum:intel_npu_4000,hinted_ir,intel_npu_4000,5,intermediate,blocked,,,,,,,,,52028,0,,,,False,interrupted provider call: response and exact usage unavailable,/home/justin/npu-playground/runs/case-study-v3-openrouter-interrupted-backup-20260917T031835Z/repeat-001/20260917T023536Z/hinted_ir/1fb8879f76004154a3ee9662a0ebba0f/report.json
Qwen,1,hinted_ir:cuda_tiled_matmul:amd_xdna2_npu2,hinted_ir,amd_xdna2_npu2,1,intermediate,rejected,length,818.301753857002,gen-1789612810-WkCeUYBxZlp9HJEWxhNO,qwen/qwen3-coder-30b-a3b-instruct,SiliconFlow,823,32768,33591,2562,74750,0.07101003344481606, %c0_1977 = arith.constant 0 : index   %c0_1978 = arith.constant 0 : index   %c0_1979 = arith.constant 0 : index   %c0_1980 = arith.constant 0 : index   %c0_1981 = arith.constant 0,77450,True,OpenRouter structured response rejected: generation ended with length,/home/justin/npu-playground/runs/case-study-v3-openrouter-interrupted-backup-20260917T031835Z/repeat-001/20260917T023536Z/hinted_ir/2597ba75f74e48da8f06d2da57a4421d/report.json
Qwen,1,hinted_ir:cuda_tiled_matmul:amd_xdna2_npu2,hinted_ir,amd_xdna2_npu2,2,intermediate,rejected,length,744.8209769179994,gen-1789613628-B5eNP4Ib7K3CTD7FgNiT,qwen/qwen3-coder-30b-a3b-instruct,SiliconFlow,33624,32768,66392,77450,74750,0.07101003344481606, %c0_1977 = arith.constant 0 : index   %c0_1978 = arith.constant 0 : index   %c0_1979 = arith.constant 0 : index   %c0_1980 = arith.constant 0 : index   %c0_1981 = arith.constant 0,77450,True,OpenRouter structured response rejected: generation ended with length,/home/justin/npu-playground/runs/case-study-v3-openrouter-interrupted-backup-20260917T031835Z/repeat-001/20260917T023536Z/hinted_ir/2597ba75f74e48da8f06d2da57a4421d/report.json
Qwen,1,hinted_ir:cuda_tiled_matmul:amd_xdna2_npu2,hinted_ir,amd_xdna2_npu2,3,intermediate,blocked,,,,,,,,,77450,0,,,,False,interrupted provider call: response and exact usage unavailable,/home/justin/npu-playground/runs/case-study-v3-openrouter-interrupted-backup-20260917T031835Z/repeat-001/20260917T023536Z/hinted_ir/2597ba75f74e48da8f06d2da57a4421d/report.json
Qwen,1,hinted_ir:cuda_tiled_matmul:intel_npu_4000,hinted_ir,intel_npu_4000,1,intermediate,completed,stop,24.472988534998876,gen-1789612960-as1YqQYNY7c5M9RAI0VS,qwen/qwen3-coder-30b-a3b-instruct,SiliconFlow,823,299,1122,2562,0,,,6844,False,,/home/justin/npu-playground/runs/case-study-v3-openrouter-interrupted-backup-20260917T031835Z/repeat-001/20260917T023536Z/hinted_ir/dc99ad155889400ba385eba8c1be7863/report.json
Qwen,1,hinted_ir:cuda_tiled_matmul:intel_npu_4000,hinted_ir,intel_npu_4000,1,code,completed,stop,19.245100826999987,gen-1789612984-pUPB3yOzleg4fTVoWIFR,qwen/qwen3-coder-30b-a3b-instruct,SiliconFlow,1109,302,1411,3652,0,,,7934,False,,/home/justin/npu-playground/runs/case-study-v3-openrouter-interrupted-backup-20260917T031835Z/repeat-001/20260917T023536Z/hinted_ir/dc99ad155889400ba385eba8c1be7863/report.json
Qwen,1,hinted_ir:cuda_tiled_matmul:intel_npu_4000,hinted_ir,intel_npu_4000,2,intermediate,completed,stop,27.352568987000268,gen-1789613005-cZ1LW6RqzUPKBNUVty5S,qwen/qwen3-coder-30b-a3b-instruct,SiliconFlow,2050,299,2349,6844,0,,,6655,False,,/home/justin/npu-playground/runs/case-study-v3-openrouter-interrupted-backup-20260917T031835Z/repeat-001/20260917T023536Z/hinted_ir/dc99ad155889400ba385eba8c1be7863/report.json
Qwen,1,hinted_ir:cuda_tiled_matmul:intel_npu_4000,hinted_ir,intel_npu_4000,2,code,completed,stop,7.220517075002135,gen-1789613033-E1w6ZT9zX9pOEN7XcIlG,qwen/qwen3-coder-30b-a3b-instruct,SiliconFlow,2336,256,2592,7934,0,,,7745,False,,/home/justin/npu-playground/runs/case-study-v3-openrouter-interrupted-backup-20260917T031835Z/repeat-001/20260917T023536Z/hinted_ir/dc99ad155889400ba385eba8c1be7863/report.json
Qwen,1,hinted_ir:cuda_tiled_matmul:intel_npu_4000,hinted_ir,intel_npu_4000,3,intermediate,completed,stop,10.86779491299967,gen-1789613041-ZnWHg8v24cUkeDQxBe4o,qwen/qwen3-coder-30b-a3b-instruct,SiliconFlow,2000,299,2299,6655,0,,,,False,,/home/justin/npu-playground/runs/case-study-v3-openrouter-interrupted-backup-20260917T031835Z/repeat-001/20260917T023536Z/hinted_ir/dc99ad155889400ba385eba8c1be7863/report.json
Qwen,1,hinted_ir:cuda_tiled_matmul:intel_npu_4000,hinted_ir,intel_npu_4000,3,code,completed,stop,40.67494341699785,gen-1789613052-UZwJk76OvPSdqhzv7ids,qwen/qwen3-coder-30b-a3b-instruct,SiliconFlow,2286,268,2554,7745,0,,,,False,,/home/justin/npu-playground/runs/case-study-v3-openrouter-interrupted-backup-20260917T031835Z/repeat-001/20260917T023536Z/hinted_ir/dc99ad155889400ba385eba8c1be7863/report.json
Qwen,1,hinted_ir:cuda_tiled_transpose:amd_xdna2_npu2,hinted_ir,amd_xdna2_npu2,1,intermediate,completed,stop,9.403808015002141,gen-1789612750-TVWkA5XTYTavsvDWsj7E,qwen/qwen3-coder-30b-a3b-instruct,SiliconFlow,677,248,925,2093,0,,,8834,False,,/home/justin/npu-playground/runs/case-study-v3-openrouter-interrupted-backup-20260917T031835Z/repeat-001/20260917T023536Z/hinted_ir/288cd5bbf4964c40969db477d5834b93/report.json
Qwen,1,hinted_ir:cuda_tiled_transpose:amd_xdna2_npu2,hinted_ir,amd_xdna2_npu2,1,code,completed,stop,29.226400360999833,gen-1789612759-o1LqWeNoOib9UCYgjjHG,qwen/qwen3-coder-30b-a3b-instruct,SiliconFlow,1966,1100,3066,6323,0,,,13064,False,,/home/justin/npu-playground/runs/case-study-v3-openrouter-interrupted-backup-20260917T031835Z/repeat-001/20260917T023536Z/hinted_ir/288cd5bbf4964c40969db477d5834b93/report.json
Qwen,1,hinted_ir:cuda_tiled_transpose:amd_xdna2_npu2,hinted_ir,amd_xdna2_npu2,2,intermediate,completed,stop,12.456803779998154,gen-1789612790-G10WldlSsgPHs8MAOLU1,qwen/qwen3-coder-30b-a3b-instruct,SiliconFlow,2564,248,2812,8834,0,,,8445,False,,/home/justin/npu-playground/runs/case-study-v3-openrouter-interrupted-backup-20260917T031835Z/repeat-001/20260917T023536Z/hinted_ir/288cd5bbf4964c40969db477d5834b93/report.json
Qwen,1,hinted_ir:cuda_tiled_transpose:amd_xdna2_npu2,hinted_ir,amd_xdna2_npu2,2,code,completed,stop,40.66320057399935,gen-1789612802-7g6rdcrMWWOzsTWrj5Oj,qwen/qwen3-coder-30b-a3b-instruct,SiliconFlow,3853,956,4809,13064,0,,,12675,False,,/home/justin/npu-playground/runs/case-study-v3-openrouter-interrupted-backup-20260917T031835Z/repeat-001/20260917T023536Z/hinted_ir/288cd5bbf4964c40969db477d5834b93/report.json
Qwen,1,hinted_ir:cuda_tiled_transpose:amd_xdna2_npu2,hinted_ir,amd_xdna2_npu2,3,intermediate,completed,stop,18.020376979999128,gen-1789612844-0PBX7oSENvNqr1hTs1Mp,qwen/qwen3-coder-30b-a3b-instruct,SiliconFlow,2464,248,2712,8445,0,,,8360,False,,/home/justin/npu-playground/runs/case-study-v3-openrouter-interrupted-backup-20260917T031835Z/repeat-001/20260917T023536Z/hinted_ir/288cd5bbf4964c40969db477d5834b93/report.json
Qwen,1,hinted_ir:cuda_tiled_transpose:amd_xdna2_npu2,hinted_ir,amd_xdna2_npu2,3,code,completed,stop,26.26604661499732,gen-1789612862-u1Gzl4x4G1bbIIBdpyBw,qwen/qwen3-coder-30b-a3b-instruct,SiliconFlow,3753,938,4691,12675,0,,,12590,False,,/home/justin/npu-playground/runs/case-study-v3-openrouter-interrupted-backup-20260917T031835Z/repeat-001/20260917T023536Z/hinted_ir/288cd5bbf4964c40969db477d5834b93/report.json
Qwen,1,hinted_ir:cuda_tiled_transpose:amd_xdna2_npu2,hinted_ir,amd_xdna2_npu2,4,intermediate,completed,stop,6.7547568770023645,gen-1789612889-jinXVMs0QRcS4ckj0oPC,qwen/qwen3-coder-30b-a3b-instruct,SiliconFlow,2446,248,2694,8360,0,,,8358,False,,/home/justin/npu-playground/runs/case-study-v3-openrouter-interrupted-backup-20260917T031835Z/repeat-001/20260917T023536Z/hinted_ir/288cd5bbf4964c40969db477d5834b93/report.json
Qwen,1,hinted_ir:cuda_tiled_transpose:amd_xdna2_npu2,hinted_ir,amd_xdna2_npu2,4,code,completed,stop,24.751362060000247,gen-1789612896-2E5ymuly6zo04JlXnebH,qwen/qwen3-coder-30b-a3b-instruct,SiliconFlow,3735,935,4670,12590,0,,,12588,False,,/home/justin/npu-playground/runs/case-study-v3-openrouter-interrupted-backup-20260917T031835Z/repeat-001/20260917T023536Z/hinted_ir/288cd5bbf4964c40969db477d5834b93/report.json
Qwen,1,hinted_ir:cuda_tiled_transpose:amd_xdna2_npu2,hinted_ir,amd_xdna2_npu2,5,intermediate,completed,stop,6.5517681400015135,gen-1789612922-tHOUaa5wmeOVGAqwkjlJ,qwen/qwen3-coder-30b-a3b-instruct,SiliconFlow,2443,248,2691,8358,0,,,8972,False,,/home/justin/npu-playground/runs/case-study-v3-openrouter-interrupted-backup-20260917T031835Z/repeat-001/20260917T023536Z/hinted_ir/288cd5bbf4964c40969db477d5834b93/report.json
Qwen,1,hinted_ir:cuda_tiled_transpose:amd_xdna2_npu2,hinted_ir,amd_xdna2_npu2,5,code,completed,stop,35.34371710800042,gen-1789612928-qdq3xrRFfz5k0MQ5Wozg,qwen/qwen3-coder-30b-a3b-instruct,SiliconFlow,3732,1154,4886,12588,0,,,13202,False,,/home/justin/npu-playground/runs/case-study-v3-openrouter-interrupted-backup-20260917T031835Z/repeat-001/20260917T023536Z/hinted_ir/288cd5bbf4964c40969db477d5834b93/report.json
Qwen,1,hinted_ir:cuda_tiled_transpose:amd_xdna2_npu2,hinted_ir,amd_xdna2_npu2,6,intermediate,completed,stop,19.297330122997664,gen-1789612965-l7V41WgBHsH5gBny8mFN,qwen/qwen3-coder-30b-a3b-instruct,SiliconFlow,2668,248,2916,8972,0,,,8972,False,,/home/justin/npu-playground/runs/case-study-v3-openrouter-interrupted-backup-20260917T031835Z/repeat-001/20260917T023536Z/hinted_ir/288cd5bbf4964c40969db477d5834b93/report.json
Qwen,1,hinted_ir:cuda_tiled_transpose:amd_xdna2_npu2,hinted_ir,amd_xdna2_npu2,6,code,completed,stop,38.08710070700181,gen-1789612985-wMHBvYVy3mCxKxXFRgog,qwen/qwen3-coder-30b-a3b-instruct,SiliconFlow,3957,1154,5111,13202,0,,,13202,False,,/home/justin/npu-playground/runs/case-study-v3-openrouter-interrupted-backup-20260917T031835Z/repeat-001/20260917T023536Z/hinted_ir/288cd5bbf4964c40969db477d5834b93/report.json
Qwen,1,hinted_ir:cuda_tiled_transpose:amd_xdna2_npu2,hinted_ir,amd_xdna2_npu2,7,intermediate,completed,stop,7.363569902001473,gen-1789613024-BTK1QLpxEpOqw0NS4eOo,qwen/qwen3-coder-30b-a3b-instruct,SiliconFlow,2668,248,2916,8972,0,,,8898,False,,/home/justin/npu-playground/runs/case-study-v3-openrouter-interrupted-backup-20260917T031835Z/repeat-001/20260917T023536Z/hinted_ir/288cd5bbf4964c40969db477d5834b93/report.json
Qwen,1,hinted_ir:cuda_tiled_transpose:amd_xdna2_npu2,hinted_ir,amd_xdna2_npu2,7,code,completed,stop,31.93185757899846,gen-1789613031-giQnhGWize7pLrn0TQaT,qwen/qwen3-coder-30b-a3b-instruct,SiliconFlow,3957,1130,5087,13202,0,,,13128,False,,/home/justin/npu-playground/runs/case-study-v3-openrouter-interrupted-backup-20260917T031835Z/repeat-001/20260917T023536Z/hinted_ir/288cd5bbf4964c40969db477d5834b93/report.json
Qwen,1,hinted_ir:cuda_tiled_transpose:amd_xdna2_npu2,hinted_ir,amd_xdna2_npu2,8,intermediate,completed,stop,7.909007136997388,gen-1789613064-abAy8QEi3hupaWGXQpcV,qwen/qwen3-coder-30b-a3b-instruct,SiliconFlow,2648,248,2896,8898,0,,,8898,False,,/home/justin/npu-playground/runs/case-study-v3-openrouter-interrupted-backup-20260917T031835Z/repeat-001/20260917T023536Z/hinted_ir/288cd5bbf4964c40969db477d5834b93/report.json
Qwen,1,hinted_ir:cuda_tiled_transpose:amd_xdna2_npu2,hinted_ir,amd_xdna2_npu2,8,code,completed,stop,41.249652514001355,gen-1789613072-IpWP5HJcGOFWaVVaBokT,qwen/qwen3-coder-30b-a3b-instruct,SiliconFlow,3937,1130,5067,13128,0,,,13128,False,,/home/justin/npu-playground/runs/case-study-v3-openrouter-interrupted-backup-20260917T031835Z/repeat-001/20260917T023536Z/hinted_ir/288cd5bbf4964c40969db477d5834b93/report.json
Qwen,1,hinted_ir:cuda_tiled_transpose:amd_xdna2_npu2,hinted_ir,amd_xdna2_npu2,9,intermediate,completed,stop,22.493465005998587,gen-1789613115-GYu2s4X3g41Bbwiw9ymE,qwen/qwen3-coder-30b-a3b-instruct,SiliconFlow,2648,248,2896,8898,0,,,8868,False,,/home/justin/npu-playground/runs/case-study-v3-openrouter-interrupted-backup-20260917T031835Z/repeat-001/20260917T023536Z/hinted_ir/288cd5bbf4964c40969db477d5834b93/report.json
Qwen,1,hinted_ir:cuda_tiled_transpose:amd_xdna2_npu2,hinted_ir,amd_xdna2_npu2,9,code,completed,stop,33.418404862997704,gen-1789613138-vUa9seo0ujZQZkyjOv1L,qwen/qwen3-coder-30b-a3b-instruct,SiliconFlow,3937,1120,5057,13128,0,,,13098,False,,/home/justin/npu-playground/runs/case-study-v3-openrouter-interrupted-backup-20260917T031835Z/repeat-001/20260917T023536Z/hinted_ir/288cd5bbf4964c40969db477d5834b93/report.json
Qwen,1,hinted_ir:cuda_tiled_transpose:amd_xdna2_npu2,hinted_ir,amd_xdna2_npu2,10,intermediate,completed,stop,11.586567730999377,gen-1789613172-yiVfkg565fm8IjTbmvFV,qwen/qwen3-coder-30b-a3b-instruct,SiliconFlow,2638,248,2886,8868,0,,,,False,,/home/justin/npu-playground/runs/case-study-v3-openrouter-interrupted-backup-20260917T031835Z/repeat-001/20260917T023536Z/hinted_ir/288cd5bbf4964c40969db477d5834b93/report.json
Qwen,1,hinted_ir:cuda_tiled_transpose:amd_xdna2_npu2,hinted_ir,amd_xdna2_npu2,10,code,completed,stop,30.349544846001663,gen-1789613184-JiNSqiDNm0sTVnVoHb36,qwen/qwen3-coder-30b-a3b-instruct,SiliconFlow,3927,1120,5047,13098,0,,,,False,,/home/justin/npu-playground/runs/case-study-v3-openrouter-interrupted-backup-20260917T031835Z/repeat-001/20260917T023536Z/hinted_ir/288cd5bbf4964c40969db477d5834b93/report.json
Qwen,1,hinted_ir:cuda_tiled_transpose:intel_npu_4000,hinted_ir,intel_npu_4000,1,intermediate,rejected,length,836.9305790700018,gen-1789612918-jqOQuhiN8dKzroCacHOD,qwen/qwen3-coder-30b-a3b-instruct,SiliconFlow,677,32768,33445,2093,194842,0.024183697560074317," coalesced access maintainability  // Memory access optimization portability models: Memory access optimization portability, shared memory portability, coalesced access portability",197073,True,OpenRouter structured response rejected: generation ended with length,/home/justin/npu-playground/runs/case-study-v3-openrouter-interrupted-backup-20260917T031835Z/repeat-001/20260917T023536Z/hinted_ir/b8df2a05eb104422a5f78243ec7dc026/report.json
Qwen,1,hinted_ir:cuda_tiled_transpose:intel_npu_4000,hinted_ir,intel_npu_4000,2,intermediate,rejected,length,719.1623197519984,gen-1789613756-99sduwchZqZAiYn2IDkZ,qwen/qwen3-coder-30b-a3b-instruct,SiliconFlow,33478,32768,66246,197073,194842,0.024183697560074317," coalesced access maintainability  // Memory access optimization portability models: Memory access optimization portability, shared memory portability, coalesced access portability",197073,True,OpenRouter structured response rejected: generation ended with length,/home/justin/npu-playground/runs/case-study-v3-openrouter-interrupted-backup-20260917T031835Z/repeat-001/20260917T023536Z/hinted_ir/b8df2a05eb104422a5f78243ec7dc026/report.json
Qwen,1,hinted_ir:cuda_tiled_transpose:intel_npu_4000,hinted_ir,intel_npu_4000,3,intermediate,blocked,,,,,,,,,197073,0,,,,False,interrupted provider call: response and exact usage unavailable,/home/justin/npu-playground/runs/case-study-v3-openrouter-interrupted-backup-20260917T031835Z/repeat-001/20260917T023536Z/hinted_ir/b8df2a05eb104422a5f78243ec7dc026/report.json
Qwen,1,hinted_ir:cuda_vector_add:amd_xdna2_npu2,hinted_ir,amd_xdna2_npu2,1,intermediate,rejected,length,842.2955064870002,gen-1789612598-H60Z7QIzKAePk3pfW73C,qwen/qwen3-coder-30b-a3b-instruct,SiliconFlow,656,32768,33424,2035,52516,0.16454033056592277,"rith.muli %1476, %2 : i32  %1478 = arith.subi %1477, %1475 : i32  %1479 = arith.addi %1478, %2 : i32  %1480 = arith.divsi %1479, %2 : i32  %1481 = arith.muli %1480, %2 : i32  %1482",54689,True,OpenRouter structured response rejected: generation ended with length,/home/justin/npu-playground/runs/case-study-v3-openrouter-interrupted-backup-20260917T031835Z/repeat-001/20260917T023536Z/hinted_ir/04c59035afd34b6f999740a17c110cec/report.json
Qwen,1,hinted_ir:cuda_vector_add:amd_xdna2_npu2,hinted_ir,amd_xdna2_npu2,2,intermediate,rejected,length,762.0610829989964,gen-1789613441-GEpRPlTbhLW8bfC9rLiM,qwen/qwen3-coder-30b-a3b-instruct,SiliconFlow,33457,32768,66225,54689,52516,0.16454033056592277,"rith.muli %1476, %2 : i32  %1478 = arith.subi %1477, %1475 : i32  %1479 = arith.addi %1478, %2 : i32  %1480 = arith.divsi %1479, %2 : i32  %1481 = arith.muli %1480, %2 : i32  %1482",54689,True,OpenRouter structured response rejected: generation ended with length,/home/justin/npu-playground/runs/case-study-v3-openrouter-interrupted-backup-20260917T031835Z/repeat-001/20260917T023536Z/hinted_ir/04c59035afd34b6f999740a17c110cec/report.json
Qwen,1,hinted_ir:cuda_vector_add:amd_xdna2_npu2,hinted_ir,amd_xdna2_npu2,3,intermediate,blocked,,,,,,,,,54689,0,,,,False,interrupted provider call: response and exact usage unavailable,/home/justin/npu-playground/runs/case-study-v3-openrouter-interrupted-backup-20260917T031835Z/repeat-001/20260917T023536Z/hinted_ir/04c59035afd34b6f999740a17c110cec/report.json
Qwen,1,hinted_ir:cuda_vector_add:intel_npu_4000,hinted_ir,intel_npu_4000,1,intermediate,completed,stop,9.319756737000716,gen-1789613651-3iVtEeP5xi6PCOiLqJjp,qwen/qwen3-coder-30b-a3b-instruct,SiliconFlow,656,120,776,2035,0,,,5109,False,,/home/justin/npu-playground/runs/case-study-v3-openrouter-interrupted-backup-20260917T031835Z/repeat-001/20260917T023536Z/hinted_ir/e4a59751ff1d4b1d97d8bff150cccc8f/report.json
Qwen,1,hinted_ir:cuda_vector_add:intel_npu_4000,hinted_ir,intel_npu_4000,1,code,completed,stop,10.486466237998684,gen-1789613661-mjSNPt30LDyMCTWOnBSn,qwen/qwen3-coder-30b-a3b-instruct,SiliconFlow,945,277,1222,3079,0,,,6153,False,,/home/justin/npu-playground/runs/case-study-v3-openrouter-interrupted-backup-20260917T031835Z/repeat-001/20260917T023536Z/hinted_ir/e4a59751ff1d4b1d97d8bff150cccc8f/report.json
Qwen,1,hinted_ir:cuda_vector_add:intel_npu_4000,hinted_ir,intel_npu_4000,2,intermediate,completed,stop,12.092255544997897,gen-1789613672-pIa35WFclqZwazTCTy4F,qwen/qwen3-coder-30b-a3b-instruct,SiliconFlow,1519,120,1639,5109,0,,,5105,False,,/home/justin/npu-playground/runs/case-study-v3-openrouter-interrupted-backup-20260917T031835Z/repeat-001/20260917T023536Z/hinted_ir/e4a59751ff1d4b1d97d8bff150cccc8f/report.json
Qwen,1,hinted_ir:cuda_vector_add:intel_npu_4000,hinted_ir,intel_npu_4000,2,code,completed,stop,20.88200001199948,gen-1789613685-iwimSTzj9gajc1gAqDxO,qwen/qwen3-coder-30b-a3b-instruct,SiliconFlow,1808,276,2084,6153,0,,,6149,False,,/home/justin/npu-playground/runs/case-study-v3-openrouter-interrupted-backup-20260917T031835Z/repeat-001/20260917T023536Z/hinted_ir/e4a59751ff1d4b1d97d8bff150cccc8f/report.json
Qwen,1,hinted_ir:cuda_vector_add:intel_npu_4000,hinted_ir,intel_npu_4000,3,intermediate,completed,stop,4.188198594998539,gen-1789613707-Bl2y7PugDB75oJoDwU2J,qwen/qwen3-coder-30b-a3b-instruct,SiliconFlow,1518,120,1638,5105,0,,,5105,False,,/home/justin/npu-playground/runs/case-study-v3-openrouter-interrupted-backup-20260917T031835Z/repeat-001/20260917T023536Z/hinted_ir/e4a59751ff1d4b1d97d8bff150cccc8f/report.json
Qwen,1,hinted_ir:cuda_vector_add:intel_npu_4000,hinted_ir,intel_npu_4000,3,code,completed,stop,7.836310790000425,gen-1789613711-EBdXNLWXfPzNndkTjJnp,qwen/qwen3-coder-30b-a3b-instruct,SiliconFlow,1807,276,2083,6149,0,,,6149,False,,/home/justin/npu-playground/runs/case-study-v3-openrouter-interrupted-backup-20260917T031835Z/repeat-001/20260917T023536Z/hinted_ir/e4a59751ff1d4b1d97d8bff150cccc8f/report.json
Qwen,1,hinted_ir:cuda_vector_add:intel_npu_4000,hinted_ir,intel_npu_4000,4,intermediate,completed,stop,15.65455042100075,gen-1789613720-n8TnTUUbnOQpQldkaDGU,qwen/qwen3-coder-30b-a3b-instruct,SiliconFlow,1518,120,1638,5105,0,,,5105,False,,/home/justin/npu-playground/runs/case-study-v3-openrouter-interrupted-backup-20260917T031835Z/repeat-001/20260917T023536Z/hinted_ir/e4a59751ff1d4b1d97d8bff150cccc8f/report.json
Qwen,1,hinted_ir:cuda_vector_add:intel_npu_4000,hinted_ir,intel_npu_4000,4,code,completed,stop,8.13000887400267,gen-1789613736-WeK7CegXxWb1hNE5duhR,qwen/qwen3-coder-30b-a3b-instruct,SiliconFlow,1807,276,2083,6149,0,,,6149,False,,/home/justin/npu-playground/runs/case-study-v3-openrouter-interrupted-backup-20260917T031835Z/repeat-001/20260917T023536Z/hinted_ir/e4a59751ff1d4b1d97d8bff150cccc8f/report.json
Qwen,1,hinted_ir:cuda_vector_add:intel_npu_4000,hinted_ir,intel_npu_4000,5,intermediate,completed,stop,4.750000989999535,gen-1789613745-I5PnIMrij6He7mi2TpKw,qwen/qwen3-coder-30b-a3b-instruct,SiliconFlow,1518,120,1638,5105,0,,,5105,False,,/home/justin/npu-playground/runs/case-study-v3-openrouter-interrupted-backup-20260917T031835Z/repeat-001/20260917T023536Z/hinted_ir/e4a59751ff1d4b1d97d8bff150cccc8f/report.json
Qwen,1,hinted_ir:cuda_vector_add:intel_npu_4000,hinted_ir,intel_npu_4000,5,code,completed,stop,8.404964326000481,gen-1789613750-4YI2aDVzJNBJbiSv2bto,qwen/qwen3-coder-30b-a3b-instruct,SiliconFlow,1807,276,2083,6149,0,,,6149,False,,/home/justin/npu-playground/runs/case-study-v3-openrouter-interrupted-backup-20260917T031835Z/repeat-001/20260917T023536Z/hinted_ir/e4a59751ff1d4b1d97d8bff150cccc8f/report.json
Qwen,1,hinted_ir:cuda_vector_add:intel_npu_4000,hinted_ir,intel_npu_4000,6,intermediate,completed,stop,4.468503619998955,gen-1789613759-5Y3kwsd1glYBs25uxqpW,qwen/qwen3-coder-30b-a3b-instruct,SiliconFlow,1518,120,1638,5105,0,,,5105,False,,/home/justin/npu-playground/runs/case-study-v3-openrouter-interrupted-backup-20260917T031835Z/repeat-001/20260917T023536Z/hinted_ir/e4a59751ff1d4b1d97d8bff150cccc8f/report.json
Qwen,1,hinted_ir:cuda_vector_add:intel_npu_4000,hinted_ir,intel_npu_4000,6,code,completed,stop,6.990626096001506,gen-1789613764-9tJAakyJbuCeSK9LqpHX,qwen/qwen3-coder-30b-a3b-instruct,SiliconFlow,1807,276,2083,6149,0,,,6149,False,,/home/justin/npu-playground/runs/case-study-v3-openrouter-interrupted-backup-20260917T031835Z/repeat-001/20260917T023536Z/hinted_ir/e4a59751ff1d4b1d97d8bff150cccc8f/report.json
Qwen,1,hinted_ir:cuda_vector_add:intel_npu_4000,hinted_ir,intel_npu_4000,7,intermediate,completed,stop,5.348445313000411,gen-1789613772-5nUUfAQsBYwv1hiPkC17,qwen/qwen3-coder-30b-a3b-instruct,SiliconFlow,1518,120,1638,5105,0,,,5105,False,,/home/justin/npu-playground/runs/case-study-v3-openrouter-interrupted-backup-20260917T031835Z/repeat-001/20260917T023536Z/hinted_ir/e4a59751ff1d4b1d97d8bff150cccc8f/report.json
Qwen,1,hinted_ir:cuda_vector_add:intel_npu_4000,hinted_ir,intel_npu_4000,7,code,completed,stop,8.250752880001528,gen-1789613777-NXVit0pOzXI0UHuqfTVg,qwen/qwen3-coder-30b-a3b-instruct,SiliconFlow,1807,276,2083,6149,0,,,6149,False,,/home/justin/npu-playground/runs/case-study-v3-openrouter-interrupted-backup-20260917T031835Z/repeat-001/20260917T023536Z/hinted_ir/e4a59751ff1d4b1d97d8bff150cccc8f/report.json
Qwen,1,hinted_ir:cuda_vector_add:intel_npu_4000,hinted_ir,intel_npu_4000,8,intermediate,completed,stop,4.7980257630006236,gen-1789613787-8uBU951eMCwJByTqeQyG,qwen/qwen3-coder-30b-a3b-instruct,SiliconFlow,1518,120,1638,5105,0,,,5105,False,,/home/justin/npu-playground/runs/case-study-v3-openrouter-interrupted-backup-20260917T031835Z/repeat-001/20260917T023536Z/hinted_ir/e4a59751ff1d4b1d97d8bff150cccc8f/report.json
Qwen,1,hinted_ir:cuda_vector_add:intel_npu_4000,hinted_ir,intel_npu_4000,8,code,completed,stop,9.901025382998341,gen-1789613792-GOHdIaXeMijEA8AVFqP0,qwen/qwen3-coder-30b-a3b-instruct,SiliconFlow,1807,276,2083,6149,0,,,6149,False,,/home/justin/npu-playground/runs/case-study-v3-openrouter-interrupted-backup-20260917T031835Z/repeat-001/20260917T023536Z/hinted_ir/e4a59751ff1d4b1d97d8bff150cccc8f/report.json
Qwen,1,hinted_ir:cuda_vector_add:intel_npu_4000,hinted_ir,intel_npu_4000,9,intermediate,completed,stop,4.442331392998312,gen-1789613803-HJgeuXE6vD73Fe32ATDL,qwen/qwen3-coder-30b-a3b-instruct,SiliconFlow,1518,120,1638,5105,0,,,5105,False,,/home/justin/npu-playground/runs/case-study-v3-openrouter-interrupted-backup-20260917T031835Z/repeat-001/20260917T023536Z/hinted_ir/e4a59751ff1d4b1d97d8bff150cccc8f/report.json
Qwen,1,hinted_ir:cuda_vector_add:intel_npu_4000,hinted_ir,intel_npu_4000,9,code,completed,stop,8.431079841997416,gen-1789613807-U8jGISn4vvblYCngcAts,qwen/qwen3-coder-30b-a3b-instruct,SiliconFlow,1807,276,2083,6149,0,,,6149,False,,/home/justin/npu-playground/runs/case-study-v3-openrouter-interrupted-backup-20260917T031835Z/repeat-001/20260917T023536Z/hinted_ir/e4a59751ff1d4b1d97d8bff150cccc8f/report.json
Qwen,1,hinted_ir:cuda_vector_add:intel_npu_4000,hinted_ir,intel_npu_4000,10,intermediate,completed,stop,5.224333464997471,gen-1789613817-iSwRjolJcxQjt8PSMyG6,qwen/qwen3-coder-30b-a3b-instruct,SiliconFlow,1518,120,1638,5105,0,,,,False,,/home/justin/npu-playground/runs/case-study-v3-openrouter-interrupted-backup-20260917T031835Z/repeat-001/20260917T023536Z/hinted_ir/e4a59751ff1d4b1d97d8bff150cccc8f/report.json
Qwen,1,hinted_ir:cuda_vector_add:intel_npu_4000,hinted_ir,intel_npu_4000,10,code,completed,stop,9.052503817998513,gen-1789613822-IhTrzqYFLfFiBsEGee9k,qwen/qwen3-coder-30b-a3b-instruct,SiliconFlow,1807,276,2083,6149,0,,,,False,,/home/justin/npu-playground/runs/case-study-v3-openrouter-interrupted-backup-20260917T031835Z/repeat-001/20260917T023536Z/hinted_ir/e4a59751ff1d4b1d97d8bff150cccc8f/report.json
Qwen,1,hinted_ir:hip_gamma_correction:amd_xdna2_npu2,hinted_ir,amd_xdna2_npu2,1,intermediate,completed,stop,5.181918196001789,gen-1789613730-vrZSvlT7X6wmwZVpfz3f,qwen/qwen3-coder-30b-a3b-instruct,SiliconFlow,666,134,800,2125,0,,,8119,False,,/home/justin/npu-playground/runs/case-study-v3-openrouter-interrupted-backup-20260917T031835Z/repeat-001/20260917T023536Z/hinted_ir/01100e5f27854386852a9ffcc2e1bea6/report.json
Qwen,1,hinted_ir:hip_gamma_correction:amd_xdna2_npu2,hinted_ir,amd_xdna2_npu2,1,code,completed,stop,33.92414082899995,gen-1789613736-yhzj4TfgTE5jDqRp9XH6,qwen/qwen3-coder-30b-a3b-instruct,SiliconFlow,1926,1195,3121,6138,0,,,12132,False,,/home/justin/npu-playground/runs/case-study-v3-openrouter-interrupted-backup-20260917T031835Z/repeat-001/20260917T023536Z/hinted_ir/01100e5f27854386852a9ffcc2e1bea6/report.json
Qwen,1,hinted_ir:hip_gamma_correction:amd_xdna2_npu2,hinted_ir,amd_xdna2_npu2,2,intermediate,completed,stop,4.485165406000306,gen-1789613770-kSFrdw0hAH1AYlU9W2OG,qwen/qwen3-coder-30b-a3b-instruct,SiliconFlow,2672,134,2806,8119,0,,,9248,False,,/home/justin/npu-playground/runs/case-study-v3-openrouter-interrupted-backup-20260917T031835Z/repeat-001/20260917T023536Z/hinted_ir/01100e5f27854386852a9ffcc2e1bea6/report.json
Qwen,1,hinted_ir:hip_gamma_correction:amd_xdna2_npu2,hinted_ir,amd_xdna2_npu2,2,code,completed,stop,27.718931020001037,gen-1789613775-luHj7t27bXnap9N8OnFX,qwen/qwen3-coder-30b-a3b-instruct,SiliconFlow,3932,1193,5125,12132,0,,,13261,False,,/home/justin/npu-playground/runs/case-study-v3-openrouter-interrupted-backup-20260917T031835Z/repeat-001/20260917T023536Z/hinted_ir/01100e5f27854386852a9ffcc2e1bea6/report.json
Qwen,1,hinted_ir:hip_gamma_correction:amd_xdna2_npu2,hinted_ir,amd_xdna2_npu2,3,intermediate,completed,stop,5.418479911997565,gen-1789613810-8IYm44BWBdpy0tPKVU4K,qwen/qwen3-coder-30b-a3b-instruct,SiliconFlow,2914,134,3048,9248,0,,,8686,False,,/home/justin/npu-playground/runs/case-study-v3-openrouter-interrupted-backup-20260917T031835Z/repeat-001/20260917T023536Z/hinted_ir/01100e5f27854386852a9ffcc2e1bea6/report.json
Qwen,1,hinted_ir:hip_gamma_correction:amd_xdna2_npu2,hinted_ir,amd_xdna2_npu2,3,code,completed,stop,31.947121334000258,gen-1789613815-NVSR4n3uCW8I6k6x3HiX,qwen/qwen3-coder-30b-a3b-instruct,SiliconFlow,4174,1219,5393,13261,0,,,12699,False,,/home/justin/npu-playground/runs/case-study-v3-openrouter-interrupted-backup-20260917T031835Z/repeat-001/20260917T023536Z/hinted_ir/01100e5f27854386852a9ffcc2e1bea6/report.json
Qwen,1,hinted_ir:hip_gamma_correction:amd_xdna2_npu2,hinted_ir,amd_xdna2_npu2,4,intermediate,completed,stop,4.417384660999232,gen-1789613851-1m9IsvKKUe48z3Wg9MT7,qwen/qwen3-coder-30b-a3b-instruct,SiliconFlow,2837,134,2971,8686,0,,,8686,False,,/home/justin/npu-playground/runs/case-study-v3-openrouter-interrupted-backup-20260917T031835Z/repeat-001/20260917T023536Z/hinted_ir/01100e5f27854386852a9ffcc2e1bea6/report.json
Qwen,1,hinted_ir:hip_gamma_correction:amd_xdna2_npu2,hinted_ir,amd_xdna2_npu2,4,code,completed,stop,30.23826875099985,gen-1789613855-43GS0OkxMWLdAgB3VxUe,qwen/qwen3-coder-30b-a3b-instruct,SiliconFlow,4097,1219,5316,12699,0,,,12699,False,,/home/justin/npu-playground/runs/case-study-v3-openrouter-interrupted-backup-20260917T031835Z/repeat-001/20260917T023536Z/hinted_ir/01100e5f27854386852a9ffcc2e1bea6/report.json
Qwen,1,hinted_ir:hip_gamma_correction:amd_xdna2_npu2,hinted_ir,amd_xdna2_npu2,5,intermediate,completed,stop,4.606318817001011,gen-1789613889-K764B0k8m4Mb4lQspNTY,qwen/qwen3-coder-30b-a3b-instruct,SiliconFlow,2837,134,2971,8686,0,,,8686,False,,/home/justin/npu-playground/runs/case-study-v3-openrouter-interrupted-backup-20260917T031835Z/repeat-001/20260917T023536Z/hinted_ir/01100e5f27854386852a9ffcc2e1bea6/report.json
Qwen,1,hinted_ir:hip_gamma_correction:amd_xdna2_npu2,hinted_ir,amd_xdna2_npu2,5,code,completed,stop,49.55618312500155,gen-1789613894-dwa4LJe8YDWbDvz4bjND,qwen/qwen3-coder-30b-a3b-instruct,SiliconFlow,4097,1219,5316,12699,0,,,12699,False,,/home/justin/npu-playground/runs/case-study-v3-openrouter-interrupted-backup-20260917T031835Z/repeat-001/20260917T023536Z/hinted_ir/01100e5f27854386852a9ffcc2e1bea6/report.json
Qwen,1,hinted_ir:hip_gamma_correction:amd_xdna2_npu2,hinted_ir,amd_xdna2_npu2,6,intermediate,completed,stop,4.906641448997107,gen-1789613946-2unSpcgEifJHGs0GxShW,qwen/qwen3-coder-30b-a3b-instruct,SiliconFlow,2837,134,2971,8686,0,,,8686,False,,/home/justin/npu-playground/runs/case-study-v3-openrouter-interrupted-backup-20260917T031835Z/repeat-001/20260917T023536Z/hinted_ir/01100e5f27854386852a9ffcc2e1bea6/report.json
Qwen,1,hinted_ir:hip_gamma_correction:amd_xdna2_npu2,hinted_ir,amd_xdna2_npu2,6,code,completed,stop,27.71898791000058,gen-1789613951-lOsR3JBKEi0dTevC3cAk,qwen/qwen3-coder-30b-a3b-instruct,SiliconFlow,4097,1219,5316,12699,0,,,12699,False,,/home/justin/npu-playground/runs/case-study-v3-openrouter-interrupted-backup-20260917T031835Z/repeat-001/20260917T023536Z/hinted_ir/01100e5f27854386852a9ffcc2e1bea6/report.json
Qwen,1,hinted_ir:hip_gamma_correction:amd_xdna2_npu2,hinted_ir,amd_xdna2_npu2,7,intermediate,completed,stop,4.541281275000074,gen-1789613982-deTgnU4VHnQOkkA6d4Vx,qwen/qwen3-coder-30b-a3b-instruct,SiliconFlow,2837,134,2971,8686,0,,,8686,False,,/home/justin/npu-playground/runs/case-study-v3-openrouter-interrupted-backup-20260917T031835Z/repeat-001/20260917T023536Z/hinted_ir/01100e5f27854386852a9ffcc2e1bea6/report.json
Qwen,1,hinted_ir:hip_gamma_correction:amd_xdna2_npu2,hinted_ir,amd_xdna2_npu2,7,code,completed,stop,36.063387322999915,gen-1789613987-vNBYKQnYBOOAswxWOQXX,qwen/qwen3-coder-30b-a3b-instruct,SiliconFlow,4097,1219,5316,12699,0,,,12699,False,,/home/justin/npu-playground/runs/case-study-v3-openrouter-interrupted-backup-20260917T031835Z/repeat-001/20260917T023536Z/hinted_ir/01100e5f27854386852a9ffcc2e1bea6/report.json
Qwen,1,hinted_ir:hip_gamma_correction:amd_xdna2_npu2,hinted_ir,amd_xdna2_npu2,8,intermediate,completed,stop,5.508182247998775,gen-1789614025-AxGhCm0XtivJtYsXHYgG,qwen/qwen3-coder-30b-a3b-instruct,SiliconFlow,2837,134,2971,8686,0,,,8686,False,,/home/justin/npu-playground/runs/case-study-v3-openrouter-interrupted-backup-20260917T031835Z/repeat-001/20260917T023536Z/hinted_ir/01100e5f27854386852a9ffcc2e1bea6/report.json
Qwen,1,hinted_ir:hip_gamma_correction:amd_xdna2_npu2,hinted_ir,amd_xdna2_npu2,8,code,completed,stop,41.04852096799732,gen-1789614031-DdqSJG40uBEVEx3hv74I,qwen/qwen3-coder-30b-a3b-instruct,SiliconFlow,4097,1219,5316,12699,0,,,12699,False,,/home/justin/npu-playground/runs/case-study-v3-openrouter-interrupted-backup-20260917T031835Z/repeat-001/20260917T023536Z/hinted_ir/01100e5f27854386852a9ffcc2e1bea6/report.json
Qwen,1,hinted_ir:hip_gamma_correction:amd_xdna2_npu2,hinted_ir,amd_xdna2_npu2,9,intermediate,completed,stop,5.894946516000346,gen-1789614075-ZKfb0NyJzPI5rdu9p11o,qwen/qwen3-coder-30b-a3b-instruct,SiliconFlow,2837,134,2971,8686,0,,,8686,False,,/home/justin/npu-playground/runs/case-study-v3-openrouter-interrupted-backup-20260917T031835Z/repeat-001/20260917T023536Z/hinted_ir/01100e5f27854386852a9ffcc2e1bea6/report.json
Qwen,1,hinted_ir:hip_gamma_correction:amd_xdna2_npu2,hinted_ir,amd_xdna2_npu2,9,code,completed,stop,31.72263247799856,gen-1789614081-VBhLvYAmQv0lkEA77jLK,qwen/qwen3-coder-30b-a3b-instruct,SiliconFlow,4097,1219,5316,12699,0,,,12699,False,,/home/justin/npu-playground/runs/case-study-v3-openrouter-interrupted-backup-20260917T031835Z/repeat-001/20260917T023536Z/hinted_ir/01100e5f27854386852a9ffcc2e1bea6/report.json
Qwen,1,hinted_ir:hip_gamma_correction:amd_xdna2_npu2,hinted_ir,amd_xdna2_npu2,10,intermediate,completed,stop,4.615141737001977,gen-1789614115-o2orD21NzvtEyRvtOmEq,qwen/qwen3-coder-30b-a3b-instruct,SiliconFlow,2837,134,2971,8686,0,,,,False,,/home/justin/npu-playground/runs/case-study-v3-openrouter-interrupted-backup-20260917T031835Z/repeat-001/20260917T023536Z/hinted_ir/01100e5f27854386852a9ffcc2e1bea6/report.json
Qwen,1,hinted_ir:hip_gamma_correction:amd_xdna2_npu2,hinted_ir,amd_xdna2_npu2,10,code,completed,stop,35.7322604660003,gen-1789614120-2EmuOwCu82uZOWpNcphC,qwen/qwen3-coder-30b-a3b-instruct,SiliconFlow,4097,1219,5316,12699,0,,,,False,,/home/justin/npu-playground/runs/case-study-v3-openrouter-interrupted-backup-20260917T031835Z/repeat-001/20260917T023536Z/hinted_ir/01100e5f27854386852a9ffcc2e1bea6/report.json
Qwen,1,hinted_ir:hip_gamma_correction:intel_npu_4000,hinted_ir,intel_npu_4000,1,intermediate,completed,stop,3.7528727069984598,gen-1789612577-s2s7RVQWJypXItfOdkRA,qwen/qwen3-coder-30b-a3b-instruct,SiliconFlow,666,133,799,2125,0,,,,False,,/home/justin/npu-playground/runs/case-study-v3-openrouter-interrupted-backup-20260917T031835Z/repeat-001/20260917T023536Z/hinted_ir/155161b6e8ca4aae9fb6700eb6fdc010/report.json
Qwen,1,hinted_ir:hip_gamma_correction:intel_npu_4000,hinted_ir,intel_npu_4000,1,code,completed,stop,15.113633594999555,gen-1789612580-M95lQbfTneWMUZbrTP9x,qwen/qwen3-coder-30b-a3b-instruct,SiliconFlow,944,370,1314,3065,0,,,,False,,/home/justin/npu-playground/runs/case-study-v3-openrouter-interrupted-backup-20260917T031835Z/repeat-001/20260917T023536Z/hinted_ir/155161b6e8ca4aae9fb6700eb6fdc010/report.json
Qwen,1,hinted_ir:hip_image_convolution:amd_xdna2_npu2,hinted_ir,amd_xdna2_npu2,1,intermediate,rejected,length,900.3946991390003,gen-1789613163-DlHzR9IwC4zgVKylKymP,qwen/qwen3-coder-30b-a3b-instruct,SiliconFlow,810,32768,33578,2444,185500,0.00322911051212938,LAYOUT_ROW_MAJOR_LAYOUT_ROW_MAJOR_LAYOUT_ROW_MAJOR_LAYOUT_ROW_MAJOR_LAYOUT_ROW_MAJOR_LAYOUT_ROW_MAJOR_LAYOUT_ROW_MAJOR_LAYOUT_ROW_MAJOR_LAYOUT_ROW_MAJOR_LAYOUT_ROW_MAJOR_LAYOUT_ROW,188082,True,OpenRouter structured response rejected: generation ended with length,/home/justin/npu-playground/runs/case-study-v3-openrouter-interrupted-backup-20260917T031835Z/repeat-001/20260917T023536Z/hinted_ir/d8828168f3134fa487bbd6d8138e16f7/report.json
Qwen,1,hinted_ir:hip_image_convolution:amd_xdna2_npu2,hinted_ir,amd_xdna2_npu2,2,intermediate,blocked,,,,,,,,,188082,0,,,,False,interrupted provider call: response and exact usage unavailable,/home/justin/npu-playground/runs/case-study-v3-openrouter-interrupted-backup-20260917T031835Z/repeat-001/20260917T023536Z/hinted_ir/d8828168f3134fa487bbd6d8138e16f7/report.json
Qwen,1,hinted_ir:hip_image_convolution:intel_npu_4000,hinted_ir,intel_npu_4000,1,intermediate,completed,stop,14.94633019200046,gen-1789613168-yFVPpgTFj13lxsAIFSvA,qwen/qwen3-coder-30b-a3b-instruct,SiliconFlow,810,281,1091,2444,0,,,6214,False,,/home/justin/npu-playground/runs/case-study-v3-openrouter-interrupted-backup-20260917T031835Z/repeat-001/20260917T023536Z/hinted_ir/ffcf3d579c124e0f98cd7f2902dfb896/report.json
Qwen,1,hinted_ir:hip_image_convolution:intel_npu_4000,hinted_ir,intel_npu_4000,1,code,completed,stop,9.965387184001884,gen-1789613183-LAUbuoS4yrQ7d7UQg9OP,qwen/qwen3-coder-30b-a3b-instruct,SiliconFlow,1115,309,1424,3571,0,,,7341,False,,/home/justin/npu-playground/runs/case-study-v3-openrouter-interrupted-backup-20260917T031835Z/repeat-001/20260917T023536Z/hinted_ir/ffcf3d579c124e0f98cd7f2902dfb896/report.json
Qwen,1,hinted_ir:hip_image_convolution:intel_npu_4000,hinted_ir,intel_npu_4000,2,intermediate,completed,stop,12.979530176999106,gen-1789613194-qLiTDojWjmiOnGlTx6hz,qwen/qwen3-coder-30b-a3b-instruct,SiliconFlow,1916,281,2197,6214,0,,,,False,,/home/justin/npu-playground/runs/case-study-v3-openrouter-interrupted-backup-20260917T031835Z/repeat-001/20260917T023536Z/hinted_ir/ffcf3d579c124e0f98cd7f2902dfb896/report.json
Qwen,1,hinted_ir:hip_image_convolution:intel_npu_4000,hinted_ir,intel_npu_4000,2,code,completed,stop,13.617645440997876,gen-1789613207-dlhzD7k0rfLFeVPOMan6,qwen/qwen3-coder-30b-a3b-instruct,SiliconFlow,2221,314,2535,7341,0,,,,False,,/home/justin/npu-playground/runs/case-study-v3-openrouter-interrupted-backup-20260917T031835Z/repeat-001/20260917T023536Z/hinted_ir/ffcf3d579c124e0f98cd7f2902dfb896/report.json
Qwen,1,hinted_ir:hip_moving_average:amd_xdna2_npu2,hinted_ir,amd_xdna2_npu2,1,intermediate,completed,stop,19.60777875599888,gen-1789613336-TyQw0ByPhsi2YxhBnNGU,qwen/qwen3-coder-30b-a3b-instruct,SiliconFlow,673,169,842,2128,0,,,7141,False,,/home/justin/npu-playground/runs/case-study-v3-openrouter-interrupted-backup-20260917T031835Z/repeat-001/20260917T023536Z/hinted_ir/c622f85c73f34f579f1dfcdb5f49cd40/report.json
Qwen,1,hinted_ir:hip_moving_average:amd_xdna2_npu2,hinted_ir,amd_xdna2_npu2,1,code,completed,stop,31.445378308999352,gen-1789613356-mOUJQFH3FkmrpP8Agv7y,qwen/qwen3-coder-30b-a3b-instruct,SiliconFlow,1942,990,2932,6305,0,,,11318,False,,/home/justin/npu-playground/runs/case-study-v3-openrouter-interrupted-backup-20260917T031835Z/repeat-001/20260917T023536Z/hinted_ir/c622f85c73f34f579f1dfcdb5f49cd40/report.json
Qwen,1,hinted_ir:hip_moving_average:amd_xdna2_npu2,hinted_ir,amd_xdna2_npu2,2,intermediate,completed,stop,5.043345796002541,gen-1789613395-AU8XSjBYxqSD9Kz3y7UA,qwen/qwen3-coder-30b-a3b-instruct,SiliconFlow,2297,169,2466,7141,0,,,8217,False,,/home/justin/npu-playground/runs/case-study-v3-openrouter-interrupted-backup-20260917T031835Z/repeat-001/20260917T023536Z/hinted_ir/c622f85c73f34f579f1dfcdb5f49cd40/report.json
Qwen,1,hinted_ir:hip_moving_average:amd_xdna2_npu2,hinted_ir,amd_xdna2_npu2,2,code,completed,stop,24.983427375998872,gen-1789613400-7AlL21zIVs1rXXWPSEm9,qwen/qwen3-coder-30b-a3b-instruct,SiliconFlow,3566,1013,4579,11318,0,,,12394,False,,/home/justin/npu-playground/runs/case-study-v3-openrouter-interrupted-backup-20260917T031835Z/repeat-001/20260917T023536Z/hinted_ir/c622f85c73f34f579f1dfcdb5f49cd40/report.json
Qwen,1,hinted_ir:hip_moving_average:amd_xdna2_npu2,hinted_ir,amd_xdna2_npu2,3,intermediate,completed,stop,17.089918323999882,gen-1789613428-DVlhfNZIoz067dj9uDSs,qwen/qwen3-coder-30b-a3b-instruct,SiliconFlow,2674,169,2843,8217,0,,,8217,False,,/home/justin/npu-playground/runs/case-study-v3-openrouter-interrupted-backup-20260917T031835Z/repeat-001/20260917T023536Z/hinted_ir/c622f85c73f34f579f1dfcdb5f49cd40/report.json
Qwen,1,hinted_ir:hip_moving_average:amd_xdna2_npu2,hinted_ir,amd_xdna2_npu2,3,code,completed,stop,26.505194879002374,gen-1789613445-iCuCiU8Zw6aM07yXZhQR,qwen/qwen3-coder-30b-a3b-instruct,SiliconFlow,3943,1013,4956,12394,0,,,12394,False,,/home/justin/npu-playground/runs/case-study-v3-openrouter-interrupted-backup-20260917T031835Z/repeat-001/20260917T023536Z/hinted_ir/c622f85c73f34f579f1dfcdb5f49cd40/report.json
Qwen,1,hinted_ir:hip_moving_average:amd_xdna2_npu2,hinted_ir,amd_xdna2_npu2,4,intermediate,completed,stop,6.975116893001541,gen-1789613475-ZCcmNFHpkWRd7N8YFvua,qwen/qwen3-coder-30b-a3b-instruct,SiliconFlow,2674,169,2843,8217,0,,,8217,False,,/home/justin/npu-playground/runs/case-study-v3-openrouter-interrupted-backup-20260917T031835Z/repeat-001/20260917T023536Z/hinted_ir/c622f85c73f34f579f1dfcdb5f49cd40/report.json
Qwen,1,hinted_ir:hip_moving_average:amd_xdna2_npu2,hinted_ir,amd_xdna2_npu2,4,code,completed,stop,39.18003484200017,gen-1789613482-367u3DSrmjBVkzlWp5Oa,qwen/qwen3-coder-30b-a3b-instruct,SiliconFlow,3943,1013,4956,12394,0,,,12394,False,,/home/justin/npu-playground/runs/case-study-v3-openrouter-interrupted-backup-20260917T031835Z/repeat-001/20260917T023536Z/hinted_ir/c622f85c73f34f579f1dfcdb5f49cd40/report.json
Qwen,1,hinted_ir:hip_moving_average:amd_xdna2_npu2,hinted_ir,amd_xdna2_npu2,5,intermediate,completed,stop,5.987535043001117,gen-1789613523-nOGQEEEOZwJJhKrYWZg7,qwen/qwen3-coder-30b-a3b-instruct,SiliconFlow,2674,169,2843,8217,0,,,8217,False,,/home/justin/npu-playground/runs/case-study-v3-openrouter-interrupted-backup-20260917T031835Z/repeat-001/20260917T023536Z/hinted_ir/c622f85c73f34f579f1dfcdb5f49cd40/report.json
Qwen,1,hinted_ir:hip_moving_average:amd_xdna2_npu2,hinted_ir,amd_xdna2_npu2,5,code,completed,stop,26.32770486699883,gen-1789613529-teBLWf7s5kzMWmln0U1R,qwen/qwen3-coder-30b-a3b-instruct,SiliconFlow,3943,1013,4956,12394,0,,,12394,False,,/home/justin/npu-playground/runs/case-study-v3-openrouter-interrupted-backup-20260917T031835Z/repeat-001/20260917T023536Z/hinted_ir/c622f85c73f34f579f1dfcdb5f49cd40/report.json
Qwen,1,hinted_ir:hip_moving_average:amd_xdna2_npu2,hinted_ir,amd_xdna2_npu2,6,intermediate,completed,stop,7.361273218000861,gen-1789613559-4N7NXtmhwKblayiq3cgu,qwen/qwen3-coder-30b-a3b-instruct,SiliconFlow,2674,169,2843,8217,0,,,8217,False,,/home/justin/npu-playground/runs/case-study-v3-openrouter-interrupted-backup-20260917T031835Z/repeat-001/20260917T023536Z/hinted_ir/c622f85c73f34f579f1dfcdb5f49cd40/report.json
Qwen,1,hinted_ir:hip_moving_average:amd_xdna2_npu2,hinted_ir,amd_xdna2_npu2,6,code,completed,stop,25.19600177599932,gen-1789613566-IjmzoFAmYH5pAwHqI2bw,qwen/qwen3-coder-30b-a3b-instruct,SiliconFlow,3943,1013,4956,12394,0,,,12394,False,,/home/justin/npu-playground/runs/case-study-v3-openrouter-interrupted-backup-20260917T031835Z/repeat-001/20260917T023536Z/hinted_ir/c622f85c73f34f579f1dfcdb5f49cd40/report.json
Qwen,1,hinted_ir:hip_moving_average:amd_xdna2_npu2,hinted_ir,amd_xdna2_npu2,7,intermediate,completed,stop,7.866063071000099,gen-1789613594-jCf7J38Knjk0pn3maQcE,qwen/qwen3-coder-30b-a3b-instruct,SiliconFlow,2674,169,2843,8217,0,,,8217,False,,/home/justin/npu-playground/runs/case-study-v3-openrouter-interrupted-backup-20260917T031835Z/repeat-001/20260917T023536Z/hinted_ir/c622f85c73f34f579f1dfcdb5f49cd40/report.json
Qwen,1,hinted_ir:hip_moving_average:amd_xdna2_npu2,hinted_ir,amd_xdna2_npu2,7,code,completed,stop,33.71413366500201,gen-1789613602-cpqEsSMCoZZaKyoCK71a,qwen/qwen3-coder-30b-a3b-instruct,SiliconFlow,3943,1013,4956,12394,0,,,12394,False,,/home/justin/npu-playground/runs/case-study-v3-openrouter-interrupted-backup-20260917T031835Z/repeat-001/20260917T023536Z/hinted_ir/c622f85c73f34f579f1dfcdb5f49cd40/report.json
Qwen,1,hinted_ir:hip_moving_average:amd_xdna2_npu2,hinted_ir,amd_xdna2_npu2,8,intermediate,completed,stop,36.93869152199841,gen-1789613639-IjNHyOCOch6rGZi4BCSS,qwen/qwen3-coder-30b-a3b-instruct,SiliconFlow,2674,169,2843,8217,0,,,8217,False,,/home/justin/npu-playground/runs/case-study-v3-openrouter-interrupted-backup-20260917T031835Z/repeat-001/20260917T023536Z/hinted_ir/c622f85c73f34f579f1dfcdb5f49cd40/report.json
Qwen,1,hinted_ir:hip_moving_average:amd_xdna2_npu2,hinted_ir,amd_xdna2_npu2,8,code,completed,stop,37.62006081999789,gen-1789613676-aG6QWsEb44rGmLyNBs2v,qwen/qwen3-coder-30b-a3b-instruct,SiliconFlow,3943,1013,4956,12394,0,,,12394,False,,/home/justin/npu-playground/runs/case-study-v3-openrouter-interrupted-backup-20260917T031835Z/repeat-001/20260917T023536Z/hinted_ir/c622f85c73f34f579f1dfcdb5f49cd40/report.json
Qwen,1,hinted_ir:hip_moving_average:amd_xdna2_npu2,hinted_ir,amd_xdna2_npu2,9,intermediate,completed,stop,5.1691910269983055,gen-1789613717-FXjMIHRuUDvpJOsaRG3K,qwen/qwen3-coder-30b-a3b-instruct,SiliconFlow,2674,169,2843,8217,0,,,8217,False,,/home/justin/npu-playground/runs/case-study-v3-openrouter-interrupted-backup-20260917T031835Z/repeat-001/20260917T023536Z/hinted_ir/c622f85c73f34f579f1dfcdb5f49cd40/report.json
Qwen,1,hinted_ir:hip_moving_average:amd_xdna2_npu2,hinted_ir,amd_xdna2_npu2,9,code,completed,stop,33.606416557002376,gen-1789613722-rkj9yBP6ueOvagEoAnam,qwen/qwen3-coder-30b-a3b-instruct,SiliconFlow,3943,1013,4956,12394,0,,,12394,False,,/home/justin/npu-playground/runs/case-study-v3-openrouter-interrupted-backup-20260917T031835Z/repeat-001/20260917T023536Z/hinted_ir/c622f85c73f34f579f1dfcdb5f49cd40/report.json
Qwen,1,hinted_ir:hip_moving_average:amd_xdna2_npu2,hinted_ir,amd_xdna2_npu2,10,intermediate,completed,stop,6.027750593999372,gen-1789613759-jktNHjFZFgPCSOOkFyA8,qwen/qwen3-coder-30b-a3b-instruct,SiliconFlow,2674,169,2843,8217,0,,,,False,,/home/justin/npu-playground/runs/case-study-v3-openrouter-interrupted-backup-20260917T031835Z/repeat-001/20260917T023536Z/hinted_ir/c622f85c73f34f579f1dfcdb5f49cd40/report.json
Qwen,1,hinted_ir:hip_moving_average:amd_xdna2_npu2,hinted_ir,amd_xdna2_npu2,10,code,completed,stop,33.100985527002194,gen-1789613765-hU90Nv801b6dh9LBs1rr,qwen/qwen3-coder-30b-a3b-instruct,SiliconFlow,3943,1013,4956,12394,0,,,,False,,/home/justin/npu-playground/runs/case-study-v3-openrouter-interrupted-backup-20260917T031835Z/repeat-001/20260917T023536Z/hinted_ir/c622f85c73f34f579f1dfcdb5f49cd40/report.json
Qwen,1,hinted_ir:hip_moving_average:intel_npu_4000,hinted_ir,intel_npu_4000,1,intermediate,completed,stop,6.710052500999154,gen-1789612537-LND1dEjJbn5gxiG6yjaj,qwen/qwen3-coder-30b-a3b-instruct,SiliconFlow,673,220,893,2128,0,,,6789,False,,/home/justin/npu-playground/runs/case-study-v3-openrouter-interrupted-backup-20260917T031835Z/repeat-001/20260917T023536Z/hinted_ir/6a5c9782950544cc8eb54e94dea0a5f4/report.json
Qwen,1,hinted_ir:hip_moving_average:intel_npu_4000,hinted_ir,intel_npu_4000,1,code,completed,stop,12.647063094002078,gen-1789612543-CCjRsgvrGl11BtefI7Mk,qwen/qwen3-coder-30b-a3b-instruct,SiliconFlow,1012,491,1503,3381,0,,,8042,False,,/home/justin/npu-playground/runs/case-study-v3-openrouter-interrupted-backup-20260917T031835Z/repeat-001/20260917T023536Z/hinted_ir/6a5c9782950544cc8eb54e94dea0a5f4/report.json
Qwen,1,hinted_ir:hip_moving_average:intel_npu_4000,hinted_ir,intel_npu_4000,2,intermediate,completed,stop,8.214086676998704,gen-1789612558-hQQ4eng03zwvjwIM6zfy,qwen/qwen3-coder-30b-a3b-instruct,SiliconFlow,2020,220,2240,6789,0,,,7869,False,,/home/justin/npu-playground/runs/case-study-v3-openrouter-interrupted-backup-20260917T031835Z/repeat-001/20260917T023536Z/hinted_ir/6a5c9782950544cc8eb54e94dea0a5f4/report.json
Qwen,1,hinted_ir:hip_moving_average:intel_npu_4000,hinted_ir,intel_npu_4000,2,code,completed,stop,19.776041306999105,gen-1789612566-5pgF4KsnNwLpHHKD4UIl,qwen/qwen3-coder-30b-a3b-instruct,SiliconFlow,2359,755,3114,8042,0,,,9122,False,,/home/justin/npu-playground/runs/case-study-v3-openrouter-interrupted-backup-20260917T031835Z/repeat-001/20260917T023536Z/hinted_ir/6a5c9782950544cc8eb54e94dea0a5f4/report.json
Qwen,1,hinted_ir:hip_moving_average:intel_npu_4000,hinted_ir,intel_npu_4000,3,intermediate,completed,stop,9.816223075999005,gen-1789612588-SLKs5VYGNFUxdD5magvI,qwen/qwen3-coder-30b-a3b-instruct,SiliconFlow,2268,220,2488,7869,0,,,8560,False,,/home/justin/npu-playground/runs/case-study-v3-openrouter-interrupted-backup-20260917T031835Z/repeat-001/20260917T023536Z/hinted_ir/6a5c9782950544cc8eb54e94dea0a5f4/report.json
Qwen,1,hinted_ir:hip_moving_average:intel_npu_4000,hinted_ir,intel_npu_4000,3,code,completed,stop,25.260269471000356,gen-1789612598-UC12sfm8AEgUrgQtAsdu,qwen/qwen3-coder-30b-a3b-instruct,SiliconFlow,2607,905,3512,9122,0,,,9813,False,,/home/justin/npu-playground/runs/case-study-v3-openrouter-interrupted-backup-20260917T031835Z/repeat-001/20260917T023536Z/hinted_ir/6a5c9782950544cc8eb54e94dea0a5f4/report.json
Qwen,1,hinted_ir:hip_moving_average:intel_npu_4000,hinted_ir,intel_npu_4000,4,intermediate,completed,stop,7.701186662001419,gen-1789612624-tqWS1ZJ939vMfv8BQRSP,qwen/qwen3-coder-30b-a3b-instruct,SiliconFlow,2418,220,2638,8560,0,,,8255,False,,/home/justin/npu-playground/runs/case-study-v3-openrouter-interrupted-backup-20260917T031835Z/repeat-001/20260917T023536Z/hinted_ir/6a5c9782950544cc8eb54e94dea0a5f4/report.json
Qwen,1,hinted_ir:hip_moving_average:intel_npu_4000,hinted_ir,intel_npu_4000,4,code,completed,stop,20.81018633200074,gen-1789612632-sU4cHf5FPg9OvRVWR3Zm,qwen/qwen3-coder-30b-a3b-instruct,SiliconFlow,2757,841,3598,9813,0,,,9508,False,,/home/justin/npu-playground/runs/case-study-v3-openrouter-interrupted-backup-20260917T031835Z/repeat-001/20260917T023536Z/hinted_ir/6a5c9782950544cc8eb54e94dea0a5f4/report.json
Qwen,1,hinted_ir:hip_moving_average:intel_npu_4000,hinted_ir,intel_npu_4000,5,intermediate,completed,stop,7.0497773669994785,gen-1789612654-KCYaTcs0occCjLkaxESN,qwen/qwen3-coder-30b-a3b-instruct,SiliconFlow,2354,220,2574,8255,0,,,7718,False,,/home/justin/npu-playground/runs/case-study-v3-openrouter-interrupted-backup-20260917T031835Z/repeat-001/20260917T023536Z/hinted_ir/6a5c9782950544cc8eb54e94dea0a5f4/report.json
Qwen,1,hinted_ir:hip_moving_average:intel_npu_4000,hinted_ir,intel_npu_4000,5,code,completed,stop,27.00897063499724,gen-1789612661-0UwrlTpLqqTelH0gimvX,qwen/qwen3-coder-30b-a3b-instruct,SiliconFlow,2693,838,3531,9508,0,,,8971,False,,/home/justin/npu-playground/runs/case-study-v3-openrouter-interrupted-backup-20260917T031835Z/repeat-001/20260917T023536Z/hinted_ir/6a5c9782950544cc8eb54e94dea0a5f4/report.json
Qwen,1,hinted_ir:hip_moving_average:intel_npu_4000,hinted_ir,intel_npu_4000,6,intermediate,completed,stop,6.295061605000228,gen-1789612690-7AQso2rl1rbpLoGsziTz,qwen/qwen3-coder-30b-a3b-instruct,SiliconFlow,2197,220,2417,7718,0,,,7644,False,,/home/justin/npu-playground/runs/case-study-v3-openrouter-interrupted-backup-20260917T031835Z/repeat-001/20260917T023536Z/hinted_ir/6a5c9782950544cc8eb54e94dea0a5f4/report.json
Qwen,1,hinted_ir:hip_moving_average:intel_npu_4000,hinted_ir,intel_npu_4000,6,code,completed,stop,27.905380693999177,gen-1789612696-HQZ9WeICAOx4SKw4IzZ2,qwen/qwen3-coder-30b-a3b-instruct,SiliconFlow,2536,817,3353,8971,0,,,8897,False,,/home/justin/npu-playground/runs/case-study-v3-openrouter-interrupted-backup-20260917T031835Z/repeat-001/20260917T023536Z/hinted_ir/6a5c9782950544cc8eb54e94dea0a5f4/report.json
Qwen,1,hinted_ir:hip_moving_average:intel_npu_4000,hinted_ir,intel_npu_4000,7,intermediate,completed,stop,9.444845895999606,gen-1789612725-QlmwgyLs3p8SYQsYvJ7H,qwen/qwen3-coder-30b-a3b-instruct,SiliconFlow,2186,220,2406,7644,0,,,8044,False,,/home/justin/npu-playground/runs/case-study-v3-openrouter-interrupted-backup-20260917T031835Z/repeat-001/20260917T023536Z/hinted_ir/6a5c9782950544cc8eb54e94dea0a5f4/report.json
Qwen,1,hinted_ir:hip_moving_average:intel_npu_4000,hinted_ir,intel_npu_4000,7,code,completed,stop,33.41308286600179,gen-1789612735-k3ewVI68cNbZZv9AGjIk,qwen/qwen3-coder-30b-a3b-instruct,SiliconFlow,2525,835,3360,8897,0,,,9297,False,,/home/justin/npu-playground/runs/case-study-v3-openrouter-interrupted-backup-20260917T031835Z/repeat-001/20260917T023536Z/hinted_ir/6a5c9782950544cc8eb54e94dea0a5f4/report.json
Qwen,1,hinted_ir:hip_moving_average:intel_npu_4000,hinted_ir,intel_npu_4000,8,intermediate,completed,stop,6.684468100000231,gen-1789612769-rP4DEl4uEnwEkf6AHVi7,qwen/qwen3-coder-30b-a3b-instruct,SiliconFlow,2352,220,2572,8044,0,,,8034,False,,/home/justin/npu-playground/runs/case-study-v3-openrouter-interrupted-backup-20260917T031835Z/repeat-001/20260917T023536Z/hinted_ir/6a5c9782950544cc8eb54e94dea0a5f4/report.json
Qwen,1,hinted_ir:hip_moving_average:intel_npu_4000,hinted_ir,intel_npu_4000,8,code,completed,stop,32.84470368899929,gen-1789612776-9G33qJcSlPQnbUPADtjL,qwen/qwen3-coder-30b-a3b-instruct,SiliconFlow,2691,831,3522,9297,0,,,9287,False,,/home/justin/npu-playground/runs/case-study-v3-openrouter-interrupted-backup-20260917T031835Z/repeat-001/20260917T023536Z/hinted_ir/6a5c9782950544cc8eb54e94dea0a5f4/report.json
Qwen,1,hinted_ir:hip_moving_average:intel_npu_4000,hinted_ir,intel_npu_4000,9,intermediate,completed,stop,9.967661276998115,gen-1789612810-Ji8x4kk6iU7Te2MRR4en,qwen/qwen3-coder-30b-a3b-instruct,SiliconFlow,2344,220,2564,8034,0,,,7583,False,,/home/justin/npu-playground/runs/case-study-v3-openrouter-interrupted-backup-20260917T031835Z/repeat-001/20260917T023536Z/hinted_ir/6a5c9782950544cc8eb54e94dea0a5f4/report.json
Qwen,1,hinted_ir:hip_moving_average:intel_npu_4000,hinted_ir,intel_npu_4000,9,code,completed,stop,24.590342812000017,gen-1789612820-dzsKvomECYzRIW1g3nUF,qwen/qwen3-coder-30b-a3b-instruct,SiliconFlow,2683,859,3542,9287,0,,,8836,False,,/home/justin/npu-playground/runs/case-study-v3-openrouter-interrupted-backup-20260917T031835Z/repeat-001/20260917T023536Z/hinted_ir/6a5c9782950544cc8eb54e94dea0a5f4/report.json
Qwen,1,hinted_ir:hip_moving_average:intel_npu_4000,hinted_ir,intel_npu_4000,10,intermediate,completed,stop,8.842313582001225,gen-1789612848-vG9gQrLyzHvPTyQwyGqA,qwen/qwen3-coder-30b-a3b-instruct,SiliconFlow,2218,220,2438,7583,0,,,,False,,/home/justin/npu-playground/runs/case-study-v3-openrouter-interrupted-backup-20260917T031835Z/repeat-001/20260917T023536Z/hinted_ir/6a5c9782950544cc8eb54e94dea0a5f4/report.json
Qwen,1,hinted_ir:hip_moving_average:intel_npu_4000,hinted_ir,intel_npu_4000,10,code,completed,stop,19.71871503299917,gen-1789612857-9gE9kq8gxohHzJBTdI0q,qwen/qwen3-coder-30b-a3b-instruct,SiliconFlow,2557,853,3410,8836,0,,,,False,,/home/justin/npu-playground/runs/case-study-v3-openrouter-interrupted-backup-20260917T031835Z/repeat-001/20260917T023536Z/hinted_ir/6a5c9782950544cc8eb54e94dea0a5f4/report.json
Qwen,1,hinted_ir:triton_fused_attention:amd_xdna2_npu2,hinted_ir,amd_xdna2_npu2,1,intermediate,completed,stop,11.803525845996774,gen-1789612537-3wUwLPBGAbwlfIacLBJz,qwen/qwen3-coder-30b-a3b-instruct,SiliconFlow,887,436,1323,2930,0,,,10497,False,,/home/justin/npu-playground/runs/case-study-v3-openrouter-interrupted-backup-20260917T031835Z/repeat-001/20260917T023536Z/hinted_ir/b84c644728f8488c87e9568f1b8e9eee/report.json
Qwen,1,hinted_ir:triton_fused_attention:amd_xdna2_npu2,hinted_ir,amd_xdna2_npu2,1,code,completed,stop,36.10410469400085,gen-1789612549-xLRGz8FYLel0Or4kY9Gr,qwen/qwen3-coder-30b-a3b-instruct,SiliconFlow,2316,1125,3441,7379,0,,,14946,False,,/home/justin/npu-playground/runs/case-study-v3-openrouter-interrupted-backup-20260917T031835Z/repeat-001/20260917T023536Z/hinted_ir/b84c644728f8488c87e9568f1b8e9eee/report.json
Qwen,1,hinted_ir:triton_fused_attention:amd_xdna2_npu2,hinted_ir,amd_xdna2_npu2,2,intermediate,completed,stop,15.78786733999732,gen-1789612587-hPPVFujeWzkIUjqdVEyE,qwen/qwen3-coder-30b-a3b-instruct,SiliconFlow,3045,436,3481,10497,0,,,10512,False,,/home/justin/npu-playground/runs/case-study-v3-openrouter-interrupted-backup-20260917T031835Z/repeat-001/20260917T023536Z/hinted_ir/b84c644728f8488c87e9568f1b8e9eee/report.json
Qwen,1,hinted_ir:triton_fused_attention:amd_xdna2_npu2,hinted_ir,amd_xdna2_npu2,2,code,completed,stop,26.36432815799708,gen-1789612603-FBFt60LXrdLUJYfmyX0a,qwen/qwen3-coder-30b-a3b-instruct,SiliconFlow,4474,1128,5602,14946,0,,,14961,False,,/home/justin/npu-playground/runs/case-study-v3-openrouter-interrupted-backup-20260917T031835Z/repeat-001/20260917T023536Z/hinted_ir/b84c644728f8488c87e9568f1b8e9eee/report.json
Qwen,1,hinted_ir:triton_fused_attention:amd_xdna2_npu2,hinted_ir,amd_xdna2_npu2,3,intermediate,completed,stop,16.936390483999276,gen-1789612630-hSNkqdEfib8kuIe7sPAA,qwen/qwen3-coder-30b-a3b-instruct,SiliconFlow,3054,436,3490,10512,0,,,10512,False,,/home/justin/npu-playground/runs/case-study-v3-openrouter-interrupted-backup-20260917T031835Z/repeat-001/20260917T023536Z/hinted_ir/b84c644728f8488c87e9568f1b8e9eee/report.json
Qwen,1,hinted_ir:triton_fused_attention:amd_xdna2_npu2,hinted_ir,amd_xdna2_npu2,3,code,completed,stop,30.56965703899914,gen-1789612647-DzU5MbzsTAGClgJRHFeA,qwen/qwen3-coder-30b-a3b-instruct,SiliconFlow,4483,1128,5611,14961,0,,,14961,False,,/home/justin/npu-playground/runs/case-study-v3-openrouter-interrupted-backup-20260917T031835Z/repeat-001/20260917T023536Z/hinted_ir/b84c644728f8488c87e9568f1b8e9eee/report.json
Qwen,1,hinted_ir:triton_fused_attention:amd_xdna2_npu2,hinted_ir,amd_xdna2_npu2,4,intermediate,completed,stop,15.455144081999606,gen-1789612678-yS8hBQ0Fe8o7Etkgf76t,qwen/qwen3-coder-30b-a3b-instruct,SiliconFlow,3054,436,3490,10512,0,,,10512,False,,/home/justin/npu-playground/runs/case-study-v3-openrouter-interrupted-backup-20260917T031835Z/repeat-001/20260917T023536Z/hinted_ir/b84c644728f8488c87e9568f1b8e9eee/report.json
Qwen,1,hinted_ir:triton_fused_attention:amd_xdna2_npu2,hinted_ir,amd_xdna2_npu2,4,code,completed,stop,37.645774296001036,gen-1789612694-zpcOglfjSpUbdSkdbeD4,qwen/qwen3-coder-30b-a3b-instruct,SiliconFlow,4483,1128,5611,14961,0,,,14961,False,,/home/justin/npu-playground/runs/case-study-v3-openrouter-interrupted-backup-20260917T031835Z/repeat-001/20260917T023536Z/hinted_ir/b84c644728f8488c87e9568f1b8e9eee/report.json
Qwen,1,hinted_ir:triton_fused_attention:amd_xdna2_npu2,hinted_ir,amd_xdna2_npu2,5,intermediate,completed,stop,11.795127468998544,gen-1789612732-v6wa7Uc4v57E6fHZgfxS,qwen/qwen3-coder-30b-a3b-instruct,SiliconFlow,3054,436,3490,10512,0,,,10512,False,,/home/justin/npu-playground/runs/case-study-v3-openrouter-interrupted-backup-20260917T031835Z/repeat-001/20260917T023536Z/hinted_ir/b84c644728f8488c87e9568f1b8e9eee/report.json
Qwen,1,hinted_ir:triton_fused_attention:amd_xdna2_npu2,hinted_ir,amd_xdna2_npu2,5,code,completed,stop,26.35989566399803,gen-1789612744-1RUjEeKImCBUtjW2fBni,qwen/qwen3-coder-30b-a3b-instruct,SiliconFlow,4483,1128,5611,14961,0,,,14961,False,,/home/justin/npu-playground/runs/case-study-v3-openrouter-interrupted-backup-20260917T031835Z/repeat-001/20260917T023536Z/hinted_ir/b84c644728f8488c87e9568f1b8e9eee/report.json
Qwen,1,hinted_ir:triton_fused_attention:amd_xdna2_npu2,hinted_ir,amd_xdna2_npu2,6,intermediate,completed,stop,10.7532540659995,gen-1789612771-0NjpBU0vXvmD36hkyRqr,qwen/qwen3-coder-30b-a3b-instruct,SiliconFlow,3054,436,3490,10512,0,,,10512,False,,/home/justin/npu-playground/runs/case-study-v3-openrouter-interrupted-backup-20260917T031835Z/repeat-001/20260917T023536Z/hinted_ir/b84c644728f8488c87e9568f1b8e9eee/report.json
Qwen,1,hinted_ir:triton_fused_attention:amd_xdna2_npu2,hinted_ir,amd_xdna2_npu2,6,code,completed,stop,37.04620413700104,gen-1789612782-uNBpIqrKaB2nqw0RuNHx,qwen/qwen3-coder-30b-a3b-instruct,SiliconFlow,4483,1128,5611,14961,0,,,14961,False,,/home/justin/npu-playground/runs/case-study-v3-openrouter-interrupted-backup-20260917T031835Z/repeat-001/20260917T023536Z/hinted_ir/b84c644728f8488c87e9568f1b8e9eee/report.json
Qwen,1,hinted_ir:triton_fused_attention:amd_xdna2_npu2,hinted_ir,amd_xdna2_npu2,7,intermediate,completed,stop,11.599788834999345,gen-1789612820-EWsVMKAUObs445Y73Zvd,qwen/qwen3-coder-30b-a3b-instruct,SiliconFlow,3054,436,3490,10512,0,,,10512,False,,/home/justin/npu-playground/runs/case-study-v3-openrouter-interrupted-backup-20260917T031835Z/repeat-001/20260917T023536Z/hinted_ir/b84c644728f8488c87e9568f1b8e9eee/report.json
Qwen,1,hinted_ir:triton_fused_attention:amd_xdna2_npu2,hinted_ir,amd_xdna2_npu2,7,code,completed,stop,42.86170454199964,gen-1789612831-a5ZpXjjREfaE8vMtJgH2,qwen/qwen3-coder-30b-a3b-instruct,SiliconFlow,4483,1128,5611,14961,0,,,14961,False,,/home/justin/npu-playground/runs/case-study-v3-openrouter-interrupted-backup-20260917T031835Z/repeat-001/20260917T023536Z/hinted_ir/b84c644728f8488c87e9568f1b8e9eee/report.json
Qwen,1,hinted_ir:triton_fused_attention:amd_xdna2_npu2,hinted_ir,amd_xdna2_npu2,8,intermediate,completed,stop,11.868490222997934,gen-1789612875-XBkGRgwEf5IGRnwq7chu,qwen/qwen3-coder-30b-a3b-instruct,SiliconFlow,3054,436,3490,10512,0,,,10512,False,,/home/justin/npu-playground/runs/case-study-v3-openrouter-interrupted-backup-20260917T031835Z/repeat-001/20260917T023536Z/hinted_ir/b84c644728f8488c87e9568f1b8e9eee/report.json
Qwen,1,hinted_ir:triton_fused_attention:amd_xdna2_npu2,hinted_ir,amd_xdna2_npu2,8,code,completed,stop,30.921779053998762,gen-1789612887-PeURsOQQ90rP2itfU0qL,qwen/qwen3-coder-30b-a3b-instruct,SiliconFlow,4483,1128,5611,14961,0,,,14961,False,,/home/justin/npu-playground/runs/case-study-v3-openrouter-interrupted-backup-20260917T031835Z/repeat-001/20260917T023536Z/hinted_ir/b84c644728f8488c87e9568f1b8e9eee/report.json
Qwen,1,hinted_ir:triton_fused_attention:amd_xdna2_npu2,hinted_ir,amd_xdna2_npu2,9,intermediate,completed,stop,13.38608108400149,gen-1789612919-lOmKEzJlmvvSgQ4JxzDl,qwen/qwen3-coder-30b-a3b-instruct,SiliconFlow,3054,436,3490,10512,0,,,10512,False,,/home/justin/npu-playground/runs/case-study-v3-openrouter-interrupted-backup-20260917T031835Z/repeat-001/20260917T023536Z/hinted_ir/b84c644728f8488c87e9568f1b8e9eee/report.json
Qwen,1,hinted_ir:triton_fused_attention:amd_xdna2_npu2,hinted_ir,amd_xdna2_npu2,9,code,completed,stop,27.366992734998348,gen-1789612933-N4iJmWM4RwwXkoy5Ac3a,qwen/qwen3-coder-30b-a3b-instruct,SiliconFlow,4483,1128,5611,14961,0,,,14961,False,,/home/justin/npu-playground/runs/case-study-v3-openrouter-interrupted-backup-20260917T031835Z/repeat-001/20260917T023536Z/hinted_ir/b84c644728f8488c87e9568f1b8e9eee/report.json
Qwen,1,hinted_ir:triton_fused_attention:amd_xdna2_npu2,hinted_ir,amd_xdna2_npu2,10,intermediate,completed,stop,27.128829900997516,gen-1789612961-jdODYntmdIh7DJpJxw2j,qwen/qwen3-coder-30b-a3b-instruct,SiliconFlow,3054,436,3490,10512,0,,,,False,,/home/justin/npu-playground/runs/case-study-v3-openrouter-interrupted-backup-20260917T031835Z/repeat-001/20260917T023536Z/hinted_ir/b84c644728f8488c87e9568f1b8e9eee/report.json
Qwen,1,hinted_ir:triton_fused_attention:amd_xdna2_npu2,hinted_ir,amd_xdna2_npu2,10,code,completed,stop,44.12684926899965,gen-1789612988-P5tKMOG2CvkxyX7AmAu6,qwen/qwen3-coder-30b-a3b-instruct,SiliconFlow,4483,1128,5611,14961,0,,,,False,,/home/justin/npu-playground/runs/case-study-v3-openrouter-interrupted-backup-20260917T031835Z/repeat-001/20260917T023536Z/hinted_ir/b84c644728f8488c87e9568f1b8e9eee/report.json
Qwen,1,hinted_ir:triton_fused_attention:intel_npu_4000,hinted_ir,intel_npu_4000,1,intermediate,completed,stop,24.918153981001524,gen-1789613343-9bhHJiozuJAdXoJeskC0,qwen/qwen3-coder-30b-a3b-instruct,SiliconFlow,887,184,1071,2930,0,,,7715,False,,/home/justin/npu-playground/runs/case-study-v3-openrouter-interrupted-backup-20260917T031835Z/repeat-001/20260917T023536Z/hinted_ir/7e5c627e3a5f4720b68ca9d5c8650040/report.json
Qwen,1,hinted_ir:triton_fused_attention:intel_npu_4000,hinted_ir,intel_npu_4000,1,code,completed,stop,15.404092169999785,gen-1789613368-8UfO2l5WoV2hnNVBhygt,qwen/qwen3-coder-30b-a3b-instruct,SiliconFlow,1083,505,1588,3808,0,,,8593,False,,/home/justin/npu-playground/runs/case-study-v3-openrouter-interrupted-backup-20260917T031835Z/repeat-001/20260917T023536Z/hinted_ir/7e5c627e3a5f4720b68ca9d5c8650040/report.json
Qwen,1,hinted_ir:triton_fused_attention:intel_npu_4000,hinted_ir,intel_npu_4000,2,intermediate,completed,stop,13.605587512000056,gen-1789613384-TQldSm32a7xGexwh2li3,qwen/qwen3-coder-30b-a3b-instruct,SiliconFlow,2200,184,2384,7715,0,,,7703,False,,/home/justin/npu-playground/runs/case-study-v3-openrouter-interrupted-backup-20260917T031835Z/repeat-001/20260917T023536Z/hinted_ir/7e5c627e3a5f4720b68ca9d5c8650040/report.json
Qwen,1,hinted_ir:triton_fused_attention:intel_npu_4000,hinted_ir,intel_npu_4000,2,code,completed,stop,31.663028839000617,gen-1789613398-dioBMm525dCLiU3g1o9P,qwen/qwen3-coder-30b-a3b-instruct,SiliconFlow,2396,503,2899,8593,0,,,8581,False,,/home/justin/npu-playground/runs/case-study-v3-openrouter-interrupted-backup-20260917T031835Z/repeat-001/20260917T023536Z/hinted_ir/7e5c627e3a5f4720b68ca9d5c8650040/report.json
Qwen,1,hinted_ir:triton_fused_attention:intel_npu_4000,hinted_ir,intel_npu_4000,3,intermediate,completed,stop,9.72457094100173,gen-1789613430-VNBDcq8hpT5i1SYX2aFl,qwen/qwen3-coder-30b-a3b-instruct,SiliconFlow,2200,184,2384,7703,0,,,7685,False,,/home/justin/npu-playground/runs/case-study-v3-openrouter-interrupted-backup-20260917T031835Z/repeat-001/20260917T023536Z/hinted_ir/7e5c627e3a5f4720b68ca9d5c8650040/report.json
Qwen,1,hinted_ir:triton_fused_attention:intel_npu_4000,hinted_ir,intel_npu_4000,3,code,completed,stop,25.430940250000276,gen-1789613440-R3gGWvu6y1K76HOFQONb,qwen/qwen3-coder-30b-a3b-instruct,SiliconFlow,2396,495,2891,8581,0,,,8563,False,,/home/justin/npu-playground/runs/case-study-v3-openrouter-interrupted-backup-20260917T031835Z/repeat-001/20260917T023536Z/hinted_ir/7e5c627e3a5f4720b68ca9d5c8650040/report.json
Qwen,1,hinted_ir:triton_fused_attention:intel_npu_4000,hinted_ir,intel_npu_4000,4,intermediate,completed,stop,9.68342005300292,gen-1789613467-OlzBgDfS9OuPCYNw2VXA,qwen/qwen3-coder-30b-a3b-instruct,SiliconFlow,2188,184,2372,7685,0,,,,False,,/home/justin/npu-playground/runs/case-study-v3-openrouter-interrupted-backup-20260917T031835Z/repeat-001/20260917T023536Z/hinted_ir/7e5c627e3a5f4720b68ca9d5c8650040/report.json
Qwen,1,hinted_ir:triton_fused_attention:intel_npu_4000,hinted_ir,intel_npu_4000,4,code,completed,stop,12.721096721001231,gen-1789613476-MIlcqiPSN8rzcJ5MAqaE,qwen/qwen3-coder-30b-a3b-instruct,SiliconFlow,2384,529,2913,8563,0,,,,False,,/home/justin/npu-playground/runs/case-study-v3-openrouter-interrupted-backup-20260917T031835Z/repeat-001/20260917T023536Z/hinted_ir/7e5c627e3a5f4720b68ca9d5c8650040/report.json
Qwen,1,hinted_ir:triton_fused_softmax:amd_xdna2_npu2,hinted_ir,amd_xdna2_npu2,1,intermediate,completed,stop,34.84613902500132,gen-1789613556-Uhfd9Ic64jVHOB9QMHHM,qwen/qwen3-coder-30b-a3b-instruct,SiliconFlow,653,222,875,2173,0,,,8912,False,,/home/justin/npu-playground/runs/case-study-v3-openrouter-interrupted-backup-20260917T031835Z/repeat-001/20260917T023536Z/hinted_ir/a64ef539e0ad43ac8bf47cf25253f941/report.json
Qwen,1,hinted_ir:triton_fused_softmax:amd_xdna2_npu2,hinted_ir,amd_xdna2_npu2,1,code,completed,stop,34.58495867500096,gen-1789613591-yq8j15uAs4CHA3t9Sf87,qwen/qwen3-coder-30b-a3b-instruct,SiliconFlow,1940,1247,3187,6454,0,,,13193,False,,/home/justin/npu-playground/runs/case-study-v3-openrouter-interrupted-backup-20260917T031835Z/repeat-001/20260917T023536Z/hinted_ir/a64ef539e0ad43ac8bf47cf25253f941/report.json
Qwen,1,hinted_ir:triton_fused_softmax:amd_xdna2_npu2,hinted_ir,amd_xdna2_npu2,2,intermediate,completed,stop,7.109846699000627,gen-1789613626-Y0JaRiX7V775nr7cjKvt,qwen/qwen3-coder-30b-a3b-instruct,SiliconFlow,2792,222,3014,8912,0,,,8488,False,,/home/justin/npu-playground/runs/case-study-v3-openrouter-interrupted-backup-20260917T031835Z/repeat-001/20260917T023536Z/hinted_ir/a64ef539e0ad43ac8bf47cf25253f941/report.json
Qwen,1,hinted_ir:triton_fused_softmax:amd_xdna2_npu2,hinted_ir,amd_xdna2_npu2,2,code,completed,stop,79.67051258399806,gen-1789613634-d5ksB6TiZn9iApJOchxO,qwen/qwen3-coder-30b-a3b-instruct,SiliconFlow,4079,1279,5358,13193,0,,,12769,False,,/home/justin/npu-playground/runs/case-study-v3-openrouter-interrupted-backup-20260917T031835Z/repeat-001/20260917T023536Z/hinted_ir/a64ef539e0ad43ac8bf47cf25253f941/report.json
Qwen,1,hinted_ir:triton_fused_softmax:amd_xdna2_npu2,hinted_ir,amd_xdna2_npu2,3,intermediate,completed,stop,11.282104809000884,gen-1789613721-rrltQNvfvEqyGOZuEu2t,qwen/qwen3-coder-30b-a3b-instruct,SiliconFlow,2622,222,2844,8488,0,,,11898,False,,/home/justin/npu-playground/runs/case-study-v3-openrouter-interrupted-backup-20260917T031835Z/repeat-001/20260917T023536Z/hinted_ir/a64ef539e0ad43ac8bf47cf25253f941/report.json
Qwen,1,hinted_ir:triton_fused_softmax:amd_xdna2_npu2,hinted_ir,amd_xdna2_npu2,3,code,completed,stop,39.52640101200086,gen-1789613733-tsdQJ20U81LmqA3AG8B4,qwen/qwen3-coder-30b-a3b-instruct,SiliconFlow,3909,1293,5202,12769,0,,,16179,False,,/home/justin/npu-playground/runs/case-study-v3-openrouter-interrupted-backup-20260917T031835Z/repeat-001/20260917T023536Z/hinted_ir/a64ef539e0ad43ac8bf47cf25253f941/report.json
Qwen,1,hinted_ir:triton_fused_softmax:amd_xdna2_npu2,hinted_ir,amd_xdna2_npu2,4,intermediate,completed,stop,7.201523599000211,gen-1789613779-eTySqdWtjOrrqPAUhHZC,qwen/qwen3-coder-30b-a3b-instruct,SiliconFlow,3814,222,4036,11898,0,,,11901,False,,/home/justin/npu-playground/runs/case-study-v3-openrouter-interrupted-backup-20260917T031835Z/repeat-001/20260917T023536Z/hinted_ir/a64ef539e0ad43ac8bf47cf25253f941/report.json
Qwen,1,hinted_ir:triton_fused_softmax:amd_xdna2_npu2,hinted_ir,amd_xdna2_npu2,4,code,completed,stop,31.57898134899733,gen-1789613786-RuCbanqo42KwSKuAt2Z3,qwen/qwen3-coder-30b-a3b-instruct,SiliconFlow,5101,1295,6396,16179,0,,,16182,False,,/home/justin/npu-playground/runs/case-study-v3-openrouter-interrupted-backup-20260917T031835Z/repeat-001/20260917T023536Z/hinted_ir/a64ef539e0ad43ac8bf47cf25253f941/report.json
Qwen,1,hinted_ir:triton_fused_softmax:amd_xdna2_npu2,hinted_ir,amd_xdna2_npu2,5,intermediate,completed,stop,12.7815023760013,gen-1789613825-PUIWoqs6M5wWShoiAHsh,qwen/qwen3-coder-30b-a3b-instruct,SiliconFlow,3817,222,4039,11901,0,,,9626,False,,/home/justin/npu-playground/runs/case-study-v3-openrouter-interrupted-backup-20260917T031835Z/repeat-001/20260917T023536Z/hinted_ir/a64ef539e0ad43ac8bf47cf25253f941/report.json
Qwen,1,hinted_ir:triton_fused_softmax:amd_xdna2_npu2,hinted_ir,amd_xdna2_npu2,5,code,completed,stop,38.531750320002175,gen-1789613838-PFeDq4CGE0uTMAQb5d9f,qwen/qwen3-coder-30b-a3b-instruct,SiliconFlow,5104,1295,6399,16182,0,,,13907,False,,/home/justin/npu-playground/runs/case-study-v3-openrouter-interrupted-backup-20260917T031835Z/repeat-001/20260917T023536Z/hinted_ir/a64ef539e0ad43ac8bf47cf25253f941/report.json
Qwen,1,hinted_ir:triton_fused_softmax:amd_xdna2_npu2,hinted_ir,amd_xdna2_npu2,6,intermediate,completed,stop,15.88984167200033,gen-1789613883-wRh8YR8F3GztUX6lm8C3,qwen/qwen3-coder-30b-a3b-instruct,SiliconFlow,2946,222,3168,9626,0,,,9626,False,,/home/justin/npu-playground/runs/case-study-v3-openrouter-interrupted-backup-20260917T031835Z/repeat-001/20260917T023536Z/hinted_ir/a64ef539e0ad43ac8bf47cf25253f941/report.json
Qwen,1,hinted_ir:triton_fused_softmax:amd_xdna2_npu2,hinted_ir,amd_xdna2_npu2,6,code,completed,stop,30.341960369001754,gen-1789613899-0wIMqCuGDTAomzuut0fP,qwen/qwen3-coder-30b-a3b-instruct,SiliconFlow,4233,1295,5528,13907,0,,,13907,False,,/home/justin/npu-playground/runs/case-study-v3-openrouter-interrupted-backup-20260917T031835Z/repeat-001/20260917T023536Z/hinted_ir/a64ef539e0ad43ac8bf47cf25253f941/report.json
Qwen,1,hinted_ir:triton_fused_softmax:amd_xdna2_npu2,hinted_ir,amd_xdna2_npu2,7,intermediate,completed,stop,6.9977519269996264,gen-1789613937-EK8LYlhdYuu4hISVQ48v,qwen/qwen3-coder-30b-a3b-instruct,SiliconFlow,2946,222,3168,9626,0,,,9626,False,,/home/justin/npu-playground/runs/case-study-v3-openrouter-interrupted-backup-20260917T031835Z/repeat-001/20260917T023536Z/hinted_ir/a64ef539e0ad43ac8bf47cf25253f941/report.json
Qwen,1,hinted_ir:triton_fused_softmax:amd_xdna2_npu2,hinted_ir,amd_xdna2_npu2,7,code,completed,stop,38.22495142999833,gen-1789613944-Ss4JANRwNQKPLKSmHH5C,qwen/qwen3-coder-30b-a3b-instruct,SiliconFlow,4233,1295,5528,13907,0,,,13907,False,,/home/justin/npu-playground/runs/case-study-v3-openrouter-interrupted-backup-20260917T031835Z/repeat-001/20260917T023536Z/hinted_ir/a64ef539e0ad43ac8bf47cf25253f941/report.json
Qwen,1,hinted_ir:triton_fused_softmax:amd_xdna2_npu2,hinted_ir,amd_xdna2_npu2,8,intermediate,completed,stop,6.37899319799908,gen-1789613989-xmHoFp6yy1vay6kUAHkm,qwen/qwen3-coder-30b-a3b-instruct,SiliconFlow,2946,222,3168,9626,0,,,9630,False,,/home/justin/npu-playground/runs/case-study-v3-openrouter-interrupted-backup-20260917T031835Z/repeat-001/20260917T023536Z/hinted_ir/a64ef539e0ad43ac8bf47cf25253f941/report.json
Qwen,1,hinted_ir:triton_fused_softmax:amd_xdna2_npu2,hinted_ir,amd_xdna2_npu2,8,code,completed,stop,38.01644781199866,gen-1789613995-k8KDPhhwM9PZ06vPNblE,qwen/qwen3-coder-30b-a3b-instruct,SiliconFlow,4233,1297,5530,13907,0,,,13911,False,,/home/justin/npu-playground/runs/case-study-v3-openrouter-interrupted-backup-20260917T031835Z/repeat-001/20260917T023536Z/hinted_ir/a64ef539e0ad43ac8bf47cf25253f941/report.json
Qwen,1,hinted_ir:triton_fused_softmax:amd_xdna2_npu2,hinted_ir,amd_xdna2_npu2,9,intermediate,completed,stop,14.171429568999883,gen-1789614040-y0H6ee4uvofVI25ZjdYT,qwen/qwen3-coder-30b-a3b-instruct,SiliconFlow,2948,222,3170,9630,0,,,9630,False,,/home/justin/npu-playground/runs/case-study-v3-openrouter-interrupted-backup-20260917T031835Z/repeat-001/20260917T023536Z/hinted_ir/a64ef539e0ad43ac8bf47cf25253f941/report.json
Qwen,1,hinted_ir:triton_fused_softmax:amd_xdna2_npu2,hinted_ir,amd_xdna2_npu2,9,code,completed,stop,29.67431600599957,gen-1789614054-04LKCN0FirECtmQi5KcF,qwen/qwen3-coder-30b-a3b-instruct,SiliconFlow,4235,1297,5532,13911,0,,,13911,False,,/home/justin/npu-playground/runs/case-study-v3-openrouter-interrupted-backup-20260917T031835Z/repeat-001/20260917T023536Z/hinted_ir/a64ef539e0ad43ac8bf47cf25253f941/report.json
Qwen,1,hinted_ir:triton_fused_softmax:amd_xdna2_npu2,hinted_ir,amd_xdna2_npu2,10,intermediate,completed,stop,66.15567313900101,gen-1789614091-MFhVlUQHhXJ5jPQ20YGX,qwen/qwen3-coder-30b-a3b-instruct,SiliconFlow,2948,222,3170,9630,0,,,,False,,/home/justin/npu-playground/runs/case-study-v3-openrouter-interrupted-backup-20260917T031835Z/repeat-001/20260917T023536Z/hinted_ir/a64ef539e0ad43ac8bf47cf25253f941/report.json
Qwen,1,hinted_ir:triton_fused_softmax:amd_xdna2_npu2,hinted_ir,amd_xdna2_npu2,10,code,completed,stop,36.67744834599944,gen-1789614157-1DBWSHhIqzAbFIG6frkZ,qwen/qwen3-coder-30b-a3b-instruct,SiliconFlow,4235,1297,5532,13911,0,,,,False,,/home/justin/npu-playground/runs/case-study-v3-openrouter-interrupted-backup-20260917T031835Z/repeat-001/20260917T023536Z/hinted_ir/a64ef539e0ad43ac8bf47cf25253f941/report.json
Qwen,1,hinted_ir:triton_fused_softmax:intel_npu_4000,hinted_ir,intel_npu_4000,1,intermediate,completed,stop,6.190482679001434,gen-1789612549-QD2l3559IT0MPtD2OQhv,qwen/qwen3-coder-30b-a3b-instruct,SiliconFlow,653,191,844,2173,0,,,6701,False,,/home/justin/npu-playground/runs/case-study-v3-openrouter-interrupted-backup-20260917T031835Z/repeat-001/20260917T023536Z/hinted_ir/8804a47b31b349d0aaaa28f2547cff98/report.json
Qwen,1,hinted_ir:triton_fused_softmax:intel_npu_4000,hinted_ir,intel_npu_4000,1,code,completed,stop,14.50762077300169,gen-1789612555-XC9Y91mk7hRxZokV2Tzz,qwen/qwen3-coder-30b-a3b-instruct,SiliconFlow,928,421,1349,3259,0,,,7787,False,,/home/justin/npu-playground/runs/case-study-v3-openrouter-interrupted-backup-20260917T031835Z/repeat-001/20260917T023536Z/hinted_ir/8804a47b31b349d0aaaa28f2547cff98/report.json
Qwen,1,hinted_ir:triton_fused_softmax:intel_npu_4000,hinted_ir,intel_npu_4000,2,intermediate,completed,stop,7.585257195998565,gen-1789612571-YP4yLg3dqyUCWmNwPSy3,qwen/qwen3-coder-30b-a3b-instruct,SiliconFlow,1889,191,2080,6701,0,,,,False,,/home/justin/npu-playground/runs/case-study-v3-openrouter-interrupted-backup-20260917T031835Z/repeat-001/20260917T023536Z/hinted_ir/8804a47b31b349d0aaaa28f2547cff98/report.json
Qwen,1,hinted_ir:triton_fused_softmax:intel_npu_4000,hinted_ir,intel_npu_4000,2,code,completed,stop,9.728890448001039,gen-1789612579-Amz8zJccvUIylcyCCdDe,qwen/qwen3-coder-30b-a3b-instruct,SiliconFlow,2164,421,2585,7787,0,,,,False,,/home/justin/npu-playground/runs/case-study-v3-openrouter-interrupted-backup-20260917T031835Z/repeat-001/20260917T023536Z/hinted_ir/8804a47b31b349d0aaaa28f2547cff98/report.json
Qwen,1,hinted_ir:triton_layer_norm:amd_xdna2_npu2,hinted_ir,amd_xdna2_npu2,1,intermediate,completed,stop,29.368878635999863,gen-1789613340-oIJs5c4HLsNcFag05kul,qwen/qwen3-coder-30b-a3b-instruct,SiliconFlow,852,330,1182,2755,0,,,9495,False,,/home/justin/npu-playground/runs/case-study-v3-openrouter-interrupted-backup-20260917T031835Z/repeat-001/20260917T023536Z/hinted_ir/009e23a5ce1a4f35a20931c18d9b4de0/report.json
Qwen,1,hinted_ir:triton_layer_norm:amd_xdna2_npu2,hinted_ir,amd_xdna2_npu2,1,code,completed,stop,23.66896627099777,gen-1789613369-UIIKWGobGKJIme0GY29F,qwen/qwen3-coder-30b-a3b-instruct,SiliconFlow,2267,1025,3292,7463,0,,,14203,False,,/home/justin/npu-playground/runs/case-study-v3-openrouter-interrupted-backup-20260917T031835Z/repeat-001/20260917T023536Z/hinted_ir/009e23a5ce1a4f35a20931c18d9b4de0/report.json
Qwen,1,hinted_ir:triton_layer_norm:amd_xdna2_npu2,hinted_ir,amd_xdna2_npu2,2,intermediate,completed,stop,13.672256295998523,gen-1789613394-cr6A4i3izeluGBe6SuJU,qwen/qwen3-coder-30b-a3b-instruct,SiliconFlow,2790,330,3120,9495,0,,,12119,False,,/home/justin/npu-playground/runs/case-study-v3-openrouter-interrupted-backup-20260917T031835Z/repeat-001/20260917T023536Z/hinted_ir/009e23a5ce1a4f35a20931c18d9b4de0/report.json
Qwen,1,hinted_ir:triton_layer_norm:amd_xdna2_npu2,hinted_ir,amd_xdna2_npu2,2,code,completed,stop,31.437856323998858,gen-1789613408-9bo3hEtgfV8Cs9RsQ4Jf,qwen/qwen3-coder-30b-a3b-instruct,SiliconFlow,4205,1123,5328,14203,0,,,16827,False,,/home/justin/npu-playground/runs/case-study-v3-openrouter-interrupted-backup-20260917T031835Z/repeat-001/20260917T023536Z/hinted_ir/009e23a5ce1a4f35a20931c18d9b4de0/report.json
Qwen,1,hinted_ir:triton_layer_norm:amd_xdna2_npu2,hinted_ir,amd_xdna2_npu2,3,intermediate,completed,stop,15.250767006000387,gen-1789613446-5A1o0IPmlWfOo7tAVi9I,qwen/qwen3-coder-30b-a3b-instruct,SiliconFlow,3943,330,4273,12119,0,,,8734,False,,/home/justin/npu-playground/runs/case-study-v3-openrouter-interrupted-backup-20260917T031835Z/repeat-001/20260917T023536Z/hinted_ir/009e23a5ce1a4f35a20931c18d9b4de0/report.json
Qwen,1,hinted_ir:triton_layer_norm:amd_xdna2_npu2,hinted_ir,amd_xdna2_npu2,3,code,completed,stop,26.413426488998084,gen-1789613462-FpVGCKfpityTpcr6KVvI,qwen/qwen3-coder-30b-a3b-instruct,SiliconFlow,5358,1129,6487,16827,0,,,13442,False,,/home/justin/npu-playground/runs/case-study-v3-openrouter-interrupted-backup-20260917T031835Z/repeat-001/20260917T023536Z/hinted_ir/009e23a5ce1a4f35a20931c18d9b4de0/report.json
Qwen,1,hinted_ir:triton_layer_norm:amd_xdna2_npu2,hinted_ir,amd_xdna2_npu2,4,intermediate,completed,stop,10.071358192999469,gen-1789613495-3jKdvbClX3q1Q6QezBQh,qwen/qwen3-coder-30b-a3b-instruct,SiliconFlow,2776,330,3106,8734,0,,,12370,False,,/home/justin/npu-playground/runs/case-study-v3-openrouter-interrupted-backup-20260917T031835Z/repeat-001/20260917T023536Z/hinted_ir/009e23a5ce1a4f35a20931c18d9b4de0/report.json
Qwen,1,hinted_ir:triton_layer_norm:amd_xdna2_npu2,hinted_ir,amd_xdna2_npu2,4,code,completed,stop,38.897648337002465,gen-1789613505-ttoKLpugikZsQfmpBNch,qwen/qwen3-coder-30b-a3b-instruct,SiliconFlow,4191,1662,5853,13442,0,,,17078,False,,/home/justin/npu-playground/runs/case-study-v3-openrouter-interrupted-backup-20260917T031835Z/repeat-001/20260917T023536Z/hinted_ir/009e23a5ce1a4f35a20931c18d9b4de0/report.json
Qwen,1,hinted_ir:triton_layer_norm:amd_xdna2_npu2,hinted_ir,amd_xdna2_npu2,5,intermediate,completed,stop,13.77880840600119,gen-1789613551-GBLZpX9HnwlkZR398KeC,qwen/qwen3-coder-30b-a3b-instruct,SiliconFlow,4136,330,4466,12370,0,,,12370,False,,/home/justin/npu-playground/runs/case-study-v3-openrouter-interrupted-backup-20260917T031835Z/repeat-001/20260917T023536Z/hinted_ir/009e23a5ce1a4f35a20931c18d9b4de0/report.json
Qwen,1,hinted_ir:triton_layer_norm:amd_xdna2_npu2,hinted_ir,amd_xdna2_npu2,5,code,completed,stop,58.14749108400065,gen-1789613565-YA64xsOcx40rErsPabdk,qwen/qwen3-coder-30b-a3b-instruct,SiliconFlow,5551,1662,7213,17078,0,,,17078,False,,/home/justin/npu-playground/runs/case-study-v3-openrouter-interrupted-backup-20260917T031835Z/repeat-001/20260917T023536Z/hinted_ir/009e23a5ce1a4f35a20931c18d9b4de0/report.json
Qwen,1,hinted_ir:triton_layer_norm:amd_xdna2_npu2,hinted_ir,amd_xdna2_npu2,6,intermediate,completed,stop,10.316740581998602,gen-1789613631-gLHvxfkg6GZarK4sHNJP,qwen/qwen3-coder-30b-a3b-instruct,SiliconFlow,4136,330,4466,12370,0,,,12370,False,,/home/justin/npu-playground/runs/case-study-v3-openrouter-interrupted-backup-20260917T031835Z/repeat-001/20260917T023536Z/hinted_ir/009e23a5ce1a4f35a20931c18d9b4de0/report.json
Qwen,1,hinted_ir:triton_layer_norm:amd_xdna2_npu2,hinted_ir,amd_xdna2_npu2,6,code,completed,stop,87.45996395900147,gen-1789613641-RIFkF4yncEJK6gjh2CIt,qwen/qwen3-coder-30b-a3b-instruct,SiliconFlow,5551,1662,7213,17078,0,,,17078,False,,/home/justin/npu-playground/runs/case-study-v3-openrouter-interrupted-backup-20260917T031835Z/repeat-001/20260917T023536Z/hinted_ir/009e23a5ce1a4f35a20931c18d9b4de0/report.json
Qwen,1,hinted_ir:triton_layer_norm:amd_xdna2_npu2,hinted_ir,amd_xdna2_npu2,7,intermediate,completed,stop,8.566579701997398,gen-1789613736-qNQMvbOLT66fVRtcVDM0,qwen/qwen3-coder-30b-a3b-instruct,SiliconFlow,4136,330,4466,12370,0,,,12370,False,,/home/justin/npu-playground/runs/case-study-v3-openrouter-interrupted-backup-20260917T031835Z/repeat-001/20260917T023536Z/hinted_ir/009e23a5ce1a4f35a20931c18d9b4de0/report.json
Qwen,1,hinted_ir:triton_layer_norm:amd_xdna2_npu2,hinted_ir,amd_xdna2_npu2,7,code,completed,stop,37.75637788400127,gen-1789613745-P1Gt9kLShLLbbqO3FRr1,qwen/qwen3-coder-30b-a3b-instruct,SiliconFlow,5551,1662,7213,17078,0,,,17078,False,,/home/justin/npu-playground/runs/case-study-v3-openrouter-interrupted-backup-20260917T031835Z/repeat-001/20260917T023536Z/hinted_ir/009e23a5ce1a4f35a20931c18d9b4de0/report.json
Qwen,1,hinted_ir:triton_layer_norm:amd_xdna2_npu2,hinted_ir,amd_xdna2_npu2,8,intermediate,completed,stop,9.50763179400019,gen-1789613790-NXmw2xBYMslDgeLuQCuA,qwen/qwen3-coder-30b-a3b-instruct,SiliconFlow,4136,330,4466,12370,0,,,12370,False,,/home/justin/npu-playground/runs/case-study-v3-openrouter-interrupted-backup-20260917T031835Z/repeat-001/20260917T023536Z/hinted_ir/009e23a5ce1a4f35a20931c18d9b4de0/report.json
Qwen,1,hinted_ir:triton_layer_norm:amd_xdna2_npu2,hinted_ir,amd_xdna2_npu2,8,code,completed,stop,37.793896130002395,gen-1789613799-G8P0LVvPgh05H2EpmJAt,qwen/qwen3-coder-30b-a3b-instruct,SiliconFlow,5551,1662,7213,17078,0,,,17078,False,,/home/justin/npu-playground/runs/case-study-v3-openrouter-interrupted-backup-20260917T031835Z/repeat-001/20260917T023536Z/hinted_ir/009e23a5ce1a4f35a20931c18d9b4de0/report.json
Qwen,1,hinted_ir:triton_layer_norm:amd_xdna2_npu2,hinted_ir,amd_xdna2_npu2,9,intermediate,completed,stop,9.16342528899986,gen-1789613844-G9l7kel5tmYfEtbEjQRn,qwen/qwen3-coder-30b-a3b-instruct,SiliconFlow,4136,330,4466,12370,0,,,12370,False,,/home/justin/npu-playground/runs/case-study-v3-openrouter-interrupted-backup-20260917T031835Z/repeat-001/20260917T023536Z/hinted_ir/009e23a5ce1a4f35a20931c18d9b4de0/report.json
Qwen,1,hinted_ir:triton_layer_norm:amd_xdna2_npu2,hinted_ir,amd_xdna2_npu2,9,code,completed,stop,39.79586635399755,gen-1789613853-O3eMsUsnY00JvPLmf49D,qwen/qwen3-coder-30b-a3b-instruct,SiliconFlow,5551,1662,7213,17078,0,,,17078,False,,/home/justin/npu-playground/runs/case-study-v3-openrouter-interrupted-backup-20260917T031835Z/repeat-001/20260917T023536Z/hinted_ir/009e23a5ce1a4f35a20931c18d9b4de0/report.json
Qwen,1,hinted_ir:triton_layer_norm:amd_xdna2_npu2,hinted_ir,amd_xdna2_npu2,10,intermediate,completed,stop,24.647542069000338,gen-1789613900-JkaaeKuhEv0RQxwi5LsH,qwen/qwen3-coder-30b-a3b-instruct,SiliconFlow,4136,330,4466,12370,0,,,,False,,/home/justin/npu-playground/runs/case-study-v3-openrouter-interrupted-backup-20260917T031835Z/repeat-001/20260917T023536Z/hinted_ir/009e23a5ce1a4f35a20931c18d9b4de0/report.json
Qwen,1,hinted_ir:triton_layer_norm:amd_xdna2_npu2,hinted_ir,amd_xdna2_npu2,10,code,completed,stop,39.04751446999944,gen-1789613925-EicYf1eIY5MR7CgplUs2,qwen/qwen3-coder-30b-a3b-instruct,SiliconFlow,5551,1662,7213,17078,0,,,,False,,/home/justin/npu-playground/runs/case-study-v3-openrouter-interrupted-backup-20260917T031835Z/repeat-001/20260917T023536Z/hinted_ir/009e23a5ce1a4f35a20931c18d9b4de0/report.json
Qwen,1,hinted_ir:triton_layer_norm:intel_npu_4000,hinted_ir,intel_npu_4000,1,intermediate,completed,stop,9.71039723099966,gen-1789612914-cwqZYi9lj9HWofwcrHP9,qwen/qwen3-coder-30b-a3b-instruct,SiliconFlow,852,313,1165,2755,0,,,7686,False,,/home/justin/npu-playground/runs/case-study-v3-openrouter-interrupted-backup-20260917T031835Z/repeat-001/20260917T023536Z/hinted_ir/fcd6e15734394ecfa3017cb90ca0e343/report.json
Qwen,1,hinted_ir:triton_layer_norm:intel_npu_4000,hinted_ir,intel_npu_4000,1,code,completed,stop,15.744976091998979,gen-1789612924-ZLrlmxYw1sb3JnuaZUlA,qwen/qwen3-coder-30b-a3b-instruct,SiliconFlow,1269,590,1859,4346,0,,,9277,False,,/home/justin/npu-playground/runs/case-study-v3-openrouter-interrupted-backup-20260917T031835Z/repeat-001/20260917T023536Z/hinted_ir/fcd6e15734394ecfa3017cb90ca0e343/report.json
Qwen,1,hinted_ir:triton_layer_norm:intel_npu_4000,hinted_ir,intel_npu_4000,2,intermediate,completed,stop,10.707752152000467,gen-1789612941-okBL7d7nngJcyp5cY1fV,qwen/qwen3-coder-30b-a3b-instruct,SiliconFlow,2265,313,2578,7686,0,,,8210,False,,/home/justin/npu-playground/runs/case-study-v3-openrouter-interrupted-backup-20260917T031835Z/repeat-001/20260917T023536Z/hinted_ir/fcd6e15734394ecfa3017cb90ca0e343/report.json
Qwen,1,hinted_ir:triton_layer_norm:intel_npu_4000,hinted_ir,intel_npu_4000,2,code,completed,stop,19.271586159000435,gen-1789612952-sZnkfYRmUXaSG8h3c7Z9,qwen/qwen3-coder-30b-a3b-instruct,SiliconFlow,2682,599,3281,9277,0,,,9801,False,,/home/justin/npu-playground/runs/case-study-v3-openrouter-interrupted-backup-20260917T031835Z/repeat-001/20260917T023536Z/hinted_ir/fcd6e15734394ecfa3017cb90ca0e343/report.json
Qwen,1,hinted_ir:triton_layer_norm:intel_npu_4000,hinted_ir,intel_npu_4000,3,intermediate,completed,stop,19.416504064000037,gen-1789612972-yibPV3JUhty5X5chbAhs,qwen/qwen3-coder-30b-a3b-instruct,SiliconFlow,2394,313,2707,8210,0,,,8366,False,,/home/justin/npu-playground/runs/case-study-v3-openrouter-interrupted-backup-20260917T031835Z/repeat-001/20260917T023536Z/hinted_ir/fcd6e15734394ecfa3017cb90ca0e343/report.json
Qwen,1,hinted_ir:triton_layer_norm:intel_npu_4000,hinted_ir,intel_npu_4000,3,code,completed,stop,31.361393060997216,gen-1789612991-Mh8V2czGml6IPfc4xxFr,qwen/qwen3-coder-30b-a3b-instruct,SiliconFlow,2811,614,3425,9801,0,,,9957,False,,/home/justin/npu-playground/runs/case-study-v3-openrouter-interrupted-backup-20260917T031835Z/repeat-001/20260917T023536Z/hinted_ir/fcd6e15734394ecfa3017cb90ca0e343/report.json
Qwen,1,hinted_ir:triton_layer_norm:intel_npu_4000,hinted_ir,intel_npu_4000,4,intermediate,completed,stop,8.91101631499987,gen-1789613024-lOKA9FVYBl80XEVSxTe4,qwen/qwen3-coder-30b-a3b-instruct,SiliconFlow,2421,313,2734,8366,0,,,8452,False,,/home/justin/npu-playground/runs/case-study-v3-openrouter-interrupted-backup-20260917T031835Z/repeat-001/20260917T023536Z/hinted_ir/fcd6e15734394ecfa3017cb90ca0e343/report.json
Qwen,1,hinted_ir:triton_layer_norm:intel_npu_4000,hinted_ir,intel_npu_4000,4,code,completed,stop,16.2859044479992,gen-1789613033-eHwAkWCoWbAJ6At8kLmA,qwen/qwen3-coder-30b-a3b-instruct,SiliconFlow,2838,641,3479,9957,0,,,10043,False,,/home/justin/npu-playground/runs/case-study-v3-openrouter-interrupted-backup-20260917T031835Z/repeat-001/20260917T023536Z/hinted_ir/fcd6e15734394ecfa3017cb90ca0e343/report.json
Qwen,1,hinted_ir:triton_layer_norm:intel_npu_4000,hinted_ir,intel_npu_4000,5,intermediate,completed,stop,8.87743668099938,gen-1789613050-wO8jBLhOT3cjfKFYmxS1,qwen/qwen3-coder-30b-a3b-instruct,SiliconFlow,2448,313,2761,8452,0,,,7981,False,,/home/justin/npu-playground/runs/case-study-v3-openrouter-interrupted-backup-20260917T031835Z/repeat-001/20260917T023536Z/hinted_ir/fcd6e15734394ecfa3017cb90ca0e343/report.json
Qwen,1,hinted_ir:triton_layer_norm:intel_npu_4000,hinted_ir,intel_npu_4000,5,code,completed,stop,21.83111833899966,gen-1789613059-aNNMceeficq8fz7aBoWR,qwen/qwen3-coder-30b-a3b-instruct,SiliconFlow,2865,621,3486,10043,0,,,9572,False,,/home/justin/npu-playground/runs/case-study-v3-openrouter-interrupted-backup-20260917T031835Z/repeat-001/20260917T023536Z/hinted_ir/fcd6e15734394ecfa3017cb90ca0e343/report.json
Qwen,1,hinted_ir:triton_layer_norm:intel_npu_4000,hinted_ir,intel_npu_4000,6,intermediate,completed,stop,8.726540495998051,gen-1789613082-cYve1rqsrFM38kS9Fatd,qwen/qwen3-coder-30b-a3b-instruct,SiliconFlow,2306,313,2619,7981,0,,,8542,False,,/home/justin/npu-playground/runs/case-study-v3-openrouter-interrupted-backup-20260917T031835Z/repeat-001/20260917T023536Z/hinted_ir/fcd6e15734394ecfa3017cb90ca0e343/report.json
Qwen,1,hinted_ir:triton_layer_norm:intel_npu_4000,hinted_ir,intel_npu_4000,6,code,completed,stop,22.5765452630003,gen-1789613090-uKX91MrwRWBj60NvSme5,qwen/qwen3-coder-30b-a3b-instruct,SiliconFlow,2723,629,3352,9572,0,,,10133,False,,/home/justin/npu-playground/runs/case-study-v3-openrouter-interrupted-backup-20260917T031835Z/repeat-001/20260917T023536Z/hinted_ir/fcd6e15734394ecfa3017cb90ca0e343/report.json
Qwen,1,hinted_ir:triton_layer_norm:intel_npu_4000,hinted_ir,intel_npu_4000,7,intermediate,completed,stop,21.400998791003076,gen-1789613114-VQtxqZ96SHfEB8b6rbnh,qwen/qwen3-coder-30b-a3b-instruct,SiliconFlow,2448,313,2761,8542,0,,,8542,False,,/home/justin/npu-playground/runs/case-study-v3-openrouter-interrupted-backup-20260917T031835Z/repeat-001/20260917T023536Z/hinted_ir/fcd6e15734394ecfa3017cb90ca0e343/report.json
Qwen,1,hinted_ir:triton_layer_norm:intel_npu_4000,hinted_ir,intel_npu_4000,7,code,completed,stop,24.025560699999915,gen-1789613136-VWNLGmT6sVvVLVsPsQga,qwen/qwen3-coder-30b-a3b-instruct,SiliconFlow,2865,629,3494,10133,0,,,10133,False,,/home/justin/npu-playground/runs/case-study-v3-openrouter-interrupted-backup-20260917T031835Z/repeat-001/20260917T023536Z/hinted_ir/fcd6e15734394ecfa3017cb90ca0e343/report.json
Qwen,1,hinted_ir:triton_layer_norm:intel_npu_4000,hinted_ir,intel_npu_4000,8,intermediate,completed,stop,18.092563605001487,gen-1789613161-ZQU4tt1iAScfjU93pVv3,qwen/qwen3-coder-30b-a3b-instruct,SiliconFlow,2448,313,2761,8542,0,,,7737,False,,/home/justin/npu-playground/runs/case-study-v3-openrouter-interrupted-backup-20260917T031835Z/repeat-001/20260917T023536Z/hinted_ir/fcd6e15734394ecfa3017cb90ca0e343/report.json
Qwen,1,hinted_ir:triton_layer_norm:intel_npu_4000,hinted_ir,intel_npu_4000,8,code,completed,stop,16.42491621299996,gen-1789613179-NwTlanyWCS2qgBlBqv2c,qwen/qwen3-coder-30b-a3b-instruct,SiliconFlow,2865,619,3484,10133,0,,,9328,False,,/home/justin/npu-playground/runs/case-study-v3-openrouter-interrupted-backup-20260917T031835Z/repeat-001/20260917T023536Z/hinted_ir/fcd6e15734394ecfa3017cb90ca0e343/report.json
Qwen,1,hinted_ir:triton_layer_norm:intel_npu_4000,hinted_ir,intel_npu_4000,9,intermediate,completed,stop,9.244897864999075,gen-1789613198-JQGGxxjK4PAaOAuVwgdT,qwen/qwen3-coder-30b-a3b-instruct,SiliconFlow,2137,313,2450,7737,0,,,7737,False,,/home/justin/npu-playground/runs/case-study-v3-openrouter-interrupted-backup-20260917T031835Z/repeat-001/20260917T023536Z/hinted_ir/fcd6e15734394ecfa3017cb90ca0e343/report.json
Qwen,1,hinted_ir:triton_layer_norm:intel_npu_4000,hinted_ir,intel_npu_4000,9,code,completed,stop,19.787703820999013,gen-1789613208-m9081RzznT3u9uN6uK44,qwen/qwen3-coder-30b-a3b-instruct,SiliconFlow,2554,619,3173,9328,0,,,9328,False,,/home/justin/npu-playground/runs/case-study-v3-openrouter-interrupted-backup-20260917T031835Z/repeat-001/20260917T023536Z/hinted_ir/fcd6e15734394ecfa3017cb90ca0e343/report.json
Qwen,1,hinted_ir:triton_layer_norm:intel_npu_4000,hinted_ir,intel_npu_4000,10,intermediate,completed,stop,14.101563676998921,gen-1789613231-upUfJfQZYIFrKIGq5Aax,qwen/qwen3-coder-30b-a3b-instruct,SiliconFlow,2137,313,2450,7737,0,,,,False,,/home/justin/npu-playground/runs/case-study-v3-openrouter-interrupted-backup-20260917T031835Z/repeat-001/20260917T023536Z/hinted_ir/fcd6e15734394ecfa3017cb90ca0e343/report.json
Qwen,1,hinted_ir:triton_layer_norm:intel_npu_4000,hinted_ir,intel_npu_4000,10,code,completed,stop,16.88707018399873,gen-1789613245-6uQaObhaP3Jjdwtp8qNT,qwen/qwen3-coder-30b-a3b-instruct,SiliconFlow,2554,619,3173,9328,0,,,,False,,/home/justin/npu-playground/runs/case-study-v3-openrouter-interrupted-backup-20260917T031835Z/repeat-001/20260917T023536Z/hinted_ir/fcd6e15734394ecfa3017cb90ca0e343/report.json
Qwen,1,structured_ir:cuda_reduce_sum:amd_xdna2_npu2,structured_ir,amd_xdna2_npu2,1,intermediate,completed,stop,24.326821006998216,gen-1789612941-61mLFT4FF8YgE7AzDKZ1,qwen/qwen3-coder-30b-a3b-instruct,SiliconFlow,1230,889,2119,4931,0,,,,False,,/home/justin/npu-playground/runs/case-study-v3-openrouter-interrupted-backup-20260917T031835Z/repeat-001/20260917T023536Z/structured_ir/a4ba674735914eacb2970a338d96bd7f/report.json
Qwen,1,structured_ir:cuda_reduce_sum:amd_xdna2_npu2,structured_ir,amd_xdna2_npu2,1,code,completed,stop,39.58255894400281,gen-1789612965-DMht8ZiKWju1FPfOB8oz,qwen/qwen3-coder-30b-a3b-instruct,SiliconFlow,2621,1219,3840,8559,0,,,18247,False,,/home/justin/npu-playground/runs/case-study-v3-openrouter-interrupted-backup-20260917T031835Z/repeat-001/20260917T023536Z/structured_ir/a4ba674735914eacb2970a338d96bd7f/report.json
Qwen,1,structured_ir:cuda_reduce_sum:amd_xdna2_npu2,structured_ir,amd_xdna2_npu2,2,code,completed,stop,28.60440283099888,gen-1789613006-3Nmpcq5TaOSSzaINocBL,qwen/qwen3-coder-30b-a3b-instruct,SiliconFlow,5345,1222,6567,18247,0,,,18289,False,,/home/justin/npu-playground/runs/case-study-v3-openrouter-interrupted-backup-20260917T031835Z/repeat-001/20260917T023536Z/structured_ir/a4ba674735914eacb2970a338d96bd7f/report.json
Qwen,1,structured_ir:cuda_reduce_sum:amd_xdna2_npu2,structured_ir,amd_xdna2_npu2,3,code,completed,stop,43.11787176100188,gen-1789613035-nqUCilrQAiPCn7RMhnz0,qwen/qwen3-coder-30b-a3b-instruct,SiliconFlow,5347,1222,6569,18289,0,,,18289,False,,/home/justin/npu-playground/runs/case-study-v3-openrouter-interrupted-backup-20260917T031835Z/repeat-001/20260917T023536Z/structured_ir/a4ba674735914eacb2970a338d96bd7f/report.json
Qwen,1,structured_ir:cuda_reduce_sum:amd_xdna2_npu2,structured_ir,amd_xdna2_npu2,4,code,completed,stop,34.1605049710015,gen-1789613079-3NBBnsQ0w2n4LQ1zq3Ig,qwen/qwen3-coder-30b-a3b-instruct,SiliconFlow,5347,1222,6569,18289,0,,,18289,False,,/home/justin/npu-playground/runs/case-study-v3-openrouter-interrupted-backup-20260917T031835Z/repeat-001/20260917T023536Z/structured_ir/a4ba674735914eacb2970a338d96bd7f/report.json
Qwen,1,structured_ir:cuda_reduce_sum:amd_xdna2_npu2,structured_ir,amd_xdna2_npu2,5,code,completed,stop,30.338036104996718,gen-1789613114-i3my61yUtCc00mSsqobW,qwen/qwen3-coder-30b-a3b-instruct,SiliconFlow,5347,1222,6569,18289,0,,,18289,False,,/home/justin/npu-playground/runs/case-study-v3-openrouter-interrupted-backup-20260917T031835Z/repeat-001/20260917T023536Z/structured_ir/a4ba674735914eacb2970a338d96bd7f/report.json
Qwen,1,structured_ir:cuda_reduce_sum:amd_xdna2_npu2,structured_ir,amd_xdna2_npu2,6,code,completed,stop,28.899428905002424,gen-1789613146-HF1bZUVxodBjOR6ZRlgO,qwen/qwen3-coder-30b-a3b-instruct,SiliconFlow,5347,1222,6569,18289,0,,,18289,False,,/home/justin/npu-playground/runs/case-study-v3-openrouter-interrupted-backup-20260917T031835Z/repeat-001/20260917T023536Z/structured_ir/a4ba674735914eacb2970a338d96bd7f/report.json
Qwen,1,structured_ir:cuda_reduce_sum:amd_xdna2_npu2,structured_ir,amd_xdna2_npu2,7,code,completed,stop,34.926985128000524,gen-1789613175-16gw778CHAu6ratsJDs9,qwen/qwen3-coder-30b-a3b-instruct,SiliconFlow,5347,1222,6569,18289,0,,,18289,False,,/home/justin/npu-playground/runs/case-study-v3-openrouter-interrupted-backup-20260917T031835Z/repeat-001/20260917T023536Z/structured_ir/a4ba674735914eacb2970a338d96bd7f/report.json
Qwen,1,structured_ir:cuda_reduce_sum:amd_xdna2_npu2,structured_ir,amd_xdna2_npu2,8,code,completed,stop,30.024804812001094,gen-1789613211-6rQ96oNrQtxAswzsiLDN,qwen/qwen3-coder-30b-a3b-instruct,SiliconFlow,5347,1222,6569,18289,0,,,18289,False,,/home/justin/npu-playground/runs/case-study-v3-openrouter-interrupted-backup-20260917T031835Z/repeat-001/20260917T023536Z/structured_ir/a4ba674735914eacb2970a338d96bd7f/report.json
Qwen,1,structured_ir:cuda_reduce_sum:amd_xdna2_npu2,structured_ir,amd_xdna2_npu2,9,code,completed,stop,57.635803110999404,gen-1789613242-G0M6RwNE2r7cNDpHrTqG,qwen/qwen3-coder-30b-a3b-instruct,SiliconFlow,5347,1222,6569,18289,0,,,18289,False,,/home/justin/npu-playground/runs/case-study-v3-openrouter-interrupted-backup-20260917T031835Z/repeat-001/20260917T023536Z/structured_ir/a4ba674735914eacb2970a338d96bd7f/report.json
Qwen,1,structured_ir:cuda_reduce_sum:amd_xdna2_npu2,structured_ir,amd_xdna2_npu2,10,code,completed,stop,49.216826277999644,gen-1789613300-KwNlY8dtLPzJfmj2X8jP,qwen/qwen3-coder-30b-a3b-instruct,SiliconFlow,5347,1222,6569,18289,0,,,,False,,/home/justin/npu-playground/runs/case-study-v3-openrouter-interrupted-backup-20260917T031835Z/repeat-001/20260917T023536Z/structured_ir/a4ba674735914eacb2970a338d96bd7f/report.json
Qwen,1,structured_ir:cuda_reduce_sum:intel_npu_4000,structured_ir,intel_npu_4000,1,intermediate,completed,stop,35.91553314799967,gen-1789612698-xm1AE9WEoCKAle7YiDFL,qwen/qwen3-coder-30b-a3b-instruct,SiliconFlow,1230,1147,2377,4931,0,,,,False,,/home/justin/npu-playground/runs/case-study-v3-openrouter-interrupted-backup-20260917T031835Z/repeat-001/20260917T023536Z/structured_ir/0e5ebd13753044b58e033b8ba679f2f7/report.json
Qwen,1,structured_ir:cuda_reduce_sum:intel_npu_4000,structured_ir,intel_npu_4000,1,code,completed,stop,8.205750580000313,gen-1789612734-mvFKnCK2GnEAaoBj5RFx,qwen/qwen3-coder-30b-a3b-instruct,SiliconFlow,1890,201,2091,6297,0,,,13486,False,,/home/justin/npu-playground/runs/case-study-v3-openrouter-interrupted-backup-20260917T031835Z/repeat-001/20260917T023536Z/structured_ir/0e5ebd13753044b58e033b8ba679f2f7/report.json
Qwen,1,structured_ir:cuda_reduce_sum:intel_npu_4000,structured_ir,intel_npu_4000,2,code,completed,stop,5.989334158999554,gen-1789612743-yiHS4Q6MoGEKcgIepY2M,qwen/qwen3-coder-30b-a3b-instruct,SiliconFlow,3843,199,4042,13486,0,,,13476,False,,/home/justin/npu-playground/runs/case-study-v3-openrouter-interrupted-backup-20260917T031835Z/repeat-001/20260917T023536Z/structured_ir/0e5ebd13753044b58e033b8ba679f2f7/report.json
Qwen,1,structured_ir:cuda_reduce_sum:intel_npu_4000,structured_ir,intel_npu_4000,3,code,completed,stop,8.904293790001248,gen-1789612750-dDYZDIAwnKIsmGC5DGUc,qwen/qwen3-coder-30b-a3b-instruct,SiliconFlow,3843,215,4058,13476,0,,,13542,False,,/home/justin/npu-playground/runs/case-study-v3-openrouter-interrupted-backup-20260917T031835Z/repeat-001/20260917T023536Z/structured_ir/0e5ebd13753044b58e033b8ba679f2f7/report.json
Qwen,1,structured_ir:cuda_reduce_sum:intel_npu_4000,structured_ir,intel_npu_4000,4,code,completed,stop,9.252677071999642,gen-1789612760-cXywZbFgD9jFusmeRAOl,qwen/qwen3-coder-30b-a3b-instruct,SiliconFlow,3855,243,4098,13542,0,,,13052,False,,/home/justin/npu-playground/runs/case-study-v3-openrouter-interrupted-backup-20260917T031835Z/repeat-001/20260917T023536Z/structured_ir/0e5ebd13753044b58e033b8ba679f2f7/report.json
Qwen,1,structured_ir:cuda_reduce_sum:intel_npu_4000,structured_ir,intel_npu_4000,5,code,completed,stop,6.6528481940003985,gen-1789612771-HapcjSXg91xunsoabVBR,qwen/qwen3-coder-30b-a3b-instruct,SiliconFlow,3707,243,3950,13052,0,,,,False,,/home/justin/npu-playground/runs/case-study-v3-openrouter-interrupted-backup-20260917T031835Z/repeat-001/20260917T023536Z/structured_ir/0e5ebd13753044b58e033b8ba679f2f7/report.json
Qwen,1,structured_ir:cuda_tiled_matmul:amd_xdna2_npu2,structured_ir,amd_xdna2_npu2,1,intermediate,completed,stop,14.210556936999637,gen-1789612655-xaMD2j3e6wsESzFT9woS,qwen/qwen3-coder-30b-a3b-instruct,SiliconFlow,1334,556,1890,5198,0,,,,False,,/home/justin/npu-playground/runs/case-study-v3-openrouter-interrupted-backup-20260917T031835Z/repeat-001/20260917T023536Z/structured_ir/a76dcb56d05f442eb05931c6b551a3ed/report.json
Qwen,1,structured_ir:cuda_tiled_matmul:amd_xdna2_npu2,structured_ir,amd_xdna2_npu2,1,code,completed,stop,39.591982013000234,gen-1789612669-jphGtuMh0Wl7w1G90Y1C,qwen/qwen3-coder-30b-a3b-instruct,SiliconFlow,2330,1458,3788,7503,0,,,14789,False,,/home/justin/npu-playground/runs/case-study-v3-openrouter-interrupted-backup-20260917T031835Z/repeat-001/20260917T023536Z/structured_ir/a76dcb56d05f442eb05931c6b551a3ed/report.json
Qwen,1,structured_ir:cuda_tiled_matmul:amd_xdna2_npu2,structured_ir,amd_xdna2_npu2,2,code,completed,stop,40.07545001099788,gen-1789612710-dotNqFoy8nH32ia3NmDr,qwen/qwen3-coder-30b-a3b-instruct,SiliconFlow,4820,1468,6288,14789,0,,,14809,False,,/home/justin/npu-playground/runs/case-study-v3-openrouter-interrupted-backup-20260917T031835Z/repeat-001/20260917T023536Z/structured_ir/a76dcb56d05f442eb05931c6b551a3ed/report.json
Qwen,1,structured_ir:cuda_tiled_matmul:amd_xdna2_npu2,structured_ir,amd_xdna2_npu2,3,code,completed,stop,34.52830668999741,gen-1789612751-AHa3tnstppJ0go24pijf,qwen/qwen3-coder-30b-a3b-instruct,SiliconFlow,4832,1468,6300,14809,0,,,14809,False,,/home/justin/npu-playground/runs/case-study-v3-openrouter-interrupted-backup-20260917T031835Z/repeat-001/20260917T023536Z/structured_ir/a76dcb56d05f442eb05931c6b551a3ed/report.json
Qwen,1,structured_ir:cuda_tiled_matmul:amd_xdna2_npu2,structured_ir,amd_xdna2_npu2,4,code,completed,stop,55.39675273600005,gen-1789612786-bFHsQL8Yn1y7UiZuFd47,qwen/qwen3-coder-30b-a3b-instruct,SiliconFlow,4832,1468,6300,14809,0,,,14809,False,,/home/justin/npu-playground/runs/case-study-v3-openrouter-interrupted-backup-20260917T031835Z/repeat-001/20260917T023536Z/structured_ir/a76dcb56d05f442eb05931c6b551a3ed/report.json
Qwen,1,structured_ir:cuda_tiled_matmul:amd_xdna2_npu2,structured_ir,amd_xdna2_npu2,5,code,completed,stop,57.18570486399767,gen-1789612842-CRxkUpb4kziOQIe7RP6c,qwen/qwen3-coder-30b-a3b-instruct,SiliconFlow,4832,1468,6300,14809,0,,,14809,False,,/home/justin/npu-playground/runs/case-study-v3-openrouter-interrupted-backup-20260917T031835Z/repeat-001/20260917T023536Z/structured_ir/a76dcb56d05f442eb05931c6b551a3ed/report.json
Qwen,1,structured_ir:cuda_tiled_matmul:amd_xdna2_npu2,structured_ir,amd_xdna2_npu2,6,code,completed,stop,37.968370435002726,gen-1789612900-YnKjuGiBw1cspXH9CWOt,qwen/qwen3-coder-30b-a3b-instruct,SiliconFlow,4832,1468,6300,14809,0,,,14809,False,,/home/justin/npu-playground/runs/case-study-v3-openrouter-interrupted-backup-20260917T031835Z/repeat-001/20260917T023536Z/structured_ir/a76dcb56d05f442eb05931c6b551a3ed/report.json
Qwen,1,structured_ir:cuda_tiled_matmul:amd_xdna2_npu2,structured_ir,amd_xdna2_npu2,7,code,completed,stop,35.25124364200019,gen-1789612939-cYp0rqRuMPDVmxyKEloU,qwen/qwen3-coder-30b-a3b-instruct,SiliconFlow,4832,1468,6300,14809,0,,,14809,False,,/home/justin/npu-playground/runs/case-study-v3-openrouter-interrupted-backup-20260917T031835Z/repeat-001/20260917T023536Z/structured_ir/a76dcb56d05f442eb05931c6b551a3ed/report.json
Qwen,1,structured_ir:cuda_tiled_matmul:amd_xdna2_npu2,structured_ir,amd_xdna2_npu2,8,code,completed,stop,42.24729366899919,gen-1789612975-FfVsiDhxf5kYcokz5q5h,qwen/qwen3-coder-30b-a3b-instruct,SiliconFlow,4832,1468,6300,14809,0,,,14809,False,,/home/justin/npu-playground/runs/case-study-v3-openrouter-interrupted-backup-20260917T031835Z/repeat-001/20260917T023536Z/structured_ir/a76dcb56d05f442eb05931c6b551a3ed/report.json
Qwen,1,structured_ir:cuda_tiled_matmul:amd_xdna2_npu2,structured_ir,amd_xdna2_npu2,9,code,completed,stop,33.408282260003034,gen-1789613018-eQTU5dNu1bdCY1CYrgoE,qwen/qwen3-coder-30b-a3b-instruct,SiliconFlow,4832,1468,6300,14809,0,,,14809,False,,/home/justin/npu-playground/runs/case-study-v3-openrouter-interrupted-backup-20260917T031835Z/repeat-001/20260917T023536Z/structured_ir/a76dcb56d05f442eb05931c6b551a3ed/report.json
Qwen,1,structured_ir:cuda_tiled_matmul:amd_xdna2_npu2,structured_ir,amd_xdna2_npu2,10,code,completed,stop,66.66011596399767,gen-1789613052-GCbZgKYdqLHju4fIirsB,qwen/qwen3-coder-30b-a3b-instruct,SiliconFlow,4832,1468,6300,14809,0,,,,False,,/home/justin/npu-playground/runs/case-study-v3-openrouter-interrupted-backup-20260917T031835Z/repeat-001/20260917T023536Z/structured_ir/a76dcb56d05f442eb05931c6b551a3ed/report.json
Qwen,1,structured_ir:cuda_tiled_matmul:intel_npu_4000,structured_ir,intel_npu_4000,1,intermediate,completed,stop,13.49258557000212,gen-1789613274-ayS7MPCPxCPx7RvQ6ZzL,qwen/qwen3-coder-30b-a3b-instruct,SiliconFlow,1334,509,1843,5198,0,,,,False,,/home/justin/npu-playground/runs/case-study-v3-openrouter-interrupted-backup-20260917T031835Z/repeat-001/20260917T023536Z/structured_ir/4ba96773025441ffa816c311f35add08/report.json
Qwen,1,structured_ir:cuda_tiled_matmul:intel_npu_4000,structured_ir,intel_npu_4000,1,code,completed,stop,6.576586406001297,gen-1789613287-kVMOrG4SQAIq5kiHvnWe,qwen/qwen3-coder-30b-a3b-instruct,SiliconFlow,1313,238,1551,4332,0,,,8798,False,,/home/justin/npu-playground/runs/case-study-v3-openrouter-interrupted-backup-20260917T031835Z/repeat-001/20260917T023536Z/structured_ir/4ba96773025441ffa816c311f35add08/report.json
Qwen,1,structured_ir:cuda_tiled_matmul:intel_npu_4000,structured_ir,intel_npu_4000,2,code,completed,stop,7.323754655000812,gen-1789613295-KVs3ipgsigpWnzsnrXbQ,qwen/qwen3-coder-30b-a3b-instruct,SiliconFlow,2536,248,2784,8798,0,,,,False,,/home/justin/npu-playground/runs/case-study-v3-openrouter-interrupted-backup-20260917T031835Z/repeat-001/20260917T023536Z/structured_ir/4ba96773025441ffa816c311f35add08/report.json
Qwen,1,structured_ir:cuda_tiled_transpose:amd_xdna2_npu2,structured_ir,amd_xdna2_npu2,1,intermediate,completed,stop,20.202282056001422,gen-1789613644-3nmWZkp4LyPgAnfotUx0,qwen/qwen3-coder-30b-a3b-instruct,SiliconFlow,1187,439,1626,4728,0,,,,False,,/home/justin/npu-playground/runs/case-study-v3-openrouter-interrupted-backup-20260917T031835Z/repeat-001/20260917T023536Z/structured_ir/6b5d2c7b660247218416fd3a53e47d77/report.json
Qwen,1,structured_ir:cuda_tiled_transpose:amd_xdna2_npu2,structured_ir,amd_xdna2_npu2,1,code,completed,stop,33.607515404997685,gen-1789613664-K7VWSSq3x2pJaua4CrZu,qwen/qwen3-coder-30b-a3b-instruct,SiliconFlow,2146,1153,3299,6964,0,,,14045,False,,/home/justin/npu-playground/runs/case-study-v3-openrouter-interrupted-backup-20260917T031835Z/repeat-001/20260917T023536Z/structured_ir/6b5d2c7b660247218416fd3a53e47d77/report.json
Qwen,1,structured_ir:cuda_tiled_transpose:amd_xdna2_npu2,structured_ir,amd_xdna2_npu2,2,code,completed,stop,40.56394187400292,gen-1789613698-SrH8rk8qenYHo6RJ9hq7,qwen/qwen3-coder-30b-a3b-instruct,SiliconFlow,4426,1150,5576,14045,0,,,,False,,/home/justin/npu-playground/runs/case-study-v3-openrouter-interrupted-backup-20260917T031835Z/repeat-001/20260917T023536Z/structured_ir/6b5d2c7b660247218416fd3a53e47d77/report.json
Qwen,1,structured_ir:cuda_tiled_transpose:intel_npu_4000,structured_ir,intel_npu_4000,1,intermediate,completed,stop,11.497390552998695,gen-1789612537-gj6xc9n3m1mpkOlFXOHB,qwen/qwen3-coder-30b-a3b-instruct,SiliconFlow,1187,440,1627,4728,0,,,,False,,/home/justin/npu-playground/runs/case-study-v3-openrouter-interrupted-backup-20260917T031835Z/repeat-001/20260917T023536Z/structured_ir/e9350f9ad8354e2db3df037c3b4f6e0c/report.json
Qwen,1,structured_ir:cuda_tiled_transpose:intel_npu_4000,structured_ir,intel_npu_4000,1,code,completed,stop,7.023539806999906,gen-1789612548-tKHFcqIFISvFMJmhdnPR,qwen/qwen3-coder-30b-a3b-instruct,SiliconFlow,1165,211,1376,3911,0,,,8745,False,,/home/justin/npu-playground/runs/case-study-v3-openrouter-interrupted-backup-20260917T031835Z/repeat-001/20260917T023536Z/structured_ir/e9350f9ad8354e2db3df037c3b4f6e0c/report.json
Qwen,1,structured_ir:cuda_tiled_transpose:intel_npu_4000,structured_ir,intel_npu_4000,2,code,completed,stop,7.647271159999946,gen-1789612557-yXgRODQFUQdWpG3zrWsR,qwen/qwen3-coder-30b-a3b-instruct,SiliconFlow,2446,209,2655,8745,0,,,8794,False,,/home/justin/npu-playground/runs/case-study-v3-openrouter-interrupted-backup-20260917T031835Z/repeat-001/20260917T023536Z/structured_ir/e9350f9ad8354e2db3df037c3b4f6e0c/report.json
Qwen,1,structured_ir:cuda_tiled_transpose:intel_npu_4000,structured_ir,intel_npu_4000,3,code,completed,stop,5.727556503999949,gen-1789612566-u5P7DMs8SgXLBfDIyay9,qwen/qwen3-coder-30b-a3b-instruct,SiliconFlow,2452,209,2661,8794,0,,,8745,False,,/home/justin/npu-playground/runs/case-study-v3-openrouter-interrupted-backup-20260917T031835Z/repeat-001/20260917T023536Z/structured_ir/e9350f9ad8354e2db3df037c3b4f6e0c/report.json
Qwen,1,structured_ir:cuda_tiled_transpose:intel_npu_4000,structured_ir,intel_npu_4000,4,code,completed,stop,6.620805601000029,gen-1789612573-8C5oitDvV20mgpE0BxFB,qwen/qwen3-coder-30b-a3b-instruct,SiliconFlow,2446,209,2655,8745,0,,,8745,False,,/home/justin/npu-playground/runs/case-study-v3-openrouter-interrupted-backup-20260917T031835Z/repeat-001/20260917T023536Z/structured_ir/e9350f9ad8354e2db3df037c3b4f6e0c/report.json
Qwen,1,structured_ir:cuda_tiled_transpose:intel_npu_4000,structured_ir,intel_npu_4000,5,code,completed,stop,10.96011887900022,gen-1789612580-6qzQshFhZ7FvJssrsaES,qwen/qwen3-coder-30b-a3b-instruct,SiliconFlow,2446,209,2655,8745,0,,,8745,False,,/home/justin/npu-playground/runs/case-study-v3-openrouter-interrupted-backup-20260917T031835Z/repeat-001/20260917T023536Z/structured_ir/e9350f9ad8354e2db3df037c3b4f6e0c/report.json
Qwen,1,structured_ir:cuda_tiled_transpose:intel_npu_4000,structured_ir,intel_npu_4000,6,code,completed,stop,7.855489405999833,gen-1789612593-Mxipcp6jqYO7oLV04jkY,qwen/qwen3-coder-30b-a3b-instruct,SiliconFlow,2446,209,2655,8745,0,,,8745,False,,/home/justin/npu-playground/runs/case-study-v3-openrouter-interrupted-backup-20260917T031835Z/repeat-001/20260917T023536Z/structured_ir/e9350f9ad8354e2db3df037c3b4f6e0c/report.json
Qwen,1,structured_ir:cuda_tiled_transpose:intel_npu_4000,structured_ir,intel_npu_4000,7,code,completed,stop,6.69292841800052,gen-1789612602-7IlSTlMOw1x7Yb8fkDmh,qwen/qwen3-coder-30b-a3b-instruct,SiliconFlow,2446,209,2655,8745,0,,,8745,False,,/home/justin/npu-playground/runs/case-study-v3-openrouter-interrupted-backup-20260917T031835Z/repeat-001/20260917T023536Z/structured_ir/e9350f9ad8354e2db3df037c3b4f6e0c/report.json
Qwen,1,structured_ir:cuda_tiled_transpose:intel_npu_4000,structured_ir,intel_npu_4000,8,code,completed,stop,6.587653181002679,gen-1789612610-HzbPllIeBQZ3yhOwK2Sq,qwen/qwen3-coder-30b-a3b-instruct,SiliconFlow,2446,209,2655,8745,0,,,8745,False,,/home/justin/npu-playground/runs/case-study-v3-openrouter-interrupted-backup-20260917T031835Z/repeat-001/20260917T023536Z/structured_ir/e9350f9ad8354e2db3df037c3b4f6e0c/report.json
Qwen,1,structured_ir:cuda_tiled_transpose:intel_npu_4000,structured_ir,intel_npu_4000,9,code,completed,stop,5.93234905600184,gen-1789612618-QFezsO5xdBTPJAw6OHl3,qwen/qwen3-coder-30b-a3b-instruct,SiliconFlow,2446,209,2655,8745,0,,,8745,False,,/home/justin/npu-playground/runs/case-study-v3-openrouter-interrupted-backup-20260917T031835Z/repeat-001/20260917T023536Z/structured_ir/e9350f9ad8354e2db3df037c3b4f6e0c/report.json
Qwen,1,structured_ir:cuda_tiled_transpose:intel_npu_4000,structured_ir,intel_npu_4000,10,code,completed,stop,6.973529839000548,gen-1789612625-TMkX6fhoAjYYZS4LMqtR,qwen/qwen3-coder-30b-a3b-instruct,SiliconFlow,2446,209,2655,8745,0,,,,False,,/home/justin/npu-playground/runs/case-study-v3-openrouter-interrupted-backup-20260917T031835Z/repeat-001/20260917T023536Z/structured_ir/e9350f9ad8354e2db3df037c3b4f6e0c/report.json
Qwen,1,structured_ir:cuda_vector_add:amd_xdna2_npu2,structured_ir,amd_xdna2_npu2,1,intermediate,completed,stop,14.36962728599974,gen-1789612592-klJvxbgmjGnLTX4jmZZM,qwen/qwen3-coder-30b-a3b-instruct,SiliconFlow,1166,575,1741,4670,0,,,,False,,/home/justin/npu-playground/runs/case-study-v3-openrouter-interrupted-backup-20260917T031835Z/repeat-001/20260917T023536Z/structured_ir/14db8012dcb541bfbdefbd2820cf9cf5/report.json
Qwen,1,structured_ir:cuda_vector_add:amd_xdna2_npu2,structured_ir,amd_xdna2_npu2,1,code,completed,stop,23.550339896999503,gen-1789612606-K1iVZp1ip1eE41Ve7w8n,qwen/qwen3-coder-30b-a3b-instruct,SiliconFlow,2358,933,3291,7498,0,,,13669,False,,/home/justin/npu-playground/runs/case-study-v3-openrouter-interrupted-backup-20260917T031835Z/repeat-001/20260917T023536Z/structured_ir/14db8012dcb541bfbdefbd2820cf9cf5/report.json
Qwen,1,structured_ir:cuda_vector_add:amd_xdna2_npu2,structured_ir,amd_xdna2_npu2,2,code,completed,stop,23.117690527000377,gen-1789612637-V1ULT84BJn7HZX7PCDDo,qwen/qwen3-coder-30b-a3b-instruct,SiliconFlow,4324,933,5257,13669,0,,,13669,False,,/home/justin/npu-playground/runs/case-study-v3-openrouter-interrupted-backup-20260917T031835Z/repeat-001/20260917T023536Z/structured_ir/14db8012dcb541bfbdefbd2820cf9cf5/report.json
Qwen,1,structured_ir:cuda_vector_add:amd_xdna2_npu2,structured_ir,amd_xdna2_npu2,3,code,completed,stop,23.39938236300077,gen-1789612666-XxHgcBCWus0WwR7aDdjO,qwen/qwen3-coder-30b-a3b-instruct,SiliconFlow,4324,933,5257,13669,0,,,13669,False,,/home/justin/npu-playground/runs/case-study-v3-openrouter-interrupted-backup-20260917T031835Z/repeat-001/20260917T023536Z/structured_ir/14db8012dcb541bfbdefbd2820cf9cf5/report.json
Qwen,1,structured_ir:cuda_vector_add:amd_xdna2_npu2,structured_ir,amd_xdna2_npu2,4,code,completed,stop,31.46230141900014,gen-1789612696-Ls9xAqBaDvzjbWLNXNMt,qwen/qwen3-coder-30b-a3b-instruct,SiliconFlow,4324,933,5257,13669,0,,,13669,False,,/home/justin/npu-playground/runs/case-study-v3-openrouter-interrupted-backup-20260917T031835Z/repeat-001/20260917T023536Z/structured_ir/14db8012dcb541bfbdefbd2820cf9cf5/report.json
Qwen,1,structured_ir:cuda_vector_add:amd_xdna2_npu2,structured_ir,amd_xdna2_npu2,5,code,completed,stop,37.227170698999544,gen-1789612735-IqlkPDWvY8xwsZDcw3nR,qwen/qwen3-coder-30b-a3b-instruct,SiliconFlow,4324,933,5257,13669,0,,,13669,False,,/home/justin/npu-playground/runs/case-study-v3-openrouter-interrupted-backup-20260917T031835Z/repeat-001/20260917T023536Z/structured_ir/14db8012dcb541bfbdefbd2820cf9cf5/report.json
Qwen,1,structured_ir:cuda_vector_add:amd_xdna2_npu2,structured_ir,amd_xdna2_npu2,6,code,completed,stop,25.68828971000039,gen-1789612779-xsDVwf5H7197KeD60iRv,qwen/qwen3-coder-30b-a3b-instruct,SiliconFlow,4324,933,5257,13669,0,,,13669,False,,/home/justin/npu-playground/runs/case-study-v3-openrouter-interrupted-backup-20260917T031835Z/repeat-001/20260917T023536Z/structured_ir/14db8012dcb541bfbdefbd2820cf9cf5/report.json
Qwen,1,structured_ir:cuda_vector_add:amd_xdna2_npu2,structured_ir,amd_xdna2_npu2,7,code,completed,stop,31.63109772000098,gen-1789612811-GgX6wCGFhpqgIbs86AB5,qwen/qwen3-coder-30b-a3b-instruct,SiliconFlow,4324,933,5257,13669,0,,,13669,False,,/home/justin/npu-playground/runs/case-study-v3-openrouter-interrupted-backup-20260917T031835Z/repeat-001/20260917T023536Z/structured_ir/14db8012dcb541bfbdefbd2820cf9cf5/report.json
Qwen,1,structured_ir:cuda_vector_add:amd_xdna2_npu2,structured_ir,amd_xdna2_npu2,8,code,completed,stop,39.564710900001955,gen-1789612850-yIUGPmJmNpOlDzradqUP,qwen/qwen3-coder-30b-a3b-instruct,SiliconFlow,4324,933,5257,13669,0,,,13669,False,,/home/justin/npu-playground/runs/case-study-v3-openrouter-interrupted-backup-20260917T031835Z/repeat-001/20260917T023536Z/structured_ir/14db8012dcb541bfbdefbd2820cf9cf5/report.json
Qwen,1,structured_ir:cuda_vector_add:amd_xdna2_npu2,structured_ir,amd_xdna2_npu2,9,code,completed,stop,31.20289246300308,gen-1789612896-35wDx4cWmZLpPXGL114j,qwen/qwen3-coder-30b-a3b-instruct,SiliconFlow,4324,933,5257,13669,0,,,13669,False,,/home/justin/npu-playground/runs/case-study-v3-openrouter-interrupted-backup-20260917T031835Z/repeat-001/20260917T023536Z/structured_ir/14db8012dcb541bfbdefbd2820cf9cf5/report.json
Qwen,1,structured_ir:cuda_vector_add:amd_xdna2_npu2,structured_ir,amd_xdna2_npu2,10,code,completed,stop,26.580217152997648,gen-1789612934-mXaPKCrNw5FFsJUNE42E,qwen/qwen3-coder-30b-a3b-instruct,SiliconFlow,4324,933,5257,13669,0,,,,False,,/home/justin/npu-playground/runs/case-study-v3-openrouter-interrupted-backup-20260917T031835Z/repeat-001/20260917T023536Z/structured_ir/14db8012dcb541bfbdefbd2820cf9cf5/report.json
Qwen,1,structured_ir:cuda_vector_add:intel_npu_4000,structured_ir,intel_npu_4000,1,intermediate,completed,stop,13.214567587998317,gen-1789612600-jOSYJVOJMMlvEX7wFoJD,qwen/qwen3-coder-30b-a3b-instruct,SiliconFlow,1166,568,1734,4670,0,,,,False,,/home/justin/npu-playground/runs/case-study-v3-openrouter-interrupted-backup-20260917T031835Z/repeat-001/20260917T023536Z/structured_ir/20f0d1dae1204e53b04f3a929ba3f726/report.json
Qwen,1,structured_ir:cuda_vector_add:intel_npu_4000,structured_ir,intel_npu_4000,1,code,completed,stop,8.235434597001586,gen-1789612613-1d1pNiaeilrzguvq1evi,qwen/qwen3-coder-30b-a3b-instruct,SiliconFlow,1380,225,1605,4454,0,,,9028,False,,/home/justin/npu-playground/runs/case-study-v3-openrouter-interrupted-backup-20260917T031835Z/repeat-001/20260917T023536Z/structured_ir/20f0d1dae1204e53b04f3a929ba3f726/report.json
Qwen,1,structured_ir:cuda_vector_add:intel_npu_4000,structured_ir,intel_npu_4000,2,code,completed,stop,8.581092276999698,gen-1789612622-WNenllzQe5h4JBskyxyS,qwen/qwen3-coder-30b-a3b-instruct,SiliconFlow,2640,227,2867,9028,0,,,16024,False,,/home/justin/npu-playground/runs/case-study-v3-openrouter-interrupted-backup-20260917T031835Z/repeat-001/20260917T023536Z/structured_ir/20f0d1dae1204e53b04f3a929ba3f726/report.json
Qwen,1,structured_ir:cuda_vector_add:intel_npu_4000,structured_ir,intel_npu_4000,3,code,completed,stop,10.527165908002644,gen-1789612632-KjJKJ4bJgE7NxTH6jM8N,qwen/qwen3-coder-30b-a3b-instruct,SiliconFlow,4710,256,4966,16024,0,,,16154,False,,/home/justin/npu-playground/runs/case-study-v3-openrouter-interrupted-backup-20260917T031835Z/repeat-001/20260917T023536Z/structured_ir/20f0d1dae1204e53b04f3a929ba3f726/report.json
Qwen,1,structured_ir:cuda_vector_add:intel_npu_4000,structured_ir,intel_npu_4000,4,code,completed,stop,7.826337768998201,gen-1789612643-VjewftOkv7ETwYM0C1Tf,qwen/qwen3-coder-30b-a3b-instruct,SiliconFlow,4731,256,4987,16154,0,,,,False,,/home/justin/npu-playground/runs/case-study-v3-openrouter-interrupted-backup-20260917T031835Z/repeat-001/20260917T023536Z/structured_ir/20f0d1dae1204e53b04f3a929ba3f726/report.json
Qwen,1,structured_ir:hip_gamma_correction:amd_xdna2_npu2,structured_ir,amd_xdna2_npu2,1,intermediate,completed,stop,49.310849735000374,gen-1789613493-HgEcf3n2DYR41XdmCCnw,qwen/qwen3-coder-30b-a3b-instruct,SiliconFlow,1176,599,1775,4760,0,,,,False,,/home/justin/npu-playground/runs/case-study-v3-openrouter-interrupted-backup-20260917T031835Z/repeat-001/20260917T023536Z/structured_ir/9f11c7ab5a7c473dadd52d5142cd32b0/report.json
Qwen,1,structured_ir:hip_gamma_correction:amd_xdna2_npu2,structured_ir,amd_xdna2_npu2,1,code,completed,stop,29.274470715998177,gen-1789613543-ZnAWg0x0l3GpcwKQgA3L,qwen/qwen3-coder-30b-a3b-instruct,SiliconFlow,2391,1107,3498,7687,0,,,15116,False,,/home/justin/npu-playground/runs/case-study-v3-openrouter-interrupted-backup-20260917T031835Z/repeat-001/20260917T023536Z/structured_ir/9f11c7ab5a7c473dadd52d5142cd32b0/report.json
Qwen,1,structured_ir:hip_gamma_correction:amd_xdna2_npu2,structured_ir,amd_xdna2_npu2,2,code,completed,stop,26.851797260998865,gen-1789613573-IW9Eg0LiVUtgrd4VvDHa,qwen/qwen3-coder-30b-a3b-instruct,SiliconFlow,4793,1109,5902,15116,0,,,14509,False,,/home/justin/npu-playground/runs/case-study-v3-openrouter-interrupted-backup-20260917T031835Z/repeat-001/20260917T023536Z/structured_ir/9f11c7ab5a7c473dadd52d5142cd32b0/report.json
Qwen,1,structured_ir:hip_gamma_correction:amd_xdna2_npu2,structured_ir,amd_xdna2_npu2,3,code,completed,stop,26.9077706700009,gen-1789613607-A0PPJBwnOf5gmF5m6mqg,qwen/qwen3-coder-30b-a3b-instruct,SiliconFlow,4583,1109,5692,14509,0,,,14509,False,,/home/justin/npu-playground/runs/case-study-v3-openrouter-interrupted-backup-20260917T031835Z/repeat-001/20260917T023536Z/structured_ir/9f11c7ab5a7c473dadd52d5142cd32b0/report.json
Qwen,1,structured_ir:hip_gamma_correction:amd_xdna2_npu2,structured_ir,amd_xdna2_npu2,4,code,completed,stop,74.07494023600157,gen-1789613641-MdomQEYgbgTdcoq3e5j4,qwen/qwen3-coder-30b-a3b-instruct,SiliconFlow,4583,1109,5692,14509,0,,,14509,False,,/home/justin/npu-playground/runs/case-study-v3-openrouter-interrupted-backup-20260917T031835Z/repeat-001/20260917T023536Z/structured_ir/9f11c7ab5a7c473dadd52d5142cd32b0/report.json
Qwen,1,structured_ir:hip_gamma_correction:amd_xdna2_npu2,structured_ir,amd_xdna2_npu2,5,code,completed,stop,35.17208922499776,gen-1789613723-lOfPzRdCsxKYdjsbvacs,qwen/qwen3-coder-30b-a3b-instruct,SiliconFlow,4583,1109,5692,14509,0,,,14509,False,,/home/justin/npu-playground/runs/case-study-v3-openrouter-interrupted-backup-20260917T031835Z/repeat-001/20260917T023536Z/structured_ir/9f11c7ab5a7c473dadd52d5142cd32b0/report.json
Qwen,1,structured_ir:hip_gamma_correction:amd_xdna2_npu2,structured_ir,amd_xdna2_npu2,6,code,completed,stop,35.66651199300031,gen-1789613765-70QrHkogl2Fwkz00p1ls,qwen/qwen3-coder-30b-a3b-instruct,SiliconFlow,4583,1109,5692,14509,0,,,14509,False,,/home/justin/npu-playground/runs/case-study-v3-openrouter-interrupted-backup-20260917T031835Z/repeat-001/20260917T023536Z/structured_ir/9f11c7ab5a7c473dadd52d5142cd32b0/report.json
Qwen,1,structured_ir:hip_gamma_correction:amd_xdna2_npu2,structured_ir,amd_xdna2_npu2,7,code,completed,stop,37.84725609000088,gen-1789613808-lAgz4K0VZ5UW9ZBo3gOR,qwen/qwen3-coder-30b-a3b-instruct,SiliconFlow,4583,1109,5692,14509,0,,,14509,False,,/home/justin/npu-playground/runs/case-study-v3-openrouter-interrupted-backup-20260917T031835Z/repeat-001/20260917T023536Z/structured_ir/9f11c7ab5a7c473dadd52d5142cd32b0/report.json
Qwen,1,structured_ir:hip_gamma_correction:amd_xdna2_npu2,structured_ir,amd_xdna2_npu2,8,code,completed,stop,27.755850828001712,gen-1789613854-T0WhVs33NbKnaHSLVgcR,qwen/qwen3-coder-30b-a3b-instruct,SiliconFlow,4583,1109,5692,14509,0,,,14509,False,,/home/justin/npu-playground/runs/case-study-v3-openrouter-interrupted-backup-20260917T031835Z/repeat-001/20260917T023536Z/structured_ir/9f11c7ab5a7c473dadd52d5142cd32b0/report.json
Qwen,1,structured_ir:hip_gamma_correction:amd_xdna2_npu2,structured_ir,amd_xdna2_npu2,9,code,completed,stop,48.763533137000195,gen-1789613889-8zSyRzdTnhtVTHFACJAI,qwen/qwen3-coder-30b-a3b-instruct,SiliconFlow,4583,1109,5692,14509,0,,,14509,False,,/home/justin/npu-playground/runs/case-study-v3-openrouter-interrupted-backup-20260917T031835Z/repeat-001/20260917T023536Z/structured_ir/9f11c7ab5a7c473dadd52d5142cd32b0/report.json
Qwen,1,structured_ir:hip_gamma_correction:amd_xdna2_npu2,structured_ir,amd_xdna2_npu2,10,code,completed,stop,32.71765027799847,gen-1789613945-EVjs4qed05IYRVXug8wM,qwen/qwen3-coder-30b-a3b-instruct,SiliconFlow,4583,1109,5692,14509,0,,,,False,,/home/justin/npu-playground/runs/case-study-v3-openrouter-interrupted-backup-20260917T031835Z/repeat-001/20260917T023536Z/structured_ir/9f11c7ab5a7c473dadd52d5142cd32b0/report.json
Qwen,1,structured_ir:hip_gamma_correction:intel_npu_4000,structured_ir,intel_npu_4000,1,intermediate,completed,stop,20.842709497002943,gen-1789613410-zrl1Ag6LRMOZHqF5vkDa,qwen/qwen3-coder-30b-a3b-instruct,SiliconFlow,1176,653,1829,4760,0,,,,False,,/home/justin/npu-playground/runs/case-study-v3-openrouter-interrupted-backup-20260917T031835Z/repeat-001/20260917T023536Z/structured_ir/28a48e01f37947f5b04e0d5ddcd1afae/report.json
Qwen,1,structured_ir:hip_gamma_correction:intel_npu_4000,structured_ir,intel_npu_4000,1,code,completed,stop,13.210366539999086,gen-1789613431-3lcY7FeilCpcy3P3iOEn,qwen/qwen3-coder-30b-a3b-instruct,SiliconFlow,1447,311,1758,4747,0,,,16847,False,,/home/justin/npu-playground/runs/case-study-v3-openrouter-interrupted-backup-20260917T031835Z/repeat-001/20260917T023536Z/structured_ir/28a48e01f37947f5b04e0d5ddcd1afae/report.json
Qwen,1,structured_ir:hip_gamma_correction:intel_npu_4000,structured_ir,intel_npu_4000,2,code,completed,stop,16.129514330998063,gen-1789613445-9E3Ruvf3EeBml3i70S00,qwen/qwen3-coder-30b-a3b-instruct,SiliconFlow,4942,338,5280,16847,0,,,16963,False,,/home/justin/npu-playground/runs/case-study-v3-openrouter-interrupted-backup-20260917T031835Z/repeat-001/20260917T023536Z/structured_ir/28a48e01f37947f5b04e0d5ddcd1afae/report.json
Qwen,1,structured_ir:hip_gamma_correction:intel_npu_4000,structured_ir,intel_npu_4000,3,code,completed,stop,9.29827888300133,gen-1789613462-KBW1ZxlgKWLsQJ3J2QDc,qwen/qwen3-coder-30b-a3b-instruct,SiliconFlow,4965,344,5309,16963,0,,,,False,,/home/justin/npu-playground/runs/case-study-v3-openrouter-interrupted-backup-20260917T031835Z/repeat-001/20260917T023536Z/structured_ir/28a48e01f37947f5b04e0d5ddcd1afae/report.json
Qwen,1,structured_ir:hip_image_convolution:amd_xdna2_npu2,structured_ir,amd_xdna2_npu2,1,intermediate,completed,stop,25.71705782999925,gen-1789613195-Der7chz6mAeTGxUXXMAJ,qwen/qwen3-coder-30b-a3b-instruct,SiliconFlow,1320,785,2105,5079,0,,,,False,,/home/justin/npu-playground/runs/case-study-v3-openrouter-interrupted-backup-20260917T031835Z/repeat-001/20260917T023536Z/structured_ir/63babec384bd4f1c8bed6aecfe415156/report.json
Qwen,1,structured_ir:hip_image_convolution:amd_xdna2_npu2,structured_ir,amd_xdna2_npu2,1,code,completed,stop,50.88703136299955,gen-1789613221-qgczdvX2osJxcgY2WLon,qwen/qwen3-coder-30b-a3b-instruct,SiliconFlow,2590,1351,3941,8171,0,,,15960,False,,/home/justin/npu-playground/runs/case-study-v3-openrouter-interrupted-backup-20260917T031835Z/repeat-001/20260917T023536Z/structured_ir/63babec384bd4f1c8bed6aecfe415156/report.json
Qwen,1,structured_ir:hip_image_convolution:amd_xdna2_npu2,structured_ir,amd_xdna2_npu2,2,code,completed,stop,46.98503344100027,gen-1789613279-Ux04Jg87xOikp3HhDEtz,qwen/qwen3-coder-30b-a3b-instruct,SiliconFlow,5201,1351,6552,15960,0,,,15960,False,,/home/justin/npu-playground/runs/case-study-v3-openrouter-interrupted-backup-20260917T031835Z/repeat-001/20260917T023536Z/structured_ir/63babec384bd4f1c8bed6aecfe415156/report.json
Qwen,1,structured_ir:hip_image_convolution:amd_xdna2_npu2,structured_ir,amd_xdna2_npu2,3,code,completed,stop,35.35392265400151,gen-1789613333-iesoklmuTNuGffuyjoOk,qwen/qwen3-coder-30b-a3b-instruct,SiliconFlow,5201,1351,6552,15960,0,,,15960,False,,/home/justin/npu-playground/runs/case-study-v3-openrouter-interrupted-backup-20260917T031835Z/repeat-001/20260917T023536Z/structured_ir/63babec384bd4f1c8bed6aecfe415156/report.json
Qwen,1,structured_ir:hip_image_convolution:amd_xdna2_npu2,structured_ir,amd_xdna2_npu2,4,code,completed,stop,77.5824415390016,gen-1789613374-CB9r9WYKrMswSh9EbzZ9,qwen/qwen3-coder-30b-a3b-instruct,SiliconFlow,5201,1351,6552,15960,0,,,15960,False,,/home/justin/npu-playground/runs/case-study-v3-openrouter-interrupted-backup-20260917T031835Z/repeat-001/20260917T023536Z/structured_ir/63babec384bd4f1c8bed6aecfe415156/report.json
Qwen,1,structured_ir:hip_image_convolution:amd_xdna2_npu2,structured_ir,amd_xdna2_npu2,5,code,completed,stop,30.526455113002157,gen-1789613459-I1AOj3WjOImvaBY7LI9D,qwen/qwen3-coder-30b-a3b-instruct,SiliconFlow,5201,1351,6552,15960,0,,,15960,False,,/home/justin/npu-playground/runs/case-study-v3-openrouter-interrupted-backup-20260917T031835Z/repeat-001/20260917T023536Z/structured_ir/63babec384bd4f1c8bed6aecfe415156/report.json
Qwen,1,structured_ir:hip_image_convolution:amd_xdna2_npu2,structured_ir,amd_xdna2_npu2,6,code,completed,stop,32.612458884999796,gen-1789613497-VdyKIyBdcT2vvwqoSeCM,qwen/qwen3-coder-30b-a3b-instruct,SiliconFlow,5201,1351,6552,15960,0,,,15960,False,,/home/justin/npu-playground/runs/case-study-v3-openrouter-interrupted-backup-20260917T031835Z/repeat-001/20260917T023536Z/structured_ir/63babec384bd4f1c8bed6aecfe415156/report.json
Qwen,1,structured_ir:hip_image_convolution:amd_xdna2_npu2,structured_ir,amd_xdna2_npu2,7,code,completed,stop,32.48568370200155,gen-1789613537-GB0dfrIOiQjtsVxhHUtd,qwen/qwen3-coder-30b-a3b-instruct,SiliconFlow,5201,1351,6552,15960,0,,,15960,False,,/home/justin/npu-playground/runs/case-study-v3-openrouter-interrupted-backup-20260917T031835Z/repeat-001/20260917T023536Z/structured_ir/63babec384bd4f1c8bed6aecfe415156/report.json
Qwen,1,structured_ir:hip_image_convolution:amd_xdna2_npu2,structured_ir,amd_xdna2_npu2,8,code,completed,stop,30.52103901400187,gen-1789613577-xCQ98n04IbzDDChMVHIk,qwen/qwen3-coder-30b-a3b-instruct,SiliconFlow,5201,1351,6552,15960,0,,,15960,False,,/home/justin/npu-playground/runs/case-study-v3-openrouter-interrupted-backup-20260917T031835Z/repeat-001/20260917T023536Z/structured_ir/63babec384bd4f1c8bed6aecfe415156/report.json
Qwen,1,structured_ir:hip_image_convolution:amd_xdna2_npu2,structured_ir,amd_xdna2_npu2,9,code,completed,stop,39.62309920299958,gen-1789613614-hSwIjFH1bEeFueyx5nya,qwen/qwen3-coder-30b-a3b-instruct,SiliconFlow,5201,1351,6552,15960,0,,,15960,False,,/home/justin/npu-playground/runs/case-study-v3-openrouter-interrupted-backup-20260917T031835Z/repeat-001/20260917T023536Z/structured_ir/63babec384bd4f1c8bed6aecfe415156/report.json
Qwen,1,structured_ir:hip_image_convolution:amd_xdna2_npu2,structured_ir,amd_xdna2_npu2,10,code,completed,stop,39.66182185700018,gen-1789613661-3aMAL1BJvekoF4N9VWqV,qwen/qwen3-coder-30b-a3b-instruct,SiliconFlow,5201,1351,6552,15960,0,,,,False,,/home/justin/npu-playground/runs/case-study-v3-openrouter-interrupted-backup-20260917T031835Z/repeat-001/20260917T023536Z/structured_ir/63babec384bd4f1c8bed6aecfe415156/report.json
Qwen,1,structured_ir:hip_image_convolution:intel_npu_4000,structured_ir,intel_npu_4000,1,intermediate,completed,stop,29.02432123499966,gen-1789612547-fT8hwoRsmi6RT8vSVw6M,qwen/qwen3-coder-30b-a3b-instruct,SiliconFlow,1320,800,2120,5079,0,,,,False,,/home/justin/npu-playground/runs/case-study-v3-openrouter-interrupted-backup-20260917T031835Z/repeat-001/20260917T023536Z/structured_ir/7fd49e5cfa6d47a3aac77eef8ae2e446/report.json
Qwen,1,structured_ir:hip_image_convolution:intel_npu_4000,structured_ir,intel_npu_4000,1,code,completed,stop,15.005807614001242,gen-1789612577-DyTmDVH0rg2cyJfPT1DT,qwen/qwen3-coder-30b-a3b-instruct,SiliconFlow,1630,295,1925,5221,0,,,17723,False,,/home/justin/npu-playground/runs/case-study-v3-openrouter-interrupted-backup-20260917T031835Z/repeat-001/20260917T023536Z/structured_ir/7fd49e5cfa6d47a3aac77eef8ae2e446/report.json
Qwen,1,structured_ir:hip_image_convolution:intel_npu_4000,structured_ir,intel_npu_4000,2,code,completed,stop,9.967643212999974,gen-1789612593-OzdEtXXSD5RanH9cE0oJ,qwen/qwen3-coder-30b-a3b-instruct,SiliconFlow,5265,300,5565,17723,0,,,10821,False,,/home/justin/npu-playground/runs/case-study-v3-openrouter-interrupted-backup-20260917T031835Z/repeat-001/20260917T023536Z/structured_ir/7fd49e5cfa6d47a3aac77eef8ae2e446/report.json
Qwen,1,structured_ir:hip_image_convolution:intel_npu_4000,structured_ir,intel_npu_4000,3,code,completed,stop,8.724298925000767,gen-1789612604-JgZiX0k0BXwEScPkaTHQ,qwen/qwen3-coder-30b-a3b-instruct,SiliconFlow,3222,299,3521,10821,0,,,,False,,/home/justin/npu-playground/runs/case-study-v3-openrouter-interrupted-backup-20260917T031835Z/repeat-001/20260917T023536Z/structured_ir/7fd49e5cfa6d47a3aac77eef8ae2e446/report.json
Qwen,1,structured_ir:hip_moving_average:amd_xdna2_npu2,structured_ir,amd_xdna2_npu2,1,intermediate,completed,stop,15.441449557998567,gen-1789612537-BNgAfPBdVfTJofM2tNau,qwen/qwen3-coder-30b-a3b-instruct,SiliconFlow,1183,635,1818,4763,0,,,,False,,/home/justin/npu-playground/runs/case-study-v3-openrouter-interrupted-backup-20260917T031835Z/repeat-001/20260917T023536Z/structured_ir/553572492b614d3583b22ea5bd902078/report.json
Qwen,1,structured_ir:hip_moving_average:amd_xdna2_npu2,structured_ir,amd_xdna2_npu2,1,code,completed,stop,32.599792382003216,gen-1789612554-039YbPzNLHqf9fDH60H9,qwen/qwen3-coder-30b-a3b-instruct,SiliconFlow,2390,834,3224,7647,0,,,14576,False,,/home/justin/npu-playground/runs/case-study-v3-openrouter-interrupted-backup-20260917T031835Z/repeat-001/20260917T023536Z/structured_ir/553572492b614d3583b22ea5bd902078/report.json
Qwen,1,structured_ir:hip_moving_average:amd_xdna2_npu2,structured_ir,amd_xdna2_npu2,2,code,completed,stop,27.159970955999597,gen-1789612587-AYdgba1t2MJ5q42jvdG2,qwen/qwen3-coder-30b-a3b-instruct,SiliconFlow,4488,989,5477,14576,0,,,15252,False,,/home/justin/npu-playground/runs/case-study-v3-openrouter-interrupted-backup-20260917T031835Z/repeat-001/20260917T023536Z/structured_ir/553572492b614d3583b22ea5bd902078/report.json
Qwen,1,structured_ir:hip_moving_average:amd_xdna2_npu2,structured_ir,amd_xdna2_npu2,3,code,completed,stop,30.677850074000162,gen-1789612617-yzaqfhEdV2DOMHZCe3o7,qwen/qwen3-coder-30b-a3b-instruct,SiliconFlow,4831,947,5778,15252,0,,,15210,False,,/home/justin/npu-playground/runs/case-study-v3-openrouter-interrupted-backup-20260917T031835Z/repeat-001/20260917T023536Z/structured_ir/553572492b614d3583b22ea5bd902078/report.json
Qwen,1,structured_ir:hip_moving_average:amd_xdna2_npu2,structured_ir,amd_xdna2_npu2,4,code,completed,stop,22.81841940400045,gen-1789612650-hosnsR2Ypt4fdfQuB3LF,qwen/qwen3-coder-30b-a3b-instruct,SiliconFlow,4789,947,5736,15210,0,,,15210,False,,/home/justin/npu-playground/runs/case-study-v3-openrouter-interrupted-backup-20260917T031835Z/repeat-001/20260917T023536Z/structured_ir/553572492b614d3583b22ea5bd902078/report.json
Qwen,1,structured_ir:hip_moving_average:amd_xdna2_npu2,structured_ir,amd_xdna2_npu2,5,code,completed,stop,23.29609576599978,gen-1789612677-svRKSru8KWg5Z0bIlUt1,qwen/qwen3-coder-30b-a3b-instruct,SiliconFlow,4789,947,5736,15210,0,,,15210,False,,/home/justin/npu-playground/runs/case-study-v3-openrouter-interrupted-backup-20260917T031835Z/repeat-001/20260917T023536Z/structured_ir/553572492b614d3583b22ea5bd902078/report.json
Qwen,1,structured_ir:hip_moving_average:amd_xdna2_npu2,structured_ir,amd_xdna2_npu2,6,code,completed,stop,25.58138441200208,gen-1789612703-lceZh74nVjProopj16fF,qwen/qwen3-coder-30b-a3b-instruct,SiliconFlow,4789,947,5736,15210,0,,,15210,False,,/home/justin/npu-playground/runs/case-study-v3-openrouter-interrupted-backup-20260917T031835Z/repeat-001/20260917T023536Z/structured_ir/553572492b614d3583b22ea5bd902078/report.json
Qwen,1,structured_ir:hip_moving_average:amd_xdna2_npu2,structured_ir,amd_xdna2_npu2,7,code,completed,stop,38.77573661800125,gen-1789612732-2Om2J2mIqe8AlVhPk6e8,qwen/qwen3-coder-30b-a3b-instruct,SiliconFlow,4789,947,5736,15210,0,,,15210,False,,/home/justin/npu-playground/runs/case-study-v3-openrouter-interrupted-backup-20260917T031835Z/repeat-001/20260917T023536Z/structured_ir/553572492b614d3583b22ea5bd902078/report.json
Qwen,1,structured_ir:hip_moving_average:amd_xdna2_npu2,structured_ir,amd_xdna2_npu2,8,code,completed,stop,23.144508533998305,gen-1789612774-h3Zb74puwG2ZdMN2htkM,qwen/qwen3-coder-30b-a3b-instruct,SiliconFlow,4789,947,5736,15210,0,,,15210,False,,/home/justin/npu-playground/runs/case-study-v3-openrouter-interrupted-backup-20260917T031835Z/repeat-001/20260917T023536Z/structured_ir/553572492b614d3583b22ea5bd902078/report.json
Qwen,1,structured_ir:hip_moving_average:amd_xdna2_npu2,structured_ir,amd_xdna2_npu2,9,code,completed,stop,29.254917676000332,gen-1789612800-OLZciGbNrPzI8bb7fRNH,qwen/qwen3-coder-30b-a3b-instruct,SiliconFlow,4789,947,5736,15210,0,,,15210,False,,/home/justin/npu-playground/runs/case-study-v3-openrouter-interrupted-backup-20260917T031835Z/repeat-001/20260917T023536Z/structured_ir/553572492b614d3583b22ea5bd902078/report.json
Qwen,1,structured_ir:hip_moving_average:amd_xdna2_npu2,structured_ir,amd_xdna2_npu2,10,code,completed,stop,27.54953472899797,gen-1789612832-yekgKfK6zeYg80KQtN4U,qwen/qwen3-coder-30b-a3b-instruct,SiliconFlow,4789,947,5736,15210,0,,,,False,,/home/justin/npu-playground/runs/case-study-v3-openrouter-interrupted-backup-20260917T031835Z/repeat-001/20260917T023536Z/structured_ir/553572492b614d3583b22ea5bd902078/report.json
Qwen,1,structured_ir:hip_moving_average:intel_npu_4000,structured_ir,intel_npu_4000,1,intermediate,completed,stop,29.481665077000798,gen-1789613096-pKHzx9mXG69HwDuzoMKG,qwen/qwen3-coder-30b-a3b-instruct,SiliconFlow,1183,630,1813,4763,0,,,,False,,/home/justin/npu-playground/runs/case-study-v3-openrouter-interrupted-backup-20260917T031835Z/repeat-001/20260917T023536Z/structured_ir/3f859cda5d9d4246b2918ee1227a4568/report.json
Qwen,1,structured_ir:hip_moving_average:intel_npu_4000,structured_ir,intel_npu_4000,1,code,completed,stop,12.790678276000108,gen-1789613125-06YXHK3zocKrjoP4vHWr,qwen/qwen3-coder-30b-a3b-instruct,SiliconFlow,1409,493,1902,4594,0,,,10499,False,,/home/justin/npu-playground/runs/case-study-v3-openrouter-interrupted-backup-20260917T031835Z/repeat-001/20260917T023536Z/structured_ir/3f859cda5d9d4246b2918ee1227a4568/report.json
Qwen,1,structured_ir:hip_moving_average:intel_npu_4000,structured_ir,intel_npu_4000,2,code,completed,stop,18.875607858000876,gen-1789613139-FNw2bCh1PicIW58VtxQ1,qwen/qwen3-coder-30b-a3b-instruct,SiliconFlow,3021,575,3596,10499,0,,,17760,False,,/home/justin/npu-playground/runs/case-study-v3-openrouter-interrupted-backup-20260917T031835Z/repeat-001/20260917T023536Z/structured_ir/3f859cda5d9d4246b2918ee1227a4568/report.json
Qwen,1,structured_ir:hip_moving_average:intel_npu_4000,structured_ir,intel_npu_4000,3,code,completed,stop,26.89825117899818,gen-1789613159-lGqJQEoelJ8fDvNnhZXr,qwen/qwen3-coder-30b-a3b-instruct,SiliconFlow,5145,575,5720,17760,0,,,17760,False,,/home/justin/npu-playground/runs/case-study-v3-openrouter-interrupted-backup-20260917T031835Z/repeat-001/20260917T023536Z/structured_ir/3f859cda5d9d4246b2918ee1227a4568/report.json
Qwen,1,structured_ir:hip_moving_average:intel_npu_4000,structured_ir,intel_npu_4000,4,code,completed,stop,17.725547858997743,gen-1789613188-71VVqBjenyZDTJCEJRaO,qwen/qwen3-coder-30b-a3b-instruct,SiliconFlow,5145,575,5720,17760,0,,,17760,False,,/home/justin/npu-playground/runs/case-study-v3-openrouter-interrupted-backup-20260917T031835Z/repeat-001/20260917T023536Z/structured_ir/3f859cda5d9d4246b2918ee1227a4568/report.json
Qwen,1,structured_ir:hip_moving_average:intel_npu_4000,structured_ir,intel_npu_4000,5,code,completed,stop,19.5245764579995,gen-1789613207-bTNXxUsnqiYerv2ch6L3,qwen/qwen3-coder-30b-a3b-instruct,SiliconFlow,5145,549,5694,17760,0,,,17635,False,,/home/justin/npu-playground/runs/case-study-v3-openrouter-interrupted-backup-20260917T031835Z/repeat-001/20260917T023536Z/structured_ir/3f859cda5d9d4246b2918ee1227a4568/report.json
Qwen,1,structured_ir:hip_moving_average:intel_npu_4000,structured_ir,intel_npu_4000,6,code,completed,stop,20.97404727799949,gen-1789613228-93pwCwXe59UqSFjKVAcY,qwen/qwen3-coder-30b-a3b-instruct,SiliconFlow,5119,549,5668,17635,0,,,17635,False,,/home/justin/npu-playground/runs/case-study-v3-openrouter-interrupted-backup-20260917T031835Z/repeat-001/20260917T023536Z/structured_ir/3f859cda5d9d4246b2918ee1227a4568/report.json
Qwen,1,structured_ir:hip_moving_average:intel_npu_4000,structured_ir,intel_npu_4000,7,code,completed,stop,19.998580757001037,gen-1789613250-7bOrVh8VNI6fpe4BSWAq,qwen/qwen3-coder-30b-a3b-instruct,SiliconFlow,5119,549,5668,17635,0,,,17635,False,,/home/justin/npu-playground/runs/case-study-v3-openrouter-interrupted-backup-20260917T031835Z/repeat-001/20260917T023536Z/structured_ir/3f859cda5d9d4246b2918ee1227a4568/report.json
Qwen,1,structured_ir:hip_moving_average:intel_npu_4000,structured_ir,intel_npu_4000,8,code,completed,stop,13.756829425998149,gen-1789613271-tCQPOu1XOpN3VxEoV7BS,qwen/qwen3-coder-30b-a3b-instruct,SiliconFlow,5119,549,5668,17635,0,,,17635,False,,/home/justin/npu-playground/runs/case-study-v3-openrouter-interrupted-backup-20260917T031835Z/repeat-001/20260917T023536Z/structured_ir/3f859cda5d9d4246b2918ee1227a4568/report.json
Qwen,1,structured_ir:hip_moving_average:intel_npu_4000,structured_ir,intel_npu_4000,9,code,completed,stop,14.762172867001937,gen-1789613285-kRabFYKiby7AL4PNA1wC,qwen/qwen3-coder-30b-a3b-instruct,SiliconFlow,5119,549,5668,17635,0,,,17635,False,,/home/justin/npu-playground/runs/case-study-v3-openrouter-interrupted-backup-20260917T031835Z/repeat-001/20260917T023536Z/structured_ir/3f859cda5d9d4246b2918ee1227a4568/report.json
Qwen,1,structured_ir:hip_moving_average:intel_npu_4000,structured_ir,intel_npu_4000,10,code,completed,stop,33.48913578700012,gen-1789613301-kGwy1Ifxxa7JMSFLNcyY,qwen/qwen3-coder-30b-a3b-instruct,SiliconFlow,5119,500,5619,17635,0,,,,False,,/home/justin/npu-playground/runs/case-study-v3-openrouter-interrupted-backup-20260917T031835Z/repeat-001/20260917T023536Z/structured_ir/3f859cda5d9d4246b2918ee1227a4568/report.json
Qwen,1,structured_ir:triton_fused_attention:amd_xdna2_npu2,structured_ir,amd_xdna2_npu2,1,intermediate,completed,stop,18.013640837998537,gen-1789613518-7gGm3e9UHHDXDkz1bU7n,qwen/qwen3-coder-30b-a3b-instruct,SiliconFlow,1398,618,2016,5566,0,,,,False,,/home/justin/npu-playground/runs/case-study-v3-openrouter-interrupted-backup-20260917T031835Z/repeat-001/20260917T023536Z/structured_ir/89446984688046d4a349450291968386/report.json
Qwen,1,structured_ir:triton_fused_attention:amd_xdna2_npu2,structured_ir,amd_xdna2_npu2,1,code,completed,stop,112.21393792899835,gen-1789613536-0UXMqD4wjGYTKF1p56qs,qwen/qwen3-coder-30b-a3b-instruct,SiliconFlow,2495,2887,5382,8088,0,,,20316,False,,/home/justin/npu-playground/runs/case-study-v3-openrouter-interrupted-backup-20260917T031835Z/repeat-001/20260917T023536Z/structured_ir/89446984688046d4a349450291968386/report.json
Qwen,1,structured_ir:triton_fused_attention:amd_xdna2_npu2,structured_ir,amd_xdna2_npu2,2,code,completed,stop,69.86257077399932,gen-1789613649-qKapoHInHXcNxZbC9RVV,qwen/qwen3-coder-30b-a3b-instruct,SiliconFlow,6581,2853,9434,20316,0,,,20227,False,,/home/justin/npu-playground/runs/case-study-v3-openrouter-interrupted-backup-20260917T031835Z/repeat-001/20260917T023536Z/structured_ir/89446984688046d4a349450291968386/report.json
Qwen,1,structured_ir:triton_fused_attention:amd_xdna2_npu2,structured_ir,amd_xdna2_npu2,3,code,completed,stop,76.08002857300016,gen-1789613721-a9RafzAzxPNB2iOVWUVn,qwen/qwen3-coder-30b-a3b-instruct,SiliconFlow,6554,2853,9407,20227,0,,,20227,False,,/home/justin/npu-playground/runs/case-study-v3-openrouter-interrupted-backup-20260917T031835Z/repeat-001/20260917T023536Z/structured_ir/89446984688046d4a349450291968386/report.json
Qwen,1,structured_ir:triton_fused_attention:amd_xdna2_npu2,structured_ir,amd_xdna2_npu2,4,code,completed,stop,68.08622787299828,gen-1789613798-NHn9yOR9c2XwZaQylKm9,qwen/qwen3-coder-30b-a3b-instruct,SiliconFlow,6554,2853,9407,20227,0,,,20227,False,,/home/justin/npu-playground/runs/case-study-v3-openrouter-interrupted-backup-20260917T031835Z/repeat-001/20260917T023536Z/structured_ir/89446984688046d4a349450291968386/report.json
Qwen,1,structured_ir:triton_fused_attention:amd_xdna2_npu2,structured_ir,amd_xdna2_npu2,5,code,completed,stop,69.1532001179985,gen-1789613867-KJOYuAQxxHJIocpQovdV,qwen/qwen3-coder-30b-a3b-instruct,SiliconFlow,6554,2853,9407,20227,0,,,20227,False,,/home/justin/npu-playground/runs/case-study-v3-openrouter-interrupted-backup-20260917T031835Z/repeat-001/20260917T023536Z/structured_ir/89446984688046d4a349450291968386/report.json
Qwen,1,structured_ir:triton_fused_attention:amd_xdna2_npu2,structured_ir,amd_xdna2_npu2,6,code,completed,stop,91.91589917099918,gen-1789613937-7jR4jW7kZr4ZDElyB5nt,qwen/qwen3-coder-30b-a3b-instruct,SiliconFlow,6554,2853,9407,20227,0,,,20227,False,,/home/justin/npu-playground/runs/case-study-v3-openrouter-interrupted-backup-20260917T031835Z/repeat-001/20260917T023536Z/structured_ir/89446984688046d4a349450291968386/report.json
Qwen,1,structured_ir:triton_fused_attention:amd_xdna2_npu2,structured_ir,amd_xdna2_npu2,7,code,completed,stop,137.57790691899936,gen-1789614030-hd1MnTn7cbTiyskFMUDs,qwen/qwen3-coder-30b-a3b-instruct,SiliconFlow,6554,2854,9408,20227,0,,,27852,False,,/home/justin/npu-playground/runs/case-study-v3-openrouter-interrupted-backup-20260917T031835Z/repeat-001/20260917T023536Z/structured_ir/89446984688046d4a349450291968386/report.json
Qwen,1,structured_ir:triton_fused_attention:amd_xdna2_npu2,structured_ir,amd_xdna2_npu2,8,code,completed,stop,61.66302690700104,gen-1789614174-8RID2XBnWrXH69H91omN,qwen/qwen3-coder-30b-a3b-instruct,SiliconFlow,8184,2853,11037,27852,0,,,22448,False,,/home/justin/npu-playground/runs/case-study-v3-openrouter-interrupted-backup-20260917T031835Z/repeat-001/20260917T023536Z/structured_ir/89446984688046d4a349450291968386/report.json
Qwen,1,structured_ir:triton_fused_attention:amd_xdna2_npu2,structured_ir,amd_xdna2_npu2,9,code,completed,stop,63.51666907699837,gen-1789614243-sslZwt9RV86JCXbc3i4B,qwen/qwen3-coder-30b-a3b-instruct,SiliconFlow,7272,2853,10125,22448,0,,,22448,False,,/home/justin/npu-playground/runs/case-study-v3-openrouter-interrupted-backup-20260917T031835Z/repeat-001/20260917T023536Z/structured_ir/89446984688046d4a349450291968386/report.json
Qwen,1,structured_ir:triton_fused_attention:amd_xdna2_npu2,structured_ir,amd_xdna2_npu2,10,code,completed,stop,104.40442488900226,gen-1789614313-a18HzwX6O2OB8kUTPyk3,qwen/qwen3-coder-30b-a3b-instruct,SiliconFlow,7272,2853,10125,22448,0,,,,False,,/home/justin/npu-playground/runs/case-study-v3-openrouter-interrupted-backup-20260917T031835Z/repeat-001/20260917T023536Z/structured_ir/89446984688046d4a349450291968386/report.json
Qwen,1,structured_ir:triton_fused_attention:intel_npu_4000,structured_ir,intel_npu_4000,1,intermediate,completed,stop,33.97539206000147,gen-1789613215-Z4yi68mkxkyi9isxi7UX,qwen/qwen3-coder-30b-a3b-instruct,SiliconFlow,1398,647,2045,5566,0,,,,False,,/home/justin/npu-playground/runs/case-study-v3-openrouter-interrupted-backup-20260917T031835Z/repeat-001/20260917T023536Z/structured_ir/98ba97cd24a846be9ec3eb2668576ee6/report.json
Qwen,1,structured_ir:triton_fused_attention:intel_npu_4000,structured_ir,intel_npu_4000,1,code,completed,stop,16.462573083997995,gen-1789613249-VrRxeIFOPiooTgSDNRBF,qwen/qwen3-coder-30b-a3b-instruct,SiliconFlow,1546,386,1932,5165,0,,,11163,False,,/home/justin/npu-playground/runs/case-study-v3-openrouter-interrupted-backup-20260917T031835Z/repeat-001/20260917T023536Z/structured_ir/98ba97cd24a846be9ec3eb2668576ee6/report.json
Qwen,1,structured_ir:triton_fused_attention:intel_npu_4000,structured_ir,intel_npu_4000,2,code,completed,stop,12.877573808000307,gen-1789613267-pTn2HBnHnPZaSY47RoSb,qwen/qwen3-coder-30b-a3b-instruct,SiliconFlow,3205,383,3588,11163,0,,,10664,False,,/home/justin/npu-playground/runs/case-study-v3-openrouter-interrupted-backup-20260917T031835Z/repeat-001/20260917T023536Z/structured_ir/98ba97cd24a846be9ec3eb2668576ee6/report.json
Qwen,1,structured_ir:triton_fused_attention:intel_npu_4000,structured_ir,intel_npu_4000,3,code,completed,stop,10.241003197999817,gen-1789613281-zLWTUUg1WYoxAlAnYBw0,qwen/qwen3-coder-30b-a3b-instruct,SiliconFlow,3058,387,3445,10664,0,,,19774,False,,/home/justin/npu-playground/runs/case-study-v3-openrouter-interrupted-backup-20260917T031835Z/repeat-001/20260917T023536Z/structured_ir/98ba97cd24a846be9ec3eb2668576ee6/report.json
Qwen,1,structured_ir:triton_fused_attention:intel_npu_4000,structured_ir,intel_npu_4000,4,code,completed,stop,10.522496778001369,gen-1789613295-BrX8s9RKjgc1chVbfCuv,qwen/qwen3-coder-30b-a3b-instruct,SiliconFlow,4635,387,5022,19774,0,,,19774,False,,/home/justin/npu-playground/runs/case-study-v3-openrouter-interrupted-backup-20260917T031835Z/repeat-001/20260917T023536Z/structured_ir/98ba97cd24a846be9ec3eb2668576ee6/report.json
Qwen,1,structured_ir:triton_fused_attention:intel_npu_4000,structured_ir,intel_npu_4000,5,code,completed,stop,11.007880854001996,gen-1789613309-2ZFXazXqwgX3302LmXIT,qwen/qwen3-coder-30b-a3b-instruct,SiliconFlow,4635,386,5021,19774,0,,,19772,False,,/home/justin/npu-playground/runs/case-study-v3-openrouter-interrupted-backup-20260917T031835Z/repeat-001/20260917T023536Z/structured_ir/98ba97cd24a846be9ec3eb2668576ee6/report.json
Qwen,1,structured_ir:triton_fused_attention:intel_npu_4000,structured_ir,intel_npu_4000,6,code,completed,stop,20.702134997998655,gen-1789613324-LnPXzC09mUYmWizkM1bA,qwen/qwen3-coder-30b-a3b-instruct,SiliconFlow,4634,386,5020,19772,0,,,19772,False,,/home/justin/npu-playground/runs/case-study-v3-openrouter-interrupted-backup-20260917T031835Z/repeat-001/20260917T023536Z/structured_ir/98ba97cd24a846be9ec3eb2668576ee6/report.json
Qwen,1,structured_ir:triton_fused_attention:intel_npu_4000,structured_ir,intel_npu_4000,7,code,completed,stop,13.231114970003546,gen-1789613348-biJy41lVfV26kDb2svu5,qwen/qwen3-coder-30b-a3b-instruct,SiliconFlow,4634,386,5020,19772,0,,,19772,False,,/home/justin/npu-playground/runs/case-study-v3-openrouter-interrupted-backup-20260917T031835Z/repeat-001/20260917T023536Z/structured_ir/98ba97cd24a846be9ec3eb2668576ee6/report.json
Qwen,1,structured_ir:triton_fused_attention:intel_npu_4000,structured_ir,intel_npu_4000,8,code,completed,stop,12.707520383999508,gen-1789613365-Q6mQyDaofHXuJyLXAgD9,qwen/qwen3-coder-30b-a3b-instruct,SiliconFlow,4634,409,5043,19772,0,,,19812,False,,/home/justin/npu-playground/runs/case-study-v3-openrouter-interrupted-backup-20260917T031835Z/repeat-001/20260917T023536Z/structured_ir/98ba97cd24a846be9ec3eb2668576ee6/report.json
Qwen,1,structured_ir:triton_fused_attention:intel_npu_4000,structured_ir,intel_npu_4000,9,code,completed,stop,15.065771958001278,gen-1789613381-jVwdrJ6T9Gb3zkciVN8N,qwen/qwen3-coder-30b-a3b-instruct,SiliconFlow,4657,411,5068,19812,0,,,10746,False,,/home/justin/npu-playground/runs/case-study-v3-openrouter-interrupted-backup-20260917T031835Z/repeat-001/20260917T023536Z/structured_ir/98ba97cd24a846be9ec3eb2668576ee6/report.json
Qwen,1,structured_ir:triton_fused_attention:intel_npu_4000,structured_ir,intel_npu_4000,10,code,completed,stop,10.027649055999063,gen-1789613397-Lg1QljwcCXnZtNvwQv3G,qwen/qwen3-coder-30b-a3b-instruct,SiliconFlow,3096,410,3506,10746,0,,,,False,,/home/justin/npu-playground/runs/case-study-v3-openrouter-interrupted-backup-20260917T031835Z/repeat-001/20260917T023536Z/structured_ir/98ba97cd24a846be9ec3eb2668576ee6/report.json
Qwen,1,structured_ir:triton_fused_softmax:amd_xdna2_npu2,structured_ir,amd_xdna2_npu2,1,intermediate,completed,stop,11.739584875002038,gen-1789612537-VdCGl5ZdDYIai0nnnRNR,qwen/qwen3-coder-30b-a3b-instruct,SiliconFlow,1163,478,1641,4808,0,,,114334,False,,/home/justin/npu-playground/runs/case-study-v3-openrouter-interrupted-backup-20260917T031835Z/repeat-001/20260917T023536Z/structured_ir/984f4018943b43c285858404692ffb8d/report.json
Qwen,1,structured_ir:triton_fused_softmax:amd_xdna2_npu2,structured_ir,amd_xdna2_npu2,1,code,rejected,length,878.7991222929995,gen-1789612549-5oCUbz64HZU99KagPaxY,qwen/qwen3-coder-30b-a3b-instruct,SiliconFlow,2179,32768,34947,7102,105406,0.0070679088476936795,ma_start_task\n    from mlir_aie.aie import aie_dma_await_task\n    from mlir_aie.aie import aie_dma_free_task\n    from mlir_aie.aie import aie_end\n    from mlir_aie.aie import a,116628,True,OpenRouter structured response rejected: generation ended with length,/home/justin/npu-playground/runs/case-study-v3-openrouter-interrupted-backup-20260917T031835Z/repeat-001/20260917T023536Z/structured_ir/984f4018943b43c285858404692ffb8d/report.json
Qwen,1,structured_ir:triton_fused_softmax:amd_xdna2_npu2,structured_ir,amd_xdna2_npu2,2,intermediate,completed,stop,25.862126027001068,gen-1789613427-nOSW8jP7M0xU7OJfQh1H,qwen/qwen3-coder-30b-a3b-instruct,SiliconFlow,36706,457,37163,114334,0,,,,False,,/home/justin/npu-playground/runs/case-study-v3-openrouter-interrupted-backup-20260917T031835Z/repeat-001/20260917T023536Z/structured_ir/984f4018943b43c285858404692ffb8d/report.json
Qwen,1,structured_ir:triton_fused_softmax:amd_xdna2_npu2,structured_ir,amd_xdna2_npu2,2,code,completed,stop,47.86312598599761,gen-1789613453-N2PX2eOy2VngZSqaAb2J,qwen/qwen3-coder-30b-a3b-instruct,SiliconFlow,37722,1315,39037,116628,0,,,15432,False,,/home/justin/npu-playground/runs/case-study-v3-openrouter-interrupted-backup-20260917T031835Z/repeat-001/20260917T023536Z/structured_ir/984f4018943b43c285858404692ffb8d/report.json
Qwen,1,structured_ir:triton_fused_softmax:amd_xdna2_npu2,structured_ir,amd_xdna2_npu2,3,code,completed,stop,52.13181460799751,gen-1789613502-AqLxV7hAnzwGMC7gMUZO,qwen/qwen3-coder-30b-a3b-instruct,SiliconFlow,4590,1313,5903,15432,0,,,15430,False,,/home/justin/npu-playground/runs/case-study-v3-openrouter-interrupted-backup-20260917T031835Z/repeat-001/20260917T023536Z/structured_ir/984f4018943b43c285858404692ffb8d/report.json
Qwen,1,structured_ir:triton_fused_softmax:amd_xdna2_npu2,structured_ir,amd_xdna2_npu2,4,code,completed,stop,32.66432505500052,gen-1789613555-hV56N1ibkSN2GeSlPObN,qwen/qwen3-coder-30b-a3b-instruct,SiliconFlow,4588,1313,5901,15430,0,,,15430,False,,/home/justin/npu-playground/runs/case-study-v3-openrouter-interrupted-backup-20260917T031835Z/repeat-001/20260917T023536Z/structured_ir/984f4018943b43c285858404692ffb8d/report.json
Qwen,1,structured_ir:triton_fused_softmax:amd_xdna2_npu2,structured_ir,amd_xdna2_npu2,5,code,completed,stop,29.037597464997816,gen-1789613589-UG27ERfCjmShaiBUq5d1,qwen/qwen3-coder-30b-a3b-instruct,SiliconFlow,4588,1313,5901,15430,0,,,15430,False,,/home/justin/npu-playground/runs/case-study-v3-openrouter-interrupted-backup-20260917T031835Z/repeat-001/20260917T023536Z/structured_ir/984f4018943b43c285858404692ffb8d/report.json
Qwen,1,structured_ir:triton_fused_softmax:amd_xdna2_npu2,structured_ir,amd_xdna2_npu2,6,code,completed,stop,32.20415206400139,gen-1789613619-UwUVfusYewNUCR5Rd9C1,qwen/qwen3-coder-30b-a3b-instruct,SiliconFlow,4588,1313,5901,15430,0,,,15430,False,,/home/justin/npu-playground/runs/case-study-v3-openrouter-interrupted-backup-20260917T031835Z/repeat-001/20260917T023536Z/structured_ir/984f4018943b43c285858404692ffb8d/report.json
Qwen,1,structured_ir:triton_fused_softmax:amd_xdna2_npu2,structured_ir,amd_xdna2_npu2,7,code,completed,stop,33.437475368999,gen-1789613652-4MI0W2w0lUKlfqf52NnR,qwen/qwen3-coder-30b-a3b-instruct,SiliconFlow,4588,1313,5901,15430,0,,,15430,False,,/home/justin/npu-playground/runs/case-study-v3-openrouter-interrupted-backup-20260917T031835Z/repeat-001/20260917T023536Z/structured_ir/984f4018943b43c285858404692ffb8d/report.json
Qwen,1,structured_ir:triton_fused_softmax:amd_xdna2_npu2,structured_ir,amd_xdna2_npu2,8,code,completed,stop,28.65663085000051,gen-1789613686-xlXV1GnzPKDFGagQy9Lu,qwen/qwen3-coder-30b-a3b-instruct,SiliconFlow,4588,1313,5901,15430,0,,,15430,False,,/home/justin/npu-playground/runs/case-study-v3-openrouter-interrupted-backup-20260917T031835Z/repeat-001/20260917T023536Z/structured_ir/984f4018943b43c285858404692ffb8d/report.json
Qwen,1,structured_ir:triton_fused_softmax:amd_xdna2_npu2,structured_ir,amd_xdna2_npu2,9,code,completed,stop,30.95093123799961,gen-1789613716-vlKgiVhAZmzzGmftkOSG,qwen/qwen3-coder-30b-a3b-instruct,SiliconFlow,4588,1313,5901,15430,0,,,15430,False,,/home/justin/npu-playground/runs/case-study-v3-openrouter-interrupted-backup-20260917T031835Z/repeat-001/20260917T023536Z/structured_ir/984f4018943b43c285858404692ffb8d/report.json
Qwen,1,structured_ir:triton_fused_softmax:amd_xdna2_npu2,structured_ir,amd_xdna2_npu2,10,code,completed,stop,29.246642952999537,gen-1789613748-l7FGTuBfxsEeIzTd7m63,qwen/qwen3-coder-30b-a3b-instruct,SiliconFlow,4588,1313,5901,15430,0,,,,False,,/home/justin/npu-playground/runs/case-study-v3-openrouter-interrupted-backup-20260917T031835Z/repeat-001/20260917T023536Z/structured_ir/984f4018943b43c285858404692ffb8d/report.json
Qwen,1,structured_ir:triton_fused_softmax:intel_npu_4000,structured_ir,intel_npu_4000,1,intermediate,completed,stop,17.497969997999462,gen-1789612781-vk3sz2ZOc8PDTDL4AGrX,qwen/qwen3-coder-30b-a3b-instruct,SiliconFlow,1163,472,1635,4808,0,,,,False,,/home/justin/npu-playground/runs/case-study-v3-openrouter-interrupted-backup-20260917T031835Z/repeat-001/20260917T023536Z/structured_ir/ad588bb73b5b43e79041066cc265850e/report.json
Qwen,1,structured_ir:triton_fused_softmax:intel_npu_4000,structured_ir,intel_npu_4000,1,code,completed,stop,19.10849204600163,gen-1789612799-me50ECYZh88PY84x1qqZ,qwen/qwen3-coder-30b-a3b-instruct,SiliconFlow,1195,384,1579,4039,0,,,9505,False,,/home/justin/npu-playground/runs/case-study-v3-openrouter-interrupted-backup-20260917T031835Z/repeat-001/20260917T023536Z/structured_ir/ad588bb73b5b43e79041066cc265850e/report.json
Qwen,1,structured_ir:triton_fused_softmax:intel_npu_4000,structured_ir,intel_npu_4000,2,code,completed,stop,15.76913329799936,gen-1789612819-QKFuVq2hO2mdR2LRAVzX,qwen/qwen3-coder-30b-a3b-instruct,SiliconFlow,2675,386,3061,9505,0,,,8965,False,,/home/justin/npu-playground/runs/case-study-v3-openrouter-interrupted-backup-20260917T031835Z/repeat-001/20260917T023536Z/structured_ir/ad588bb73b5b43e79041066cc265850e/report.json
Qwen,1,structured_ir:triton_fused_softmax:intel_npu_4000,structured_ir,intel_npu_4000,3,code,completed,stop,18.897964200998103,gen-1789612836-gWuDqsf7txmy29NQf2EH,qwen/qwen3-coder-30b-a3b-instruct,SiliconFlow,2521,396,2917,8965,0,,,,False,,/home/justin/npu-playground/runs/case-study-v3-openrouter-interrupted-backup-20260917T031835Z/repeat-001/20260917T023536Z/structured_ir/ad588bb73b5b43e79041066cc265850e/report.json
Qwen,1,structured_ir:triton_layer_norm:amd_xdna2_npu2,structured_ir,amd_xdna2_npu2,1,intermediate,rejected,stop,67.61090131999663,gen-1789612616-vSlmqbCR2vRN0i6C8OqL,qwen/qwen3-coder-30b-a3b-instruct,SiliconFlow,1360,2133,3493,5388,6732,0.1503267973856209,"lon)\n    w = tl.load(weight + offsets, mask=mask)\n    b = tl.load(bias + offsets, mask=mask)\n    tl.store(output + row * columns + offsets, normalized * w + b, mask=mask)""
  ]
}",13458,True,"OpenRouter structured response rejected: 1 validation error for ExecutableKernelIR
  Value error, duplicate operation id: reduce_sum [type=value_error, input_value={'inputs': [{'alias_of': ...d * w + b, mask=mask)']}, input_type=dict]
    For further information visit https://errors.pydantic.dev/2.13/v/value_error",/home/justin/npu-playground/runs/case-study-v3-openrouter-interrupted-backup-20260917T031835Z/repeat-001/20260917T023536Z/structured_ir/c64668bfb7784d27b9c964c73073b7b0/report.json
Qwen,1,structured_ir:triton_layer_norm:amd_xdna2_npu2,structured_ir,amd_xdna2_npu2,2,intermediate,completed,stop,48.77323800100203,gen-1789612684-rXi80y1ptxgujvMnCkLf,qwen/qwen3-coder-30b-a3b-instruct,SiliconFlow,3895,2188,6083,13458,0,,,13911,False,,/home/justin/npu-playground/runs/case-study-v3-openrouter-interrupted-backup-20260917T031835Z/repeat-001/20260917T023536Z/structured_ir/c64668bfb7784d27b9c964c73073b7b0/report.json
Qwen,1,structured_ir:triton_layer_norm:amd_xdna2_npu2,structured_ir,amd_xdna2_npu2,3,intermediate,completed,stop,84.06190192400027,gen-1789612733-J9SywpHE3dMEy86Sc5V3,qwen/qwen3-coder-30b-a3b-instruct,SiliconFlow,3573,2189,5762,13911,0,,,13911,False,,/home/justin/npu-playground/runs/case-study-v3-openrouter-interrupted-backup-20260917T031835Z/repeat-001/20260917T023536Z/structured_ir/c64668bfb7784d27b9c964c73073b7b0/report.json
Qwen,1,structured_ir:triton_layer_norm:amd_xdna2_npu2,structured_ir,amd_xdna2_npu2,4,intermediate,rejected,stop,70.89377286200033,gen-1789612817-dCGPgnYgDwglUkEapnhl,qwen/qwen3-coder-30b-a3b-instruct,SiliconFlow,3573,2505,6078,13911,8860,0.11772009029345372,"lon)\n    w = tl.load(weight + offsets, mask=mask)\n    b = tl.load(bias + offsets, mask=mask)\n    tl.store(output + row * columns + offsets, normalized * w + b, mask=mask)""
  ]
}",15807,True,"OpenRouter structured response rejected: 1 validation error for ExecutableKernelIR
  Value error, duplicate operation id: reduce_sum [type=value_error, input_value={'inputs': [{'alias_of': ...d * w + b, mask=mask)']}, input_type=dict]
    For further information visit https://errors.pydantic.dev/2.13/v/value_error",/home/justin/npu-playground/runs/case-study-v3-openrouter-interrupted-backup-20260917T031835Z/repeat-001/20260917T023536Z/structured_ir/c64668bfb7784d27b9c964c73073b7b0/report.json
Qwen,1,structured_ir:triton_layer_norm:amd_xdna2_npu2,structured_ir,amd_xdna2_npu2,5,intermediate,completed,stop,62.88872032499785,gen-1789612888-S81TZJ0t5H2UnO89P7dQ,qwen/qwen3-coder-30b-a3b-instruct,SiliconFlow,4399,2516,6915,15807,0,,,15174,False,,/home/justin/npu-playground/runs/case-study-v3-openrouter-interrupted-backup-20260917T031835Z/repeat-001/20260917T023536Z/structured_ir/c64668bfb7784d27b9c964c73073b7b0/report.json
Qwen,1,structured_ir:triton_layer_norm:amd_xdna2_npu2,structured_ir,amd_xdna2_npu2,6,intermediate,completed,stop,56.48423907899996,gen-1789612950-Io94l9RgQ6cuenkprCUd,qwen/qwen3-coder-30b-a3b-instruct,SiliconFlow,3901,2517,6418,15174,0,,,15174,False,,/home/justin/npu-playground/runs/case-study-v3-openrouter-interrupted-backup-20260917T031835Z/repeat-001/20260917T023536Z/structured_ir/c64668bfb7784d27b9c964c73073b7b0/report.json
Qwen,1,structured_ir:triton_layer_norm:amd_xdna2_npu2,structured_ir,amd_xdna2_npu2,7,intermediate,completed,stop,94.16317801100013,gen-1789613007-FJ1A7rFRC4KcnUUi13re,qwen/qwen3-coder-30b-a3b-instruct,SiliconFlow,3901,2517,6418,15174,0,,,15174,False,,/home/justin/npu-playground/runs/case-study-v3-openrouter-interrupted-backup-20260917T031835Z/repeat-001/20260917T023536Z/structured_ir/c64668bfb7784d27b9c964c73073b7b0/report.json
Qwen,1,structured_ir:triton_layer_norm:amd_xdna2_npu2,structured_ir,amd_xdna2_npu2,8,intermediate,completed,stop,97.30890645999898,gen-1789613101-sX9YZDeRCPdDoHBccVcf,qwen/qwen3-coder-30b-a3b-instruct,SiliconFlow,3901,2517,6418,15174,0,,,15174,False,,/home/justin/npu-playground/runs/case-study-v3-openrouter-interrupted-backup-20260917T031835Z/repeat-001/20260917T023536Z/structured_ir/c64668bfb7784d27b9c964c73073b7b0/report.json
Qwen,1,structured_ir:triton_layer_norm:amd_xdna2_npu2,structured_ir,amd_xdna2_npu2,9,intermediate,completed,stop,68.86594713299928,gen-1789613198-jOOdUlL8msRiU79ORxqz,qwen/qwen3-coder-30b-a3b-instruct,SiliconFlow,3901,2528,6429,15174,0,,,15174,False,,/home/justin/npu-playground/runs/case-study-v3-openrouter-interrupted-backup-20260917T031835Z/repeat-001/20260917T023536Z/structured_ir/c64668bfb7784d27b9c964c73073b7b0/report.json
Qwen,1,structured_ir:triton_layer_norm:amd_xdna2_npu2,structured_ir,amd_xdna2_npu2,10,intermediate,completed,stop,72.33115142599854,gen-1789613267-CJWMGNykE8vwersJs0Wg,qwen/qwen3-coder-30b-a3b-instruct,SiliconFlow,3901,2517,6418,15174,0,,,,False,,/home/justin/npu-playground/runs/case-study-v3-openrouter-interrupted-backup-20260917T031835Z/repeat-001/20260917T023536Z/structured_ir/c64668bfb7784d27b9c964c73073b7b0/report.json
Qwen,1,structured_ir:triton_layer_norm:intel_npu_4000,structured_ir,intel_npu_4000,1,intermediate,completed,stop,16.10302818299897,gen-1789612537-OKxut96wNORzp5yg5IES,qwen/qwen3-coder-30b-a3b-instruct,SiliconFlow,1360,585,1945,5388,0,,,7604,False,,/home/justin/npu-playground/runs/case-study-v3-openrouter-interrupted-backup-20260917T031835Z/repeat-001/20260917T023536Z/structured_ir/70e05a3072d84726afa79ed25d12f8c2/report.json
Qwen,1,structured_ir:triton_layer_norm:intel_npu_4000,structured_ir,intel_npu_4000,2,intermediate,completed,stop,26.621540424999694,gen-1789612553-e5x7ozWGVuj4ylqoEiMh,qwen/qwen3-coder-30b-a3b-instruct,SiliconFlow,1961,761,2722,7604,0,,,8306,False,,/home/justin/npu-playground/runs/case-study-v3-openrouter-interrupted-backup-20260917T031835Z/repeat-001/20260917T023536Z/structured_ir/70e05a3072d84726afa79ed25d12f8c2/report.json
Qwen,1,structured_ir:triton_layer_norm:intel_npu_4000,structured_ir,intel_npu_4000,3,intermediate,completed,stop,23.87481662600112,gen-1789612580-iwJJ1OX0ynQ2DhsiqY8r,qwen/qwen3-coder-30b-a3b-instruct,SiliconFlow,2148,758,2906,8306,0,,,8306,False,,/home/justin/npu-playground/runs/case-study-v3-openrouter-interrupted-backup-20260917T031835Z/repeat-001/20260917T023536Z/structured_ir/70e05a3072d84726afa79ed25d12f8c2/report.json
Qwen,1,structured_ir:triton_layer_norm:intel_npu_4000,structured_ir,intel_npu_4000,4,intermediate,completed,stop,18.64579651800159,gen-1789612604-CBViaOM2rRgd2wAKw7os,qwen/qwen3-coder-30b-a3b-instruct,SiliconFlow,2148,761,2909,8306,0,,,8306,False,,/home/justin/npu-playground/runs/case-study-v3-openrouter-interrupted-backup-20260917T031835Z/repeat-001/20260917T023536Z/structured_ir/70e05a3072d84726afa79ed25d12f8c2/report.json
Qwen,1,structured_ir:triton_layer_norm:intel_npu_4000,structured_ir,intel_npu_4000,5,intermediate,completed,stop,20.132291409998288,gen-1789612622-UYHwImLbBEczqxYVDfh2,qwen/qwen3-coder-30b-a3b-instruct,SiliconFlow,2148,758,2906,8306,0,,,8301,False,,/home/justin/npu-playground/runs/case-study-v3-openrouter-interrupted-backup-20260917T031835Z/repeat-001/20260917T023536Z/structured_ir/70e05a3072d84726afa79ed25d12f8c2/report.json
Qwen,1,structured_ir:triton_layer_norm:intel_npu_4000,structured_ir,intel_npu_4000,6,intermediate,completed,stop,18.457375262001733,gen-1789612642-IEZzS5r8377KDM3wMXP1,qwen/qwen3-coder-30b-a3b-instruct,SiliconFlow,2148,761,2909,8301,0,,,8301,False,,/home/justin/npu-playground/runs/case-study-v3-openrouter-interrupted-backup-20260917T031835Z/repeat-001/20260917T023536Z/structured_ir/70e05a3072d84726afa79ed25d12f8c2/report.json
Qwen,1,structured_ir:triton_layer_norm:intel_npu_4000,structured_ir,intel_npu_4000,7,intermediate,completed,stop,25.225160769998183,gen-1789612661-OidV3SWXv5qv9k3JESJ2,qwen/qwen3-coder-30b-a3b-instruct,SiliconFlow,2148,758,2906,8301,0,,,8301,False,,/home/justin/npu-playground/runs/case-study-v3-openrouter-interrupted-backup-20260917T031835Z/repeat-001/20260917T023536Z/structured_ir/70e05a3072d84726afa79ed25d12f8c2/report.json
Qwen,1,structured_ir:triton_layer_norm:intel_npu_4000,structured_ir,intel_npu_4000,8,intermediate,completed,stop,18.951749274001486,gen-1789612686-2UoD1a8RhWaO4Rk0B96x,qwen/qwen3-coder-30b-a3b-instruct,SiliconFlow,2148,760,2908,8301,0,,,8301,False,,/home/justin/npu-playground/runs/case-study-v3-openrouter-interrupted-backup-20260917T031835Z/repeat-001/20260917T023536Z/structured_ir/70e05a3072d84726afa79ed25d12f8c2/report.json
Qwen,1,structured_ir:triton_layer_norm:intel_npu_4000,structured_ir,intel_npu_4000,9,intermediate,completed,stop,24.826753160999942,gen-1789612705-cWH2mzVGpNGrCAzCFaK6,qwen/qwen3-coder-30b-a3b-instruct,SiliconFlow,2148,758,2906,8301,0,,,8301,False,,/home/justin/npu-playground/runs/case-study-v3-openrouter-interrupted-backup-20260917T031835Z/repeat-001/20260917T023536Z/structured_ir/70e05a3072d84726afa79ed25d12f8c2/report.json
Qwen,1,structured_ir:triton_layer_norm:intel_npu_4000,structured_ir,intel_npu_4000,10,intermediate,completed,stop,19.827604428002815,gen-1789612730-X4TSFWLXiEaWNPc5ZQTw,qwen/qwen3-coder-30b-a3b-instruct,SiliconFlow,2148,757,2905,8301,0,,,,False,,/home/justin/npu-playground/runs/case-study-v3-openrouter-interrupted-backup-20260917T031835Z/repeat-001/20260917T023536Z/structured_ir/70e05a3072d84726afa79ed25d12f8c2/report.json
Terra,1,baseline:cuda_reduce_sum:amd_xdna2_npu2,baseline,amd_xdna2_npu2,1,code,completed,,50.55913116500051,,,,10911,2655,,6292,0,,,,False,,/home/justin/npu-playground/runs/case-study-v2-recovered/repeat-001/20260917T000705Z/baseline/4842eee792cf48558a8a8db8ac4dd55a/report.json
Terra,1,baseline:cuda_reduce_sum:intel_npu_4000,baseline,intel_npu_4000,1,code,completed,,15.403713163999782,,,,9968,691,,3239,0,,,,False,,/home/justin/npu-playground/runs/case-study-v2-recovered/repeat-001/20260917T000705Z/baseline/ce4607bb23104b53aeacc58b94ff9ef0/report.json
Terra,1,baseline:cuda_tiled_matmul:amd_xdna2_npu2,baseline,amd_xdna2_npu2,1,code,completed,,72.61102051300077,,,,11005,3877,,6559,0,,,47298,False,,/home/justin/npu-playground/runs/case-study-v2-recovered/repeat-001/20260917T000705Z/baseline/0a0e506a5de142ce8ff067a7d85a089c/report.json
Terra,1,baseline:cuda_tiled_matmul:amd_xdna2_npu2,baseline,amd_xdna2_npu2,2,code,completed,,118.94676008799979,,,,18736,6452,,47298,0,,,18338,False,,/home/justin/npu-playground/runs/case-study-v2-recovered/repeat-001/20260917T000705Z/baseline/0a0e506a5de142ce8ff067a7d85a089c/report.json
Terra,1,baseline:cuda_tiled_matmul:amd_xdna2_npu2,baseline,amd_xdna2_npu2,3,code,completed,,64.46711380899978,,,,15478,3398,,18338,0,,,46960,False,,/home/justin/npu-playground/runs/case-study-v2-recovered/repeat-001/20260917T000705Z/baseline/0a0e506a5de142ce8ff067a7d85a089c/report.json
Terra,1,baseline:cuda_tiled_matmul:amd_xdna2_npu2,baseline,amd_xdna2_npu2,4,code,completed,,126.0418477660005,,,,18647,6859,,46960,0,,,21995,False,,/home/justin/npu-playground/runs/case-study-v2-recovered/repeat-001/20260917T000705Z/baseline/0a0e506a5de142ce8ff067a7d85a089c/report.json
Terra,1,baseline:cuda_tiled_matmul:amd_xdna2_npu2,baseline,amd_xdna2_npu2,5,code,completed,,60.381805982000515,,,,17328,3155,,21995,0,,,47023,False,,/home/justin/npu-playground/runs/case-study-v2-recovered/repeat-001/20260917T000705Z/baseline/0a0e506a5de142ce8ff067a7d85a089c/report.json
Terra,1,baseline:cuda_tiled_matmul:amd_xdna2_npu2,baseline,amd_xdna2_npu2,6,code,completed,,95.13300314400112,,,,18651,5008,,47023,0,,,47101,False,,/home/justin/npu-playground/runs/case-study-v2-recovered/repeat-001/20260917T000705Z/baseline/0a0e506a5de142ce8ff067a7d85a089c/report.json
Terra,1,baseline:cuda_tiled_matmul:amd_xdna2_npu2,baseline,amd_xdna2_npu2,7,code,completed,,100.90127711200148,,,,18685,5403,,47101,0,,,47011,False,,/home/justin/npu-playground/runs/case-study-v2-recovered/repeat-001/20260917T000705Z/baseline/0a0e506a5de142ce8ff067a7d85a089c/report.json
Terra,1,baseline:cuda_tiled_matmul:amd_xdna2_npu2,baseline,amd_xdna2_npu2,8,code,completed,,82.61914332900051,,,,18645,4453,,47011,0,,,47104,False,,/home/justin/npu-playground/runs/case-study-v2-recovered/repeat-001/20260917T000705Z/baseline/0a0e506a5de142ce8ff067a7d85a089c/report.json
Terra,1,baseline:cuda_tiled_matmul:amd_xdna2_npu2,baseline,amd_xdna2_npu2,9,code,completed,,129.77267704599944,,,,18687,7061,,47104,0,,,51318,False,,/home/justin/npu-playground/runs/case-study-v2-recovered/repeat-001/20260917T000705Z/baseline/0a0e506a5de142ce8ff067a7d85a089c/report.json
Terra,1,baseline:cuda_tiled_matmul:amd_xdna2_npu2,baseline,amd_xdna2_npu2,10,code,completed,,88.85295521899934,,,,20082,4713,,51318,0,,,,False,,/home/justin/npu-playground/runs/case-study-v2-recovered/repeat-001/20260917T000705Z/baseline/0a0e506a5de142ce8ff067a7d85a089c/report.json
Terra,1,baseline:cuda_tiled_matmul:intel_npu_4000,baseline,intel_npu_4000,1,code,completed,,15.876511258000392,,,,10064,715,,3506,0,,,,False,,/home/justin/npu-playground/runs/case-study-v2-recovered/repeat-001/20260917T000705Z/baseline/be2b4bb71dbd40c096677566bcc0cf79/report.json
Terra,1,baseline:cuda_tiled_transpose:amd_xdna2_npu2,baseline,amd_xdna2_npu2,1,code,completed,,51.26900288700017,,,,10866,2645,,6090,0,,,,False,,/home/justin/npu-playground/runs/case-study-v2-recovered/repeat-001/20260917T000705Z/baseline/aedcc620ce4e4565b6df4a84141ed0f1/report.json
Terra,1,baseline:cuda_tiled_transpose:intel_npu_4000,baseline,intel_npu_4000,1,code,completed,,10.728529281001101,,,,9923,328,,3037,0,,,,False,,/home/justin/npu-playground/runs/case-study-v2-recovered/repeat-001/20260917T000705Z/baseline/b71894dfb98f46ba875326014790d107/report.json
Terra,1,baseline:cuda_vector_add:amd_xdna2_npu2,baseline,amd_xdna2_npu2,1,code,completed,,82.93262602699906,,,,10836,4459,,6032,0,,,14946,False,,/home/justin/npu-playground/runs/case-study-v2-recovered/repeat-001/20260917T000705Z/baseline/6df5307fa483487dae66bf19102040b2/report.json
Terra,1,baseline:cuda_vector_add:amd_xdna2_npu2,baseline,amd_xdna2_npu2,2,code,completed,,52.064943875999234,,,,13734,2658,,14946,0,,,11547,False,,/home/justin/npu-playground/runs/case-study-v2-recovered/repeat-001/20260917T000705Z/baseline/6df5307fa483487dae66bf19102040b2/report.json
Terra,1,baseline:cuda_vector_add:amd_xdna2_npu2,baseline,amd_xdna2_npu2,3,code,completed,,33.082782194000174,,,,12605,1692,,11547,0,,,,False,,/home/justin/npu-playground/runs/case-study-v2-recovered/repeat-001/20260917T000705Z/baseline/6df5307fa483487dae66bf19102040b2/report.json
Terra,1,baseline:cuda_vector_add:intel_npu_4000,baseline,intel_npu_4000,1,code,completed,,19.88137237599949,,,,9893,818,,2979,0,,,,False,,/home/justin/npu-playground/runs/case-study-v2-recovered/repeat-001/20260917T000705Z/baseline/c58ce4805afb4c09b3326b9dd469acf5/report.json
Terra,1,baseline:hip_gamma_correction:amd_xdna2_npu2,baseline,amd_xdna2_npu2,1,code,completed,,55.455524107999736,,,,10854,2860,,6122,0,,,,False,,/home/justin/npu-playground/runs/case-study-v2-recovered/repeat-001/20260917T000705Z/baseline/b36d7379863a40638101431fef9a14e3/report.json
Terra,1,baseline:hip_gamma_correction:intel_npu_4000,baseline,intel_npu_4000,1,code,completed,,17.631453064999732,,,,9911,755,,3069,0,,,,False,,/home/justin/npu-playground/runs/case-study-v2-recovered/repeat-001/20260917T000705Z/baseline/f09ad425f22e4cf4b0a8c1ac500894ed/report.json
Terra,1,baseline:hip_image_convolution:amd_xdna2_npu2,baseline,amd_xdna2_npu2,1,code,completed,,36.620555313000295,,,,10990,1868,,6441,0,,,,False,,/home/justin/npu-playground/runs/case-study-v2-recovered/repeat-001/20260917T000705Z/baseline/7bc372ce3fe14a2fa6ed8add79e2d2d9/report.json
Terra,1,baseline:hip_image_convolution:intel_npu_4000,baseline,intel_npu_4000,1,code,completed,,17.740018339000017,,,,10049,789,,3388,0,,,,False,,/home/justin/npu-playground/runs/case-study-v2-recovered/repeat-001/20260917T000705Z/baseline/a36947db551940648fadf50663fe8570/report.json
Terra,1,baseline:hip_moving_average:amd_xdna2_npu2,baseline,amd_xdna2_npu2,1,code,completed,,74.54102679400057,,,,10862,4006,,6125,0,,,10677,False,,/home/justin/npu-playground/runs/case-study-v2-recovered/repeat-001/20260917T000705Z/baseline/f688b39f5b3c40ef9043671c9fb5e746/report.json
Terra,1,baseline:hip_moving_average:amd_xdna2_npu2,baseline,amd_xdna2_npu2,2,code,completed,,51.66945837499952,,,,12291,2721,,10677,0,,,12992,False,,/home/justin/npu-playground/runs/case-study-v2-recovered/repeat-001/20260917T000705Z/baseline/f688b39f5b3c40ef9043671c9fb5e746/report.json
Terra,1,baseline:hip_moving_average:amd_xdna2_npu2,baseline,amd_xdna2_npu2,3,code,completed,,82.36970861100053,,,,12937,4290,,12992,0,,,10683,False,,/home/justin/npu-playground/runs/case-study-v2-recovered/repeat-001/20260917T000705Z/baseline/f688b39f5b3c40ef9043671c9fb5e746/report.json
Terra,1,baseline:hip_moving_average:amd_xdna2_npu2,baseline,amd_xdna2_npu2,4,code,completed,,53.637606306001544,,,,12292,2783,,10683,0,,,,False,,/home/justin/npu-playground/runs/case-study-v2-recovered/repeat-001/20260917T000705Z/baseline/f688b39f5b3c40ef9043671c9fb5e746/report.json
Terra,1,baseline:hip_moving_average:intel_npu_4000,baseline,intel_npu_4000,1,code,completed,,48.968542102000356,,,,9917,2564,,3072,0,,,,False,,/home/justin/npu-playground/runs/case-study-v2-recovered/repeat-001/20260917T000705Z/baseline/fe07276c2b2240ceab334646d9ba1c66/report.json
Terra,1,baseline:triton_fused_attention:amd_xdna2_npu2,baseline,amd_xdna2_npu2,1,code,completed,,100.7396607390001,,,,11058,5433,,6927,0,,,16511,False,,/home/justin/npu-playground/runs/case-study-v2-recovered/repeat-001/20260917T000705Z/baseline/cb931e8c5e754e0d88999e89c1b8218a/report.json
Terra,1,baseline:triton_fused_attention:amd_xdna2_npu2,baseline,amd_xdna2_npu2,2,code,completed,,156.04524567500084,,,,14322,8523,,16511,0,,,14224,False,,/home/justin/npu-playground/runs/case-study-v2-recovered/repeat-001/20260917T000705Z/baseline/cb931e8c5e754e0d88999e89c1b8218a/report.json
Terra,1,baseline:triton_fused_attention:amd_xdna2_npu2,baseline,amd_xdna2_npu2,3,code,completed,,78.8236073249991,,,,13581,4233,,14224,0,,,48140,False,,/home/justin/npu-playground/runs/case-study-v2-recovered/repeat-001/20260917T000705Z/baseline/cb931e8c5e754e0d88999e89c1b8218a/report.json
Terra,1,baseline:triton_fused_attention:amd_xdna2_npu2,baseline,amd_xdna2_npu2,4,code,completed,,128.0990132269999,,,,19815,6965,,48140,0,,,18593,False,,/home/justin/npu-playground/runs/case-study-v2-recovered/repeat-001/20260917T000705Z/baseline/cb931e8c5e754e0d88999e89c1b8218a/report.json
Terra,1,baseline:triton_fused_attention:amd_xdna2_npu2,baseline,amd_xdna2_npu2,5,code,completed,,167.30762628399862,,,,15162,9132,,18593,0,,,16675,False,,/home/justin/npu-playground/runs/case-study-v2-recovered/repeat-001/20260917T000705Z/baseline/cb931e8c5e754e0d88999e89c1b8218a/report.json
Terra,1,baseline:triton_fused_attention:amd_xdna2_npu2,baseline,amd_xdna2_npu2,6,code,completed,,84.8004589250013,,,,14347,4555,,16675,0,,,23754,False,,/home/justin/npu-playground/runs/case-study-v2-recovered/repeat-001/20260917T000705Z/baseline/cb931e8c5e754e0d88999e89c1b8218a/report.json
Terra,1,baseline:triton_fused_attention:amd_xdna2_npu2,baseline,amd_xdna2_npu2,7,code,completed,,118.54971772200042,,,,14965,6442,,23754,0,,,15659,False,,/home/justin/npu-playground/runs/case-study-v2-recovered/repeat-001/20260917T000705Z/baseline/cb931e8c5e754e0d88999e89c1b8218a/report.json
Terra,1,baseline:triton_fused_attention:amd_xdna2_npu2,baseline,amd_xdna2_npu2,8,code,completed,,66.86387691100026,,,,13979,3569,,15659,0,,,15788,False,,/home/justin/npu-playground/runs/case-study-v2-recovered/repeat-001/20260917T000705Z/baseline/cb931e8c5e754e0d88999e89c1b8218a/report.json
Terra,1,baseline:triton_fused_attention:amd_xdna2_npu2,baseline,amd_xdna2_npu2,9,code,completed,,82.87031612300052,,,,14037,4472,,15788,0,,,,False,,/home/justin/npu-playground/runs/case-study-v2-recovered/repeat-001/20260917T000705Z/baseline/cb931e8c5e754e0d88999e89c1b8218a/report.json
Terra,1,baseline:triton_fused_attention:intel_npu_4000,baseline,intel_npu_4000,1,code,completed,,31.235273427999346,,,,10115,1510,,3874,0,,,,False,,/home/justin/npu-playground/runs/case-study-v2-recovered/repeat-001/20260917T000705Z/baseline/f547eb555b2a4f4381c40e5aa36799ed/report.json
Terra,1,baseline:triton_fused_softmax:amd_xdna2_npu2,baseline,amd_xdna2_npu2,1,code,completed,,109.37421945200003,,,,10834,5858,,6170,0,,,13113,False,,/home/justin/npu-playground/runs/case-study-v2-recovered/repeat-001/20260917T000705Z/baseline/f39be6f2fb9d4323bcba7c464e7c70e6/report.json
Terra,1,baseline:triton_fused_softmax:amd_xdna2_npu2,baseline,amd_xdna2_npu2,2,code,completed,,41.967340662000424,,,,12958,2179,,13113,0,,,,False,,/home/justin/npu-playground/runs/case-study-v2-recovered/repeat-001/20260917T000705Z/baseline/f39be6f2fb9d4323bcba7c464e7c70e6/report.json
Terra,1,baseline:triton_fused_softmax:intel_npu_4000,baseline,intel_npu_4000,1,code,completed,,10.975892126998588,,,,9891,411,,3117,0,,,5782,False,,/home/justin/npu-playground/runs/case-study-v2-recovered/repeat-001/20260917T000705Z/baseline/de8ab54a04f94c749e049430d2359365/report.json
Terra,1,baseline:triton_fused_softmax:intel_npu_4000,baseline,intel_npu_4000,2,code,completed,,14.29210025700013,,,,10605,515,,5782,0,,,,False,,/home/justin/npu-playground/runs/case-study-v2-recovered/repeat-001/20260917T000705Z/baseline/de8ab54a04f94c749e049430d2359365/report.json
Terra,1,baseline:triton_layer_norm:amd_xdna2_npu2,baseline,amd_xdna2_npu2,1,code,completed,,113.98723903299833,,,,11101,6191,,7099,0,,,12747,False,,/home/justin/npu-playground/runs/case-study-v2-recovered/repeat-001/20260917T000705Z/baseline/8503397b5202408ba732bba5aa1a38ac/report.json
Terra,1,baseline:triton_layer_norm:amd_xdna2_npu2,baseline,amd_xdna2_npu2,2,code,completed,,80.58820733900029,,,,13006,4274,,12747,0,,,15265,False,,/home/justin/npu-playground/runs/case-study-v2-recovered/repeat-001/20260917T000705Z/baseline/8503397b5202408ba732bba5aa1a38ac/report.json
Terra,1,baseline:triton_layer_norm:amd_xdna2_npu2,baseline,amd_xdna2_npu2,3,code,completed,,107.82509457699962,,,,13868,5810,,15265,0,,,,False,,/home/justin/npu-playground/runs/case-study-v2-recovered/repeat-001/20260917T000705Z/baseline/8503397b5202408ba732bba5aa1a38ac/report.json
Terra,1,baseline:triton_layer_norm:intel_npu_4000,baseline,intel_npu_4000,1,code,completed,,43.29747511300047,,,,10158,2238,,4046,0,,,,False,,/home/justin/npu-playground/runs/case-study-v2-recovered/repeat-001/20260917T000705Z/baseline/aa523b355eeb4026bac476b3cf71f371/report.json
Terra,1,hinted_ir:cuda_reduce_sum:amd_xdna2_npu2,hinted_ir,amd_xdna2_npu2,1,intermediate,completed,,19.120281929999692,,,,9613,896,,2295,0,,,,False,,/home/justin/npu-playground/runs/case-study-v2-recovered/repeat-001/20260917T000705Z/hinted_ir/3199bf08bc0a4726a05940e81b1b7f3a/report.json
Terra,1,hinted_ir:cuda_reduce_sum:amd_xdna2_npu2,hinted_ir,amd_xdna2_npu2,1,code,completed,,83.9105384150007,,,,11404,4508,,7913,0,,,,False,,/home/justin/npu-playground/runs/case-study-v2-recovered/repeat-001/20260917T000705Z/hinted_ir/3199bf08bc0a4726a05940e81b1b7f3a/report.json
Terra,1,hinted_ir:cuda_reduce_sum:intel_npu_4000,hinted_ir,intel_npu_4000,1,intermediate,completed,,23.97443147999911,,,,9613,1114,,2295,0,,,,False,,/home/justin/npu-playground/runs/case-study-v2-recovered/repeat-001/20260917T000705Z/hinted_ir/6e92df1dcbd6422e9397fc141a58d021/report.json
Terra,1,hinted_ir:cuda_reduce_sum:intel_npu_4000,hinted_ir,intel_npu_4000,1,code,completed,,14.94158516599964,,,,10348,678,,4557,0,,,,False,,/home/justin/npu-playground/runs/case-study-v2-recovered/repeat-001/20260917T000705Z/hinted_ir/6e92df1dcbd6422e9397fc141a58d021/report.json
Terra,1,hinted_ir:cuda_tiled_matmul:amd_xdna2_npu2,hinted_ir,amd_xdna2_npu2,1,intermediate,completed,,14.820094851000249,,,,9711,645,,2562,0,,,11186,False,,/home/justin/npu-playground/runs/case-study-v2-recovered/repeat-001/20260917T000705Z/hinted_ir/bc67497ca6a7434f98f6cac0b9404191/report.json
Terra,1,hinted_ir:cuda_tiled_matmul:amd_xdna2_npu2,hinted_ir,amd_xdna2_npu2,1,code,completed,,85.11167299999943,,,,11195,4582,,6963,0,,,16241,False,,/home/justin/npu-playground/runs/case-study-v2-recovered/repeat-001/20260917T000705Z/hinted_ir/bc67497ca6a7434f98f6cac0b9404191/report.json
Terra,1,hinted_ir:cuda_tiled_matmul:amd_xdna2_npu2,hinted_ir,amd_xdna2_npu2,2,intermediate,completed,,22.387895218000267,,,,12512,1064,,11186,0,,,,False,,/home/justin/npu-playground/runs/case-study-v2-recovered/repeat-001/20260917T000705Z/hinted_ir/bc67497ca6a7434f98f6cac0b9404191/report.json
Terra,1,hinted_ir:cuda_tiled_matmul:amd_xdna2_npu2,hinted_ir,amd_xdna2_npu2,2,code,completed,,67.39419010100028,,,,14213,3568,,16241,0,,,,False,,/home/justin/npu-playground/runs/case-study-v2-recovered/repeat-001/20260917T000705Z/hinted_ir/bc67497ca6a7434f98f6cac0b9404191/report.json
Terra,1,hinted_ir:cuda_tiled_matmul:intel_npu_4000,hinted_ir,intel_npu_4000,1,intermediate,completed,,15.29975037099939,,,,9713,662,,2562,0,,,,False,,/home/justin/npu-playground/runs/case-study-v2-recovered/repeat-001/20260917T000705Z/hinted_ir/eced8876dd514ac998fd748592fc8847/report.json
Terra,1,hinted_ir:cuda_tiled_matmul:intel_npu_4000,hinted_ir,intel_npu_4000,1,code,completed,,18.257879667000452,,,,10190,773,,3745,0,,,,False,,/home/justin/npu-playground/runs/case-study-v2-recovered/repeat-001/20260917T000705Z/hinted_ir/eced8876dd514ac998fd748592fc8847/report.json
Terra,1,hinted_ir:cuda_tiled_transpose:amd_xdna2_npu2,hinted_ir,amd_xdna2_npu2,1,intermediate,completed,,17.27602445499906,,,,9570,816,,2093,0,,,,False,,/home/justin/npu-playground/runs/case-study-v2-recovered/repeat-001/20260917T000705Z/hinted_ir/212146620f494773b90fa8b5a26c4946/report.json
Terra,1,hinted_ir:cuda_tiled_transpose:amd_xdna2_npu2,hinted_ir,amd_xdna2_npu2,1,code,completed,,92.88650512899949,,,,11028,5017,,6456,0,,,,False,,/home/justin/npu-playground/runs/case-study-v2-recovered/repeat-001/20260917T000705Z/hinted_ir/212146620f494773b90fa8b5a26c4946/report.json
Terra,1,hinted_ir:cuda_tiled_transpose:intel_npu_4000,hinted_ir,intel_npu_4000,1,intermediate,completed,,16.447923503999846,,,,9574,773,,2093,0,,,,False,,/home/justin/npu-playground/runs/case-study-v2-recovered/repeat-001/20260917T000705Z/hinted_ir/24ed1077363b4a2da900a9ca6b15b087/report.json
Terra,1,hinted_ir:cuda_tiled_transpose:intel_npu_4000,hinted_ir,intel_npu_4000,1,code,completed,,9.239597830001003,,,,10065,355,,3476,0,,,,False,,/home/justin/npu-playground/runs/case-study-v2-recovered/repeat-001/20260917T000705Z/hinted_ir/24ed1077363b4a2da900a9ca6b15b087/report.json
Terra,1,hinted_ir:cuda_vector_add:amd_xdna2_npu2,hinted_ir,amd_xdna2_npu2,1,intermediate,completed,,17.309552111000812,,,,9542,783,,2035,0,,,,False,,/home/justin/npu-playground/runs/case-study-v2-recovered/repeat-001/20260917T000705Z/hinted_ir/55ecfc6c064f4f4e90f9b0457409505e/report.json
Terra,1,hinted_ir:cuda_vector_add:amd_xdna2_npu2,hinted_ir,amd_xdna2_npu2,1,code,completed,,66.5219999359997,,,,11183,3555,,7058,0,,,,False,,/home/justin/npu-playground/runs/case-study-v2-recovered/repeat-001/20260917T000705Z/hinted_ir/55ecfc6c064f4f4e90f9b0457409505e/report.json
Terra,1,hinted_ir:cuda_vector_add:intel_npu_4000,hinted_ir,intel_npu_4000,1,intermediate,completed,,13.694589063999956,,,,9540,607,,2035,0,,,,False,,/home/justin/npu-playground/runs/case-study-v2-recovered/repeat-001/20260917T000705Z/hinted_ir/15276231b0d84224bec03016dc010361/report.json
Terra,1,hinted_ir:cuda_vector_add:intel_npu_4000,hinted_ir,intel_npu_4000,1,code,completed,,13.049577429999772,,,,10151,517,,3780,0,,,,False,,/home/justin/npu-playground/runs/case-study-v2-recovered/repeat-001/20260917T000705Z/hinted_ir/15276231b0d84224bec03016dc010361/report.json
Terra,1,hinted_ir:hip_gamma_correction:amd_xdna2_npu2,hinted_ir,amd_xdna2_npu2,1,intermediate,completed,,12.041854352999508,,,,9562,521,,2125,0,,,7975,False,,/home/justin/npu-playground/runs/case-study-v2-recovered/repeat-001/20260917T000705Z/hinted_ir/756462241f2d418e89d51eb78a11e2b9/report.json
Terra,1,hinted_ir:hip_gamma_correction:amd_xdna2_npu2,hinted_ir,amd_xdna2_npu2,1,code,completed,,56.34763667600055,,,,11119,2965,,6862,0,,,12814,False,,/home/justin/npu-playground/runs/case-study-v2-recovered/repeat-001/20260917T000705Z/hinted_ir/756462241f2d418e89d51eb78a11e2b9/report.json
Terra,1,hinted_ir:hip_gamma_correction:amd_xdna2_npu2,hinted_ir,amd_xdna2_npu2,2,intermediate,completed,,19.884493162999206,,,,11409,941,,7975,0,,,,False,,/home/justin/npu-playground/runs/case-study-v2-recovered/repeat-001/20260917T000705Z/hinted_ir/756462241f2d418e89d51eb78a11e2b9/report.json
Terra,1,hinted_ir:hip_gamma_correction:amd_xdna2_npu2,hinted_ir,amd_xdna2_npu2,2,code,completed,,32.752664388000994,,,,13004,1587,,12814,0,,,,False,,/home/justin/npu-playground/runs/case-study-v2-recovered/repeat-001/20260917T000705Z/hinted_ir/756462241f2d418e89d51eb78a11e2b9/report.json
Terra,1,hinted_ir:hip_gamma_correction:intel_npu_4000,hinted_ir,intel_npu_4000,1,intermediate,completed,,22.876430963999155,,,,9558,1116,,2125,0,,,,False,,/home/justin/npu-playground/runs/case-study-v2-recovered/repeat-001/20260917T000705Z/hinted_ir/a6f444286fd245cfbaa35357f106f6d6/report.json
Terra,1,hinted_ir:hip_gamma_correction:intel_npu_4000,hinted_ir,intel_npu_4000,1,code,completed,,17.180100823999965,,,,10392,745,,4353,0,,,,False,,/home/justin/npu-playground/runs/case-study-v2-recovered/repeat-001/20260917T000705Z/hinted_ir/a6f444286fd245cfbaa35357f106f6d6/report.json
Terra,1,hinted_ir:hip_image_convolution:amd_xdna2_npu2,hinted_ir,amd_xdna2_npu2,1,intermediate,completed,,18.923611950000122,,,,9696,899,,2444,0,,,,False,,/home/justin/npu-playground/runs/case-study-v2-recovered/repeat-001/20260917T000705Z/hinted_ir/66320840a3d44e1f977c67c4d944d696/report.json
Terra,1,hinted_ir:hip_image_convolution:amd_xdna2_npu2,hinted_ir,amd_xdna2_npu2,1,code,completed,,86.0815753450006,,,,11220,4616,,7069,0,,,,False,,/home/justin/npu-playground/runs/case-study-v2-recovered/repeat-001/20260917T000705Z/hinted_ir/66320840a3d44e1f977c67c4d944d696/report.json
Terra,1,hinted_ir:hip_image_convolution:intel_npu_4000,hinted_ir,intel_npu_4000,1,intermediate,completed,,14.007956557999933,,,,9700,631,,2444,0,,,,False,,/home/justin/npu-playground/runs/case-study-v2-recovered/repeat-001/20260917T000705Z/hinted_ir/0f4eb2856b544feeac758e24b37567f4/report.json
Terra,1,hinted_ir:hip_image_convolution:intel_npu_4000,hinted_ir,intel_npu_4000,1,code,completed,,18.81314158999885,,,,10256,894,,3984,0,,,,False,,/home/justin/npu-playground/runs/case-study-v2-recovered/repeat-001/20260917T000705Z/hinted_ir/0f4eb2856b544feeac758e24b37567f4/report.json
Terra,1,hinted_ir:hip_moving_average:amd_xdna2_npu2,hinted_ir,amd_xdna2_npu2,1,intermediate,completed,,18.036079867000808,,,,9558,828,,2128,0,,,19405,False,,/home/justin/npu-playground/runs/case-study-v2-recovered/repeat-001/20260917T000705Z/hinted_ir/3f5f15679bfd4778b40edffeb215ed84/report.json
Terra,1,hinted_ir:hip_moving_average:amd_xdna2_npu2,hinted_ir,amd_xdna2_npu2,1,code,completed,,158.80149491700104,,,,11016,8668,,6595,0,,,23809,False,,/home/justin/npu-playground/runs/case-study-v2-recovered/repeat-001/20260917T000705Z/hinted_ir/3f5f15679bfd4778b40edffeb215ed84/report.json
Terra,1,hinted_ir:hip_moving_average:amd_xdna2_npu2,hinted_ir,amd_xdna2_npu2,2,intermediate,completed,,17.58097388399983,,,,16211,820,,19405,0,,,,False,,/home/justin/npu-playground/runs/case-study-v2-recovered/repeat-001/20260917T000705Z/hinted_ir/3f5f15679bfd4778b40edffeb215ed84/report.json
Terra,1,hinted_ir:hip_moving_average:amd_xdna2_npu2,hinted_ir,amd_xdna2_npu2,2,code,completed,,38.981657030999486,,,,17663,1985,,23809,0,,,,False,,/home/justin/npu-playground/runs/case-study-v2-recovered/repeat-001/20260917T000705Z/hinted_ir/3f5f15679bfd4778b40edffeb215ed84/report.json
Terra,1,hinted_ir:hip_moving_average:intel_npu_4000,hinted_ir,intel_npu_4000,1,intermediate,completed,,21.48025225499987,,,,9562,947,,2128,0,,,14514,False,,/home/justin/npu-playground/runs/case-study-v2-recovered/repeat-001/20260917T000705Z/hinted_ir/b2f38a17fe3e47cdb8541517068c18cf/report.json
Terra,1,hinted_ir:hip_moving_average:intel_npu_4000,hinted_ir,intel_npu_4000,1,code,completed,,24.951373489000616,,,,10286,1131,,4081,0,,,16476,False,,/home/justin/npu-playground/runs/case-study-v2-recovered/repeat-001/20260917T000705Z/hinted_ir/b2f38a17fe3e47cdb8541517068c18cf/report.json
Terra,1,hinted_ir:hip_moving_average:intel_npu_4000,hinted_ir,intel_npu_4000,2,intermediate,completed,,19.914145280999946,,,,12182,933,,14514,0,,,,False,,/home/justin/npu-playground/runs/case-study-v2-recovered/repeat-001/20260917T000705Z/hinted_ir/b2f38a17fe3e47cdb8541517068c18cf/report.json
Terra,1,hinted_ir:hip_moving_average:intel_npu_4000,hinted_ir,intel_npu_4000,2,code,completed,,41.09779496899864,,,,12901,1928,,16476,0,,,,False,,/home/justin/npu-playground/runs/case-study-v2-recovered/repeat-001/20260917T000705Z/hinted_ir/b2f38a17fe3e47cdb8541517068c18cf/report.json
Terra,1,hinted_ir:triton_fused_attention:amd_xdna2_npu2,hinted_ir,amd_xdna2_npu2,1,intermediate,completed,,22.548362946999987,,,,9764,1111,,2930,0,,,15711,False,,/home/justin/npu-playground/runs/case-study-v2-recovered/repeat-001/20260917T000705Z/hinted_ir/8aaa5cff66c0420e92d17cd2db54ef27/report.json
Terra,1,hinted_ir:triton_fused_attention:amd_xdna2_npu2,hinted_ir,amd_xdna2_npu2,1,code,completed,,130.6880671709987,,,,11478,7121,,7816,0,,,20801,False,,/home/justin/npu-playground/runs/case-study-v2-recovered/repeat-001/20260917T000705Z/hinted_ir/8aaa5cff66c0420e92d17cd2db54ef27/report.json
Terra,1,hinted_ir:triton_fused_attention:amd_xdna2_npu2,hinted_ir,amd_xdna2_npu2,2,intermediate,completed,,29.161608264999813,,,,13944,1469,,15711,0,,,13905,False,,/home/justin/npu-playground/runs/case-study-v2-recovered/repeat-001/20260917T000705Z/hinted_ir/8aaa5cff66c0420e92d17cd2db54ef27/report.json
Terra,1,hinted_ir:triton_fused_attention:amd_xdna2_npu2,hinted_ir,amd_xdna2_npu2,2,code,completed,,55.22025459799988,,,,15651,2910,,20801,0,,,18897,False,,/home/justin/npu-playground/runs/case-study-v2-recovered/repeat-001/20260917T000705Z/hinted_ir/8aaa5cff66c0420e92d17cd2db54ef27/report.json
Terra,1,hinted_ir:triton_fused_attention:amd_xdna2_npu2,hinted_ir,amd_xdna2_npu2,3,intermediate,completed,,58.1182054180008,,,,13464,3044,,13905,0,,,,False,,/home/justin/npu-playground/runs/case-study-v2-recovered/repeat-001/20260917T000705Z/hinted_ir/8aaa5cff66c0420e92d17cd2db54ef27/report.json
Terra,1,hinted_ir:triton_fused_attention:amd_xdna2_npu2,hinted_ir,amd_xdna2_npu2,3,code,completed,,102.66600405999998,,,,15165,5560,,18897,0,,,,False,,/home/justin/npu-playground/runs/case-study-v2-recovered/repeat-001/20260917T000705Z/hinted_ir/8aaa5cff66c0420e92d17cd2db54ef27/report.json
Terra,1,hinted_ir:triton_fused_attention:intel_npu_4000,hinted_ir,intel_npu_4000,1,intermediate,completed,,22.584767689000728,,,,9760,1110,,2930,0,,,,False,,/home/justin/npu-playground/runs/case-study-v2-recovered/repeat-001/20260917T000705Z/hinted_ir/acd1f8af50dd42768eb56b592df0b31f/report.json
Terra,1,hinted_ir:triton_fused_attention:intel_npu_4000,hinted_ir,intel_npu_4000,1,code,completed,,21.55030613099916,,,,10795,1004,,5422,0,,,,False,,/home/justin/npu-playground/runs/case-study-v2-recovered/repeat-001/20260917T000705Z/hinted_ir/acd1f8af50dd42768eb56b592df0b31f/report.json
Terra,1,hinted_ir:triton_fused_softmax:amd_xdna2_npu2,hinted_ir,amd_xdna2_npu2,1,intermediate,completed,,16.42795771499914,,,,9536,744,,2173,0,,,,False,,/home/justin/npu-playground/runs/case-study-v2-recovered/repeat-001/20260917T000705Z/hinted_ir/14c1e5569573412b8406d4a61abac1f5/report.json
Terra,1,hinted_ir:triton_fused_softmax:amd_xdna2_npu2,hinted_ir,amd_xdna2_npu2,1,code,completed,,56.82976770200003,,,,11096,2941,,7013,0,,,,False,,/home/justin/npu-playground/runs/case-study-v2-recovered/repeat-001/20260917T000705Z/hinted_ir/14c1e5569573412b8406d4a61abac1f5/report.json
Terra,1,hinted_ir:triton_fused_softmax:intel_npu_4000,hinted_ir,intel_npu_4000,1,intermediate,completed,,19.080616606999683,,,,9536,921,,2173,0,,,,False,,/home/justin/npu-playground/runs/case-study-v2-recovered/repeat-001/20260917T000705Z/hinted_ir/7d845e7241c942f3956e26a4966a0fad/report.json
Terra,1,hinted_ir:triton_fused_softmax:intel_npu_4000,hinted_ir,intel_npu_4000,1,code,completed,,18.0790334430003,,,,10113,843,,3745,0,,,,False,,/home/justin/npu-playground/runs/case-study-v2-recovered/repeat-001/20260917T000705Z/hinted_ir/7d845e7241c942f3956e26a4966a0fad/report.json
Terra,1,hinted_ir:triton_layer_norm:amd_xdna2_npu2,hinted_ir,amd_xdna2_npu2,1,intermediate,completed,,13.95111630700012,,,,9722,626,,2755,0,,,11890,False,,/home/justin/npu-playground/runs/case-study-v2-recovered/repeat-001/20260917T000705Z/hinted_ir/5af443b725ef48999e86ed7830b6a921/report.json
Terra,1,hinted_ir:triton_layer_norm:amd_xdna2_npu2,hinted_ir,amd_xdna2_npu2,1,code,completed,,118.04858693300048,,,,11217,6402,,7495,0,,,16995,False,,/home/justin/npu-playground/runs/case-study-v2-recovered/repeat-001/20260917T000705Z/hinted_ir/5af443b725ef48999e86ed7830b6a921/report.json
Terra,1,hinted_ir:triton_layer_norm:amd_xdna2_npu2,hinted_ir,amd_xdna2_npu2,2,intermediate,completed,,19.482437998000023,,,,12765,871,,11890,0,,,12288,False,,/home/justin/npu-playground/runs/case-study-v2-recovered/repeat-001/20260917T000705Z/hinted_ir/5af443b725ef48999e86ed7830b6a921/report.json
Terra,1,hinted_ir:triton_layer_norm:amd_xdna2_npu2,hinted_ir,amd_xdna2_npu2,2,code,completed,,96.97658933599996,,,,14403,5256,,16995,0,,,17485,False,,/home/justin/npu-playground/runs/case-study-v2-recovered/repeat-001/20260917T000705Z/hinted_ir/5af443b725ef48999e86ed7830b6a921/report.json
Terra,1,hinted_ir:triton_layer_norm:amd_xdna2_npu2,hinted_ir,amd_xdna2_npu2,3,intermediate,completed,,18.540007795998463,,,,12926,873,,12288,0,,,,False,,/home/justin/npu-playground/runs/case-study-v2-recovered/repeat-001/20260917T000705Z/hinted_ir/5af443b725ef48999e86ed7830b6a921/report.json
Terra,1,hinted_ir:triton_layer_norm:amd_xdna2_npu2,hinted_ir,amd_xdna2_npu2,3,code,completed,,84.64365648900093,,,,14585,4528,,17485,0,,,,False,,/home/justin/npu-playground/runs/case-study-v2-recovered/repeat-001/20260917T000705Z/hinted_ir/5af443b725ef48999e86ed7830b6a921/report.json
Terra,1,hinted_ir:triton_layer_norm:intel_npu_4000,hinted_ir,intel_npu_4000,1,intermediate,completed,,13.16770117499982,,,,9722,571,,2755,0,,,7736,False,,/home/justin/npu-playground/runs/case-study-v2-recovered/repeat-001/20260917T000705Z/hinted_ir/803a86d3f676490aba6620f93c358f2c/report.json
Terra,1,hinted_ir:triton_layer_norm:intel_npu_4000,hinted_ir,intel_npu_4000,1,code,completed,,42.321172832998855,,,,10246,2118,,4303,0,,,9387,False,,/home/justin/npu-playground/runs/case-study-v2-recovered/repeat-001/20260917T000705Z/hinted_ir/803a86d3f676490aba6620f93c358f2c/report.json
Terra,1,hinted_ir:triton_layer_norm:intel_npu_4000,hinted_ir,intel_npu_4000,2,intermediate,completed,,17.391926094000155,,,,11124,813,,7736,0,,,,False,,/home/justin/npu-playground/runs/case-study-v2-recovered/repeat-001/20260917T000705Z/hinted_ir/803a86d3f676490aba6620f93c358f2c/report.json
Terra,1,hinted_ir:triton_layer_norm:intel_npu_4000,hinted_ir,intel_npu_4000,2,code,completed,,19.668478112998855,,,,11713,932,,9387,0,,,,False,,/home/justin/npu-playground/runs/case-study-v2-recovered/repeat-001/20260917T000705Z/hinted_ir/803a86d3f676490aba6620f93c358f2c/report.json
Terra,1,structured_ir:cuda_reduce_sum:amd_xdna2_npu2,structured_ir,amd_xdna2_npu2,1,intermediate,completed,,14.910488375000568,,,,11313,647,,4931,0,,,,False,,/home/justin/npu-playground/runs/case-study-v2-recovered/repeat-001/20260917T000705Z/structured_ir/6d70268fa0d64a3fbab5f39139da497d/report.json
Terra,1,structured_ir:cuda_reduce_sum:amd_xdna2_npu2,structured_ir,amd_xdna2_npu2,1,code,completed,,89.51421868000034,,,,11198,4826,,7458,0,,,14712,False,,/home/justin/npu-playground/runs/case-study-v2-recovered/repeat-001/20260917T000705Z/structured_ir/6d70268fa0d64a3fbab5f39139da497d/report.json
Terra,1,structured_ir:cuda_reduce_sum:amd_xdna2_npu2,structured_ir,amd_xdna2_npu2,2,code,completed,,45.91144835700106,,,,13303,2412,,14712,0,,,,False,,/home/justin/npu-playground/runs/case-study-v2-recovered/repeat-001/20260917T000705Z/structured_ir/6d70268fa0d64a3fbab5f39139da497d/report.json
Terra,1,structured_ir:cuda_reduce_sum:intel_npu_4000,structured_ir,intel_npu_4000,1,intermediate,completed,,15.490849171001173,,,,11315,723,,4931,0,,,,False,,/home/justin/npu-playground/runs/case-study-v2-recovered/repeat-001/20260917T000705Z/structured_ir/6337a5d2be504ad4a226a8a9ccdf8965/report.json
Terra,1,structured_ir:cuda_reduce_sum:intel_npu_4000,structured_ir,intel_npu_4000,1,code,completed,,18.733207242999924,,,,10208,808,,4225,0,,,,False,,/home/justin/npu-playground/runs/case-study-v2-recovered/repeat-001/20260917T000705Z/structured_ir/6337a5d2be504ad4a226a8a9ccdf8965/report.json
Terra,1,structured_ir:cuda_tiled_matmul:amd_xdna2_npu2,structured_ir,amd_xdna2_npu2,1,intermediate,completed,,13.938554678999935,,,,11411,616,,5198,0,,,,False,,/home/justin/npu-playground/runs/case-study-v2-recovered/repeat-001/20260917T000705Z/structured_ir/d963a8a3dc6d4b90a40cedcbb65df680/report.json
Terra,1,structured_ir:cuda_tiled_matmul:amd_xdna2_npu2,structured_ir,amd_xdna2_npu2,1,code,completed,,68.1042782200002,,,,11367,3638,,8024,0,,,17482,False,,/home/justin/npu-playground/runs/case-study-v2-recovered/repeat-001/20260917T000705Z/structured_ir/d963a8a3dc6d4b90a40cedcbb65df680/report.json
Terra,1,structured_ir:cuda_tiled_matmul:amd_xdna2_npu2,structured_ir,amd_xdna2_npu2,2,code,completed,,56.841165447000094,,,,14200,2982,,17482,0,,,50983,False,,/home/justin/npu-playground/runs/case-study-v2-recovered/repeat-001/20260917T000705Z/structured_ir/d963a8a3dc6d4b90a40cedcbb65df680/report.json
Terra,1,structured_ir:cuda_tiled_matmul:amd_xdna2_npu2,structured_ir,amd_xdna2_npu2,3,code,completed,,165.47744971999964,,,,19655,8954,,50983,0,,,25977,False,,/home/justin/npu-playground/runs/case-study-v2-recovered/repeat-001/20260917T000705Z/structured_ir/d963a8a3dc6d4b90a40cedcbb65df680/report.json
Terra,1,structured_ir:cuda_tiled_matmul:amd_xdna2_npu2,structured_ir,amd_xdna2_npu2,4,code,completed,,61.004211094999846,,,,18240,3203,,25977,0,,,51056,False,,/home/justin/npu-playground/runs/case-study-v2-recovered/repeat-001/20260917T000705Z/structured_ir/d963a8a3dc6d4b90a40cedcbb65df680/report.json
Terra,1,structured_ir:cuda_tiled_matmul:amd_xdna2_npu2,structured_ir,amd_xdna2_npu2,5,code,completed,,116.28525637799976,,,,19690,6324,,51056,0,,,55986,False,,/home/justin/npu-playground/runs/case-study-v2-recovered/repeat-001/20260917T000705Z/structured_ir/d963a8a3dc6d4b90a40cedcbb65df680/report.json
Terra,1,structured_ir:cuda_tiled_matmul:amd_xdna2_npu2,structured_ir,amd_xdna2_npu2,6,code,completed,,82.50173895300031,,,,21290,4362,,55986,0,,,18835,False,,/home/justin/npu-playground/runs/case-study-v2-recovered/repeat-001/20260917T000705Z/structured_ir/d963a8a3dc6d4b90a40cedcbb65df680/report.json
Terra,1,structured_ir:cuda_tiled_matmul:amd_xdna2_npu2,structured_ir,amd_xdna2_npu2,7,code,completed,,96.17498766300014,,,,14573,5060,,18835,0,,,52907,False,,/home/justin/npu-playground/runs/case-study-v2-recovered/repeat-001/20260917T000705Z/structured_ir/d963a8a3dc6d4b90a40cedcbb65df680/report.json
Terra,1,structured_ir:cuda_tiled_matmul:amd_xdna2_npu2,structured_ir,amd_xdna2_npu2,8,code,completed,,65.86467291000008,,,,20410,3498,,52907,0,,,51001,False,,/home/justin/npu-playground/runs/case-study-v2-recovered/repeat-001/20260917T000705Z/structured_ir/d963a8a3dc6d4b90a40cedcbb65df680/report.json
Terra,1,structured_ir:cuda_tiled_matmul:amd_xdna2_npu2,structured_ir,amd_xdna2_npu2,9,code,completed,,67.38129553399995,,,,19649,3596,,51001,0,,,51079,False,,/home/justin/npu-playground/runs/case-study-v2-recovered/repeat-001/20260917T000705Z/structured_ir/d963a8a3dc6d4b90a40cedcbb65df680/report.json
Terra,1,structured_ir:cuda_tiled_matmul:amd_xdna2_npu2,structured_ir,amd_xdna2_npu2,10,code,completed,,141.83773768599895,,,,19689,7604,,51079,0,,,,False,,/home/justin/npu-playground/runs/case-study-v2-recovered/repeat-001/20260917T000705Z/structured_ir/d963a8a3dc6d4b90a40cedcbb65df680/report.json
Terra,1,structured_ir:cuda_tiled_matmul:intel_npu_4000,structured_ir,intel_npu_4000,1,intermediate,completed,,14.577132431999416,,,,11415,610,,5198,0,,,,False,,/home/justin/npu-playground/runs/case-study-v2-recovered/repeat-001/20260917T000705Z/structured_ir/a3cd75d7a2384f8ab47e7ff3eb35e9d0/report.json
Terra,1,structured_ir:cuda_tiled_matmul:intel_npu_4000,structured_ir,intel_npu_4000,1,code,completed,,11.84266024399949,,,,10302,504,,4519,0,,,,False,,/home/justin/npu-playground/runs/case-study-v2-recovered/repeat-001/20260917T000705Z/structured_ir/a3cd75d7a2384f8ab47e7ff3eb35e9d0/report.json
Terra,1,structured_ir:cuda_tiled_transpose:amd_xdna2_npu2,structured_ir,amd_xdna2_npu2,1,intermediate,completed,,12.121527962000982,,,,11268,528,,4728,0,,,,False,,/home/justin/npu-playground/runs/case-study-v2-recovered/repeat-001/20260917T000705Z/structured_ir/c26e2f72de3c4f8399b02304b1462dc4/report.json
Terra,1,structured_ir:cuda_tiled_transpose:amd_xdna2_npu2,structured_ir,amd_xdna2_npu2,1,code,completed,,85.89650775599875,,,,11084,4624,,7006,0,,,16428,False,,/home/justin/npu-playground/runs/case-study-v2-recovered/repeat-001/20260917T000705Z/structured_ir/c26e2f72de3c4f8399b02304b1462dc4/report.json
Terra,1,structured_ir:cuda_tiled_transpose:amd_xdna2_npu2,structured_ir,amd_xdna2_npu2,2,code,completed,,61.993983014999685,,,,14006,3298,,16428,0,,,45387,False,,/home/justin/npu-playground/runs/case-study-v2-recovered/repeat-001/20260917T000705Z/structured_ir/c26e2f72de3c4f8399b02304b1462dc4/report.json
Terra,1,structured_ir:cuda_tiled_transpose:amd_xdna2_npu2,structured_ir,amd_xdna2_npu2,3,code,completed,,79.62748345299951,,,,18717,4215,,45387,0,,,,False,,/home/justin/npu-playground/runs/case-study-v2-recovered/repeat-001/20260917T000705Z/structured_ir/c26e2f72de3c4f8399b02304b1462dc4/report.json
Terra,1,structured_ir:cuda_tiled_transpose:intel_npu_4000,structured_ir,intel_npu_4000,1,intermediate,completed,,10.88810529500006,,,,11270,436,,4728,0,,,,False,,/home/justin/npu-playground/runs/case-study-v2-recovered/repeat-001/20260917T000705Z/structured_ir/ef0b119c03c848ceb6595edef4b81d9b/report.json
Terra,1,structured_ir:cuda_tiled_transpose:intel_npu_4000,structured_ir,intel_npu_4000,1,code,completed,,15.506895665999764,,,,10127,645,,3909,0,,,,False,,/home/justin/npu-playground/runs/case-study-v2-recovered/repeat-001/20260917T000705Z/structured_ir/ef0b119c03c848ceb6595edef4b81d9b/report.json
Terra,1,structured_ir:cuda_vector_add:amd_xdna2_npu2,structured_ir,amd_xdna2_npu2,1,intermediate,completed,,16.533504680999613,,,,11238,715,,4670,0,,,,False,,/home/justin/npu-playground/runs/case-study-v2-recovered/repeat-001/20260917T000705Z/structured_ir/88929c19c3d448f69477faf82229ffcc/report.json
Terra,1,structured_ir:cuda_vector_add:amd_xdna2_npu2,structured_ir,amd_xdna2_npu2,1,code,completed,,66.70697697799915,,,,11276,3550,,7572,0,,,,False,,/home/justin/npu-playground/runs/case-study-v2-recovered/repeat-001/20260917T000705Z/structured_ir/88929c19c3d448f69477faf82229ffcc/report.json
Terra,1,structured_ir:cuda_vector_add:intel_npu_4000,structured_ir,intel_npu_4000,1,intermediate,completed,,13.801430485998935,,,,11240,615,,4670,0,,,,False,,/home/justin/npu-playground/runs/case-study-v2-recovered/repeat-001/20260917T000705Z/structured_ir/8bd740b2a35743379cdcc8b42a3c4c53/report.json
Terra,1,structured_ir:cuda_vector_add:intel_npu_4000,structured_ir,intel_npu_4000,1,code,completed,,13.178853185001572,,,,10333,579,,4496,0,,,,False,,/home/justin/npu-playground/runs/case-study-v2-recovered/repeat-001/20260917T000705Z/structured_ir/8bd740b2a35743379cdcc8b42a3c4c53/report.json
Terra,1,structured_ir:hip_gamma_correction:amd_xdna2_npu2,structured_ir,amd_xdna2_npu2,1,intermediate,completed,,16.810678448000544,,,,11262,726,,4760,0,,,,False,,/home/justin/npu-playground/runs/case-study-v2-recovered/repeat-001/20260917T000705Z/structured_ir/bd379c69ebdb4c299707240ec9175333/report.json
Terra,1,structured_ir:hip_gamma_correction:amd_xdna2_npu2,structured_ir,amd_xdna2_npu2,1,code,completed,,84.18832929199925,,,,11225,4490,,7448,0,,,17299,False,,/home/justin/npu-playground/runs/case-study-v2-recovered/repeat-001/20260917T000705Z/structured_ir/bd379c69ebdb4c299707240ec9175333/report.json
Terra,1,structured_ir:hip_gamma_correction:amd_xdna2_npu2,structured_ir,amd_xdna2_npu2,2,code,completed,,74.74593789400024,,,,14429,4008,,17299,0,,,19226,False,,/home/justin/npu-playground/runs/case-study-v2-recovered/repeat-001/20260917T000705Z/structured_ir/bd379c69ebdb4c299707240ec9175333/report.json
Terra,1,structured_ir:hip_gamma_correction:amd_xdna2_npu2,structured_ir,amd_xdna2_npu2,3,code,completed,,37.988966009999785,,,,15155,1947,,19226,0,,,,False,,/home/justin/npu-playground/runs/case-study-v2-recovered/repeat-001/20260917T000705Z/structured_ir/bd379c69ebdb4c299707240ec9175333/report.json
Terra,1,structured_ir:hip_gamma_correction:intel_npu_4000,structured_ir,intel_npu_4000,1,intermediate,completed,,16.628259574001277,,,,11260,690,,4760,0,,,,False,,/home/justin/npu-playground/runs/case-study-v2-recovered/repeat-001/20260917T000705Z/structured_ir/4ecd1e17f4404be299b98e5bbb58462c/report.json
Terra,1,structured_ir:hip_gamma_correction:intel_npu_4000,structured_ir,intel_npu_4000,1,code,completed,,14.85947078100071,,,,10388,623,,4701,0,,,,False,,/home/justin/npu-playground/runs/case-study-v2-recovered/repeat-001/20260917T000705Z/structured_ir/4ecd1e17f4404be299b98e5bbb58462c/report.json
Terra,1,structured_ir:hip_image_convolution:amd_xdna2_npu2,structured_ir,amd_xdna2_npu2,1,intermediate,completed,,18.941969827999856,,,,11394,868,,5079,0,,,,False,,/home/justin/npu-playground/runs/case-study-v2-recovered/repeat-001/20260917T000705Z/structured_ir/fbf05ceebfc3427ea65add06130320c2/report.json
Terra,1,structured_ir:hip_image_convolution:amd_xdna2_npu2,structured_ir,amd_xdna2_npu2,1,code,completed,,80.74719924999954,,,,11444,4314,,8143,0,,,17918,False,,/home/justin/npu-playground/runs/case-study-v2-recovered/repeat-001/20260917T000705Z/structured_ir/fbf05ceebfc3427ea65add06130320c2/report.json
Terra,1,structured_ir:hip_image_convolution:amd_xdna2_npu2,structured_ir,amd_xdna2_npu2,2,code,completed,,59.906604858999344,,,,14403,3155,,17918,0,,,,False,,/home/justin/npu-playground/runs/case-study-v2-recovered/repeat-001/20260917T000705Z/structured_ir/fbf05ceebfc3427ea65add06130320c2/report.json
Terra,1,structured_ir:hip_image_convolution:intel_npu_4000,structured_ir,intel_npu_4000,1,intermediate,completed,,14.253219102000003,,,,11394,648,,5079,0,,,,False,,/home/justin/npu-playground/runs/case-study-v2-recovered/repeat-001/20260917T000705Z/structured_ir/efe5f62d4e4442959f17de9e6493cfb1/report.json
Terra,1,structured_ir:hip_image_convolution:intel_npu_4000,structured_ir,intel_npu_4000,1,code,completed,,20.949530227999276,,,,10433,1016,,4904,0,,,,False,,/home/justin/npu-playground/runs/case-study-v2-recovered/repeat-001/20260917T000705Z/structured_ir/efe5f62d4e4442959f17de9e6493cfb1/report.json
Terra,1,structured_ir:hip_moving_average:amd_xdna2_npu2,structured_ir,amd_xdna2_npu2,1,intermediate,completed,,12.851417121999475,,,,11264,559,,4763,0,,,,False,,/home/justin/npu-playground/runs/case-study-v2-recovered/repeat-001/20260917T000705Z/structured_ir/fab8a9b6120842218d3f5e71b9f47878/report.json
Terra,1,structured_ir:hip_moving_average:amd_xdna2_npu2,structured_ir,amd_xdna2_npu2,1,code,completed,,98.28550858199924,,,,11227,5301,,7483,0,,,20653,False,,/home/justin/npu-playground/runs/case-study-v2-recovered/repeat-001/20260917T000705Z/structured_ir/fab8a9b6120842218d3f5e71b9f47878/report.json
Terra,1,structured_ir:hip_moving_average:amd_xdna2_npu2,structured_ir,amd_xdna2_npu2,2,code,completed,,78.20328464400154,,,,15737,4193,,20653,0,,,,False,,/home/justin/npu-playground/runs/case-study-v2-recovered/repeat-001/20260917T000705Z/structured_ir/fab8a9b6120842218d3f5e71b9f47878/report.json
Terra,1,structured_ir:hip_moving_average:intel_npu_4000,structured_ir,intel_npu_4000,1,intermediate,completed,,14.859946187998503,,,,11260,659,,4763,0,,,,False,,/home/justin/npu-playground/runs/case-study-v2-recovered/repeat-001/20260917T000705Z/structured_ir/d1fd7f5e3929472f8d1d681ba027421f/report.json
Terra,1,structured_ir:hip_moving_average:intel_npu_4000,structured_ir,intel_npu_4000,1,code,completed,,54.70032709099905,,,,10301,2860,,4549,0,,,10828,False,,/home/justin/npu-playground/runs/case-study-v2-recovered/repeat-001/20260917T000705Z/structured_ir/d1fd7f5e3929472f8d1d681ba027421f/report.json
Terra,1,structured_ir:hip_moving_average:intel_npu_4000,structured_ir,intel_npu_4000,2,code,completed,,23.644606510999438,,,,12025,1114,,10828,0,,,,False,,/home/justin/npu-playground/runs/case-study-v2-recovered/repeat-001/20260917T000705Z/structured_ir/d1fd7f5e3929472f8d1d681ba027421f/report.json
Terra,1,structured_ir:triton_fused_attention:amd_xdna2_npu2,structured_ir,amd_xdna2_npu2,1,intermediate,completed,,14.944256746000974,,,,11464,672,,5566,0,,,,False,,/home/justin/npu-playground/runs/case-study-v2-recovered/repeat-001/20260917T000705Z/structured_ir/ee31220a5c424782b623e4ca2c5e500e/report.json
Terra,1,structured_ir:triton_fused_attention:amd_xdna2_npu2,structured_ir,amd_xdna2_npu2,1,code,completed,,190.42177894700035,,,,11499,10384,,8478,0,,,85723,False,,/home/justin/npu-playground/runs/case-study-v2-recovered/repeat-001/20260917T000705Z/structured_ir/ee31220a5c424782b623e4ca2c5e500e/report.json
Terra,1,structured_ir:triton_fused_attention:amd_xdna2_npu2,structured_ir,amd_xdna2_npu2,2,code,completed,,128.70071282000026,,,,26335,6986,,85723,0,,,84736,False,,/home/justin/npu-playground/runs/case-study-v2-recovered/repeat-001/20260917T000705Z/structured_ir/ee31220a5c424782b623e4ca2c5e500e/report.json
Terra,1,structured_ir:triton_fused_attention:amd_xdna2_npu2,structured_ir,amd_xdna2_npu2,3,code,completed,,91.26658676700026,,,,26057,4919,,84736,0,,,85415,False,,/home/justin/npu-playground/runs/case-study-v2-recovered/repeat-001/20260917T000705Z/structured_ir/ee31220a5c424782b623e4ca2c5e500e/report.json
Terra,1,structured_ir:triton_fused_attention:amd_xdna2_npu2,structured_ir,amd_xdna2_npu2,4,code,completed,,114.10162298399882,,,,26248,6176,,85415,0,,,84327,False,,/home/justin/npu-playground/runs/case-study-v2-recovered/repeat-001/20260917T000705Z/structured_ir/ee31220a5c424782b623e4ca2c5e500e/report.json
Terra,1,structured_ir:triton_fused_attention:amd_xdna2_npu2,structured_ir,amd_xdna2_npu2,5,code,completed,,86.9011059429995,,,,25944,4682,,84327,0,,,85757,False,,/home/justin/npu-playground/runs/case-study-v2-recovered/repeat-001/20260917T000705Z/structured_ir/ee31220a5c424782b623e4ca2c5e500e/report.json
Terra,1,structured_ir:triton_fused_attention:amd_xdna2_npu2,structured_ir,amd_xdna2_npu2,6,code,completed,,96.18471136299922,,,,26333,5193,,85757,0,,,20828,False,,/home/justin/npu-playground/runs/case-study-v2-recovered/repeat-001/20260917T000705Z/structured_ir/ee31220a5c424782b623e4ca2c5e500e/report.json
Terra,1,structured_ir:triton_fused_attention:amd_xdna2_npu2,structured_ir,amd_xdna2_npu2,7,code,completed,,60.75189427300029,,,,15355,3201,,20828,0,,,85684,False,,/home/justin/npu-playground/runs/case-study-v2-recovered/repeat-001/20260917T000705Z/structured_ir/ee31220a5c424782b623e4ca2c5e500e/report.json
Terra,1,structured_ir:triton_fused_attention:amd_xdna2_npu2,structured_ir,amd_xdna2_npu2,8,code,completed,,125.01283813400005,,,,26303,6795,,85684,0,,,21082,False,,/home/justin/npu-playground/runs/case-study-v2-recovered/repeat-001/20260917T000705Z/structured_ir/ee31220a5c424782b623e4ca2c5e500e/report.json
Terra,1,structured_ir:triton_fused_attention:amd_xdna2_npu2,structured_ir,amd_xdna2_npu2,9,code,completed,,133.21530120399984,,,,15522,7261,,21082,0,,,85044,False,,/home/justin/npu-playground/runs/case-study-v2-recovered/repeat-001/20260917T000705Z/structured_ir/ee31220a5c424782b623e4ca2c5e500e/report.json
Terra,1,structured_ir:triton_fused_attention:amd_xdna2_npu2,structured_ir,amd_xdna2_npu2,10,code,completed,,81.37095904099988,,,,26120,4378,,85044,0,,,,False,,/home/justin/npu-playground/runs/case-study-v2-recovered/repeat-001/20260917T000705Z/structured_ir/ee31220a5c424782b623e4ca2c5e500e/report.json
Terra,1,structured_ir:triton_fused_attention:intel_npu_4000,structured_ir,intel_npu_4000,1,intermediate,completed,,20.482981639001082,,,,11462,994,,5566,0,,,,False,,/home/justin/npu-playground/runs/case-study-v2-recovered/repeat-001/20260917T000705Z/structured_ir/ff2a5f409b0441e48b81891e8334c046/report.json
Terra,1,structured_ir:triton_fused_attention:intel_npu_4000,structured_ir,intel_npu_4000,1,code,completed,,54.67601105100039,,,,10613,2762,,5634,0,,,12562,False,,/home/justin/npu-playground/runs/case-study-v2-recovered/repeat-001/20260917T000705Z/structured_ir/ff2a5f409b0441e48b81891e8334c046/report.json
Terra,1,structured_ir:triton_fused_attention:intel_npu_4000,structured_ir,intel_npu_4000,2,code,completed,,17.13911732899942,,,,12431,780,,12562,0,,,,False,,/home/justin/npu-playground/runs/case-study-v2-recovered/repeat-001/20260917T000705Z/structured_ir/ff2a5f409b0441e48b81891e8334c046/report.json
Terra,1,structured_ir:triton_fused_softmax:amd_xdna2_npu2,structured_ir,amd_xdna2_npu2,1,intermediate,completed,,14.927761511000426,,,,11240,670,,4808,0,,,,False,,/home/justin/npu-playground/runs/case-study-v2-recovered/repeat-001/20260917T000705Z/structured_ir/d383a40873e544d28f8090caa59a78db/report.json
Terra,1,structured_ir:triton_fused_softmax:amd_xdna2_npu2,structured_ir,amd_xdna2_npu2,1,code,completed,,153.7553514809988,,,,11136,8316,,7342,0,,,18998,False,,/home/justin/npu-playground/runs/case-study-v2-recovered/repeat-001/20260917T000705Z/structured_ir/d383a40873e544d28f8090caa59a78db/report.json
Terra,1,structured_ir:triton_fused_softmax:amd_xdna2_npu2,structured_ir,amd_xdna2_npu2,2,code,completed,,108.84602825500042,,,,15072,5886,,18998,0,,,,False,,/home/justin/npu-playground/runs/case-study-v2-recovered/repeat-001/20260917T000705Z/structured_ir/d383a40873e544d28f8090caa59a78db/report.json
Terra,1,structured_ir:triton_fused_softmax:intel_npu_4000,structured_ir,intel_npu_4000,1,intermediate,completed,,18.336584111000775,,,,11240,794,,4808,0,,,,False,,/home/justin/npu-playground/runs/case-study-v2-recovered/repeat-001/20260917T000705Z/structured_ir/080ec886ba9549b19f389904913759f1/report.json
Terra,1,structured_ir:triton_fused_softmax:intel_npu_4000,structured_ir,intel_npu_4000,1,code,completed,,15.94181014700007,,,,10195,731,,4181,0,,,,False,,/home/justin/npu-playground/runs/case-study-v2-recovered/repeat-001/20260917T000705Z/structured_ir/080ec886ba9549b19f389904913759f1/report.json
Terra,1,structured_ir:triton_layer_norm:amd_xdna2_npu2,structured_ir,amd_xdna2_npu2,1,intermediate,completed,,35.675040553000144,,,,11426,1811,,5388,0,,,14183,False,,/home/justin/npu-playground/runs/case-study-v2-recovered/repeat-001/20260917T000705Z/structured_ir/d1fe26c9301b4b4ebbce55a0dd4897e3/report.json
Terra,1,structured_ir:triton_layer_norm:amd_xdna2_npu2,structured_ir,amd_xdna2_npu2,2,intermediate,completed,,33.77873331500086,,,,13522,1696,,14183,0,,,,False,,/home/justin/npu-playground/runs/case-study-v2-recovered/repeat-001/20260917T000705Z/structured_ir/d1fe26c9301b4b4ebbce55a0dd4897e3/report.json
Terra,1,structured_ir:triton_layer_norm:amd_xdna2_npu2,structured_ir,amd_xdna2_npu2,2,code,completed,,153.99937565800064,,,,15106,8348,,23330,0,,,32918,False,,/home/justin/npu-playground/runs/case-study-v2-recovered/repeat-001/20260917T000705Z/structured_ir/d1fe26c9301b4b4ebbce55a0dd4897e3/report.json
Terra,1,structured_ir:triton_layer_norm:amd_xdna2_npu2,structured_ir,amd_xdna2_npu2,3,code,completed,,63.418844407000506,,,,18171,3385,,32918,0,,,31647,False,,/home/justin/npu-playground/runs/case-study-v2-recovered/repeat-001/20260917T000705Z/structured_ir/d1fe26c9301b4b4ebbce55a0dd4897e3/report.json
Terra,1,structured_ir:triton_layer_norm:amd_xdna2_npu2,structured_ir,amd_xdna2_npu2,4,code,completed,,80.17963010600033,,,,17863,4312,,31647,0,,,,False,,/home/justin/npu-playground/runs/case-study-v2-recovered/repeat-001/20260917T000705Z/structured_ir/d1fe26c9301b4b4ebbce55a0dd4897e3/report.json
Terra,1,structured_ir:triton_layer_norm:intel_npu_4000,structured_ir,intel_npu_4000,1,intermediate,completed,,46.45248262699897,,,,11426,2373,,5388,0,,,,False,,/home/justin/npu-playground/runs/case-study-v2-recovered/repeat-001/20260917T000705Z/structured_ir/903952e0a2fd4a938b51a2d2595613b4/report.json
Terra,1,structured_ir:triton_layer_norm:intel_npu_4000,structured_ir,intel_npu_4000,1,code,completed,,26.51504619700063,,,,12126,1316,,11797,0,,,,False,,/home/justin/npu-playground/runs/case-study-v2-recovered/repeat-001/20260917T000705Z/structured_ir/903952e0a2fd4a938b51a2d2595613b4/report.json
Terra,1,structured_ir_no_reuse:cuda_reduce_sum:amd_xdna2_npu2,structured_ir_no_reuse,amd_xdna2_npu2,1,intermediate,completed,,19.14020125299976,,,,11315,820,,4931,0,,,15344,False,,/home/justin/npu-playground/runs/case-study-v2-recovered/repeat-001/20260917T000705Z/structured_ir_no_reuse/5ac71e34acf94bf9b6c17ad817decc4b/report.json
Terra,1,structured_ir_no_reuse:cuda_reduce_sum:amd_xdna2_npu2,structured_ir_no_reuse,amd_xdna2_npu2,1,code,completed,,77.06835097299881,,,,11163,4141,,7348,0,,,17757,False,,/home/justin/npu-playground/runs/case-study-v2-recovered/repeat-001/20260917T000705Z/structured_ir_no_reuse/5ac71e34acf94bf9b6c17ad817decc4b/report.json
Terra,1,structured_ir_no_reuse:cuda_reduce_sum:amd_xdna2_npu2,structured_ir_no_reuse,amd_xdna2_npu2,2,intermediate,completed,,16.617360750000444,,,,14491,670,,15344,0,,,11937,False,,/home/justin/npu-playground/runs/case-study-v2-recovered/repeat-001/20260917T000705Z/structured_ir_no_reuse/5ac71e34acf94bf9b6c17ad817decc4b/report.json
Terra,1,structured_ir_no_reuse:cuda_reduce_sum:amd_xdna2_npu2,structured_ir_no_reuse,amd_xdna2_npu2,2,code,completed,,40.285155871000825,,,,14340,2067,,17757,0,,,14350,False,,/home/justin/npu-playground/runs/case-study-v2-recovered/repeat-001/20260917T000705Z/structured_ir_no_reuse/5ac71e34acf94bf9b6c17ad817decc4b/report.json
Terra,1,structured_ir_no_reuse:cuda_reduce_sum:amd_xdna2_npu2,structured_ir_no_reuse,amd_xdna2_npu2,3,intermediate,completed,,12.389373190000697,,,,13357,529,,11937,0,,,,False,,/home/justin/npu-playground/runs/case-study-v2-recovered/repeat-001/20260917T000705Z/structured_ir_no_reuse/5ac71e34acf94bf9b6c17ad817decc4b/report.json
Terra,1,structured_ir_no_reuse:cuda_reduce_sum:amd_xdna2_npu2,structured_ir_no_reuse,amd_xdna2_npu2,3,code,completed,,51.449332612000944,,,,13212,2638,,14350,0,,,,False,,/home/justin/npu-playground/runs/case-study-v2-recovered/repeat-001/20260917T000705Z/structured_ir_no_reuse/5ac71e34acf94bf9b6c17ad817decc4b/report.json
Terra,1,structured_ir_no_reuse:cuda_reduce_sum:intel_npu_4000,structured_ir_no_reuse,intel_npu_4000,1,intermediate,completed,,15.755757764000009,,,,11315,724,,4931,0,,,,False,,/home/justin/npu-playground/runs/case-study-v2-recovered/repeat-001/20260917T000705Z/structured_ir_no_reuse/70782cc96bd8467594da6510aab250f9/report.json
Terra,1,structured_ir_no_reuse:cuda_reduce_sum:intel_npu_4000,structured_ir_no_reuse,intel_npu_4000,1,code,completed,,14.143606116998853,,,,10240,617,,4400,0,,,,False,,/home/justin/npu-playground/runs/case-study-v2-recovered/repeat-001/20260917T000705Z/structured_ir_no_reuse/70782cc96bd8467594da6510aab250f9/report.json
Terra,1,structured_ir_no_reuse:cuda_tiled_matmul:amd_xdna2_npu2,structured_ir_no_reuse,amd_xdna2_npu2,1,intermediate,completed,,15.912184446999163,,,,11411,655,,5198,0,,,47931,False,,/home/justin/npu-playground/runs/case-study-v2-recovered/repeat-001/20260917T000705Z/structured_ir_no_reuse/9bc2c699588240c4a073306e3673cd1d/report.json
Terra,1,structured_ir_no_reuse:cuda_tiled_matmul:amd_xdna2_npu2,structured_ir_no_reuse,amd_xdna2_npu2,1,code,completed,,74.52255155899911,,,,11335,4005,,7860,0,,,50593,False,,/home/justin/npu-playground/runs/case-study-v2-recovered/repeat-001/20260917T000705Z/structured_ir_no_reuse/9bc2c699588240c4a073306e3673cd1d/report.json
Terra,1,structured_ir_no_reuse:cuda_tiled_matmul:amd_xdna2_npu2,structured_ir_no_reuse,amd_xdna2_npu2,2,intermediate,completed,,15.097368225000537,,,,19664,655,,47931,0,,,18134,False,,/home/justin/npu-playground/runs/case-study-v2-recovered/repeat-001/20260917T000705Z/structured_ir_no_reuse/9bc2c699588240c4a073306e3673cd1d/report.json
Terra,1,structured_ir_no_reuse:cuda_tiled_matmul:amd_xdna2_npu2,structured_ir_no_reuse,amd_xdna2_npu2,2,code,completed,,141.8056964919997,,,,19586,7712,,50593,0,,,20781,False,,/home/justin/npu-playground/runs/case-study-v2-recovered/repeat-001/20260917T000705Z/structured_ir_no_reuse/9bc2c699588240c4a073306e3673cd1d/report.json
Terra,1,structured_ir_no_reuse:cuda_tiled_matmul:amd_xdna2_npu2,structured_ir_no_reuse,amd_xdna2_npu2,3,intermediate,completed,,12.551457257000948,,,,15939,529,,18134,0,,,47847,False,,/home/justin/npu-playground/runs/case-study-v2-recovered/repeat-001/20260917T000705Z/structured_ir_no_reuse/9bc2c699588240c4a073306e3673cd1d/report.json
Terra,1,structured_ir_no_reuse:cuda_tiled_matmul:amd_xdna2_npu2,structured_ir_no_reuse,amd_xdna2_npu2,3,code,completed,,57.113047343998915,,,,15862,3014,,20781,0,,,50476,False,,/home/justin/npu-playground/runs/case-study-v2-recovered/repeat-001/20260917T000705Z/structured_ir_no_reuse/9bc2c699588240c4a073306e3673cd1d/report.json
Terra,1,structured_ir_no_reuse:cuda_tiled_matmul:amd_xdna2_npu2,structured_ir_no_reuse,amd_xdna2_npu2,4,intermediate,completed,,16.26343421599995,,,,19639,693,,47847,0,,,16835,False,,/home/justin/npu-playground/runs/case-study-v2-recovered/repeat-001/20260917T000705Z/structured_ir_no_reuse/9bc2c699588240c4a073306e3673cd1d/report.json
Terra,1,structured_ir_no_reuse:cuda_tiled_matmul:amd_xdna2_npu2,structured_ir_no_reuse,amd_xdna2_npu2,4,code,completed,,121.39499570299995,,,,19566,6584,,50476,0,,,19464,False,,/home/justin/npu-playground/runs/case-study-v2-recovered/repeat-001/20260917T000705Z/structured_ir_no_reuse/9bc2c699588240c4a073306e3673cd1d/report.json
Terra,1,structured_ir_no_reuse:cuda_tiled_matmul:amd_xdna2_npu2,structured_ir_no_reuse,amd_xdna2_npu2,5,intermediate,completed,,13.988953506001053,,,,15356,552,,16835,0,,,47814,False,,/home/justin/npu-playground/runs/case-study-v2-recovered/repeat-001/20260917T000705Z/structured_ir_no_reuse/9bc2c699588240c4a073306e3673cd1d/report.json
Terra,1,structured_ir_no_reuse:cuda_tiled_matmul:amd_xdna2_npu2,structured_ir_no_reuse,amd_xdna2_npu2,5,code,completed,,62.93245926000054,,,,15275,3340,,19464,0,,,50457,False,,/home/justin/npu-playground/runs/case-study-v2-recovered/repeat-001/20260917T000705Z/structured_ir_no_reuse/9bc2c699588240c4a073306e3673cd1d/report.json
Terra,1,structured_ir_no_reuse:cuda_tiled_matmul:amd_xdna2_npu2,structured_ir_no_reuse,amd_xdna2_npu2,6,intermediate,completed,,13.151091570000062,,,,19638,567,,47814,0,,,47883,False,,/home/justin/npu-playground/runs/case-study-v2-recovered/repeat-001/20260917T000705Z/structured_ir_no_reuse/9bc2c699588240c4a073306e3673cd1d/report.json
Terra,1,structured_ir_no_reuse:cuda_tiled_matmul:amd_xdna2_npu2,structured_ir_no_reuse,amd_xdna2_npu2,6,code,completed,,110.41717527100081,,,,19551,5964,,50457,0,,,50483,False,,/home/justin/npu-playground/runs/case-study-v2-recovered/repeat-001/20260917T000705Z/structured_ir_no_reuse/9bc2c699588240c4a073306e3673cd1d/report.json
Terra,1,structured_ir_no_reuse:cuda_tiled_matmul:amd_xdna2_npu2,structured_ir_no_reuse,amd_xdna2_npu2,7,intermediate,completed,,14.78196599599869,,,,19645,672,,47883,0,,,47626,False,,/home/justin/npu-playground/runs/case-study-v2-recovered/repeat-001/20260917T000705Z/structured_ir_no_reuse/9bc2c699588240c4a073306e3673cd1d/report.json
Terra,1,structured_ir_no_reuse:cuda_tiled_matmul:amd_xdna2_npu2,structured_ir_no_reuse,amd_xdna2_npu2,7,code,completed,,95.81949011399956,,,,19561,5182,,50483,0,,,50237,False,,/home/justin/npu-playground/runs/case-study-v2-recovered/repeat-001/20260917T000705Z/structured_ir_no_reuse/9bc2c699588240c4a073306e3673cd1d/report.json
Terra,1,structured_ir_no_reuse:cuda_tiled_matmul:amd_xdna2_npu2,structured_ir_no_reuse,amd_xdna2_npu2,8,intermediate,completed,,12.799260555999354,,,,19581,549,,47626,0,,,18202,False,,/home/justin/npu-playground/runs/case-study-v2-recovered/repeat-001/20260917T000705Z/structured_ir_no_reuse/9bc2c699588240c4a073306e3673cd1d/report.json
Terra,1,structured_ir_no_reuse:cuda_tiled_matmul:amd_xdna2_npu2,structured_ir_no_reuse,amd_xdna2_npu2,8,code,completed,,159.0238408109999,,,,19489,8685,,50237,0,,,20813,False,,/home/justin/npu-playground/runs/case-study-v2-recovered/repeat-001/20260917T000705Z/structured_ir_no_reuse/9bc2c699588240c4a073306e3673cd1d/report.json
Terra,1,structured_ir_no_reuse:cuda_tiled_matmul:amd_xdna2_npu2,structured_ir_no_reuse,amd_xdna2_npu2,9,intermediate,completed,,14.067800774000716,,,,15983,575,,18202,0,,,12617,False,,/home/justin/npu-playground/runs/case-study-v2-recovered/repeat-001/20260917T000705Z/structured_ir_no_reuse/9bc2c699588240c4a073306e3673cd1d/report.json
Terra,1,structured_ir_no_reuse:cuda_tiled_matmul:amd_xdna2_npu2,structured_ir_no_reuse,amd_xdna2_npu2,9,code,completed,,105.13280245699934,,,,15891,5701,,20813,0,,,15228,False,,/home/justin/npu-playground/runs/case-study-v2-recovered/repeat-001/20260917T000705Z/structured_ir_no_reuse/9bc2c699588240c4a073306e3673cd1d/report.json
Terra,1,structured_ir_no_reuse:cuda_tiled_matmul:amd_xdna2_npu2,structured_ir_no_reuse,amd_xdna2_npu2,10,intermediate,completed,,12.50588323699958,,,,13760,509,,12617,0,,,,False,,/home/justin/npu-playground/runs/case-study-v2-recovered/repeat-001/20260917T000705Z/structured_ir_no_reuse/9bc2c699588240c4a073306e3673cd1d/report.json
Terra,1,structured_ir_no_reuse:cuda_tiled_matmul:amd_xdna2_npu2,structured_ir_no_reuse,amd_xdna2_npu2,10,code,completed,,37.774073654998574,,,,13670,1950,,15228,0,,,,False,,/home/justin/npu-playground/runs/case-study-v2-recovered/repeat-001/20260917T000705Z/structured_ir_no_reuse/9bc2c699588240c4a073306e3673cd1d/report.json
Terra,1,structured_ir_no_reuse:cuda_tiled_matmul:intel_npu_4000,structured_ir_no_reuse,intel_npu_4000,1,intermediate,completed,,11.399171849001505,,,,11409,476,,5198,0,,,,False,,/home/justin/npu-playground/runs/case-study-v2-recovered/repeat-001/20260917T000705Z/structured_ir_no_reuse/2f79260d745546d682ca4f770991e3bc/report.json
Terra,1,structured_ir_no_reuse:cuda_tiled_matmul:intel_npu_4000,structured_ir_no_reuse,intel_npu_4000,1,code,completed,,10.695224016999418,,,,10283,446,,4491,0,,,,False,,/home/justin/npu-playground/runs/case-study-v2-recovered/repeat-001/20260917T000705Z/structured_ir_no_reuse/2f79260d745546d682ca4f770991e3bc/report.json
Terra,1,structured_ir_no_reuse:cuda_tiled_transpose:amd_xdna2_npu2,structured_ir_no_reuse,amd_xdna2_npu2,1,intermediate,completed,,11.468388375000359,,,,11272,454,,4728,0,,,15565,False,,/home/justin/npu-playground/runs/case-study-v2-recovered/repeat-001/20260917T000705Z/structured_ir_no_reuse/c3382bbf84084640b5b30df7b63b00d5/report.json
Terra,1,structured_ir_no_reuse:cuda_tiled_transpose:amd_xdna2_npu2,structured_ir_no_reuse,amd_xdna2_npu2,1,code,completed,,87.52840537599877,,,,11128,4731,,7134,0,,,17971,False,,/home/justin/npu-playground/runs/case-study-v2-recovered/repeat-001/20260917T000705Z/structured_ir_no_reuse/c3382bbf84084640b5b30df7b63b00d5/report.json
Terra,1,structured_ir_no_reuse:cuda_tiled_transpose:amd_xdna2_npu2,structured_ir_no_reuse,amd_xdna2_npu2,2,intermediate,completed,,11.07792205899932,,,,14932,445,,15565,0,,,44496,False,,/home/justin/npu-playground/runs/case-study-v2-recovered/repeat-001/20260917T000705Z/structured_ir_no_reuse/c3382bbf84084640b5b30df7b63b00d5/report.json
Terra,1,structured_ir_no_reuse:cuda_tiled_transpose:amd_xdna2_npu2,structured_ir_no_reuse,amd_xdna2_npu2,2,code,completed,,77.80114716799835,,,,14792,4155,,17971,0,,,46902,False,,/home/justin/npu-playground/runs/case-study-v2-recovered/repeat-001/20260917T000705Z/structured_ir_no_reuse/c3382bbf84084640b5b30df7b63b00d5/report.json
Terra,1,structured_ir_no_reuse:cuda_tiled_transpose:amd_xdna2_npu2,structured_ir_no_reuse,amd_xdna2_npu2,3,intermediate,completed,,13.187488061001204,,,,19373,456,,44496,0,,,,False,,/home/justin/npu-playground/runs/case-study-v2-recovered/repeat-001/20260917T000705Z/structured_ir_no_reuse/c3382bbf84084640b5b30df7b63b00d5/report.json
Terra,1,structured_ir_no_reuse:cuda_tiled_transpose:amd_xdna2_npu2,structured_ir_no_reuse,amd_xdna2_npu2,3,code,completed,,54.340630044000136,,,,19235,2850,,46902,0,,,,False,,/home/justin/npu-playground/runs/case-study-v2-recovered/repeat-001/20260917T000705Z/structured_ir_no_reuse/c3382bbf84084640b5b30df7b63b00d5/report.json
Terra,1,structured_ir_no_reuse:cuda_tiled_transpose:intel_npu_4000,structured_ir_no_reuse,intel_npu_4000,1,intermediate,completed,,9.404925255999842,,,,11266,352,,4728,0,,,,False,,/home/justin/npu-playground/runs/case-study-v2-recovered/repeat-001/20260917T000705Z/structured_ir_no_reuse/c0f2405b702c4f6a947b128e8e20478c/report.json
Terra,1,structured_ir_no_reuse:cuda_tiled_transpose:intel_npu_4000,structured_ir_no_reuse,intel_npu_4000,1,code,completed,,14.642098906999308,,,,10117,622,,3904,0,,,,False,,/home/justin/npu-playground/runs/case-study-v2-recovered/repeat-001/20260917T000705Z/structured_ir_no_reuse/c0f2405b702c4f6a947b128e8e20478c/report.json
Terra,1,structured_ir_no_reuse:cuda_vector_add:amd_xdna2_npu2,structured_ir_no_reuse,amd_xdna2_npu2,1,intermediate,completed,,12.683491404999586,,,,11244,532,,4670,0,,,,False,,/home/justin/npu-playground/runs/case-study-v2-recovered/repeat-001/20260917T000705Z/structured_ir_no_reuse/4758b8ccea4c428485c053f9b2b308c8/report.json
Terra,1,structured_ir_no_reuse:cuda_vector_add:amd_xdna2_npu2,structured_ir_no_reuse,amd_xdna2_npu2,1,code,completed,,53.63706482199996,,,,11278,2831,,7562,0,,,,False,,/home/justin/npu-playground/runs/case-study-v2-recovered/repeat-001/20260917T000705Z/structured_ir_no_reuse/4758b8ccea4c428485c053f9b2b308c8/report.json
Terra,1,structured_ir_no_reuse:cuda_vector_add:intel_npu_4000,structured_ir_no_reuse,intel_npu_4000,1,intermediate,completed,,12.928831000999708,,,,11244,562,,4670,0,,,,False,,/home/justin/npu-playground/runs/case-study-v2-recovered/repeat-001/20260917T000705Z/structured_ir_no_reuse/6414b82f7e694b648ecc104152e15c7b/report.json
Terra,1,structured_ir_no_reuse:cuda_vector_add:intel_npu_4000,structured_ir_no_reuse,intel_npu_4000,1,code,completed,,13.658184754000104,,,,10329,572,,4505,0,,,,False,,/home/justin/npu-playground/runs/case-study-v2-recovered/repeat-001/20260917T000705Z/structured_ir_no_reuse/6414b82f7e694b648ecc104152e15c7b/report.json
Terra,1,structured_ir_no_reuse:hip_gamma_correction:amd_xdna2_npu2,structured_ir_no_reuse,amd_xdna2_npu2,1,intermediate,completed,,13.625179880998985,,,,11264,552,,4760,0,,,,False,,/home/justin/npu-playground/runs/case-study-v2-recovered/repeat-001/20260917T000705Z/structured_ir_no_reuse/996ffd1986834eca965df4a287e4e9ba/report.json
Terra,1,structured_ir_no_reuse:hip_gamma_correction:amd_xdna2_npu2,structured_ir_no_reuse,amd_xdna2_npu2,1,code,completed,,67.44974363300025,,,,11292,3575,,7646,0,,,,False,,/home/justin/npu-playground/runs/case-study-v2-recovered/repeat-001/20260917T000705Z/structured_ir_no_reuse/996ffd1986834eca965df4a287e4e9ba/report.json
Terra,1,structured_ir_no_reuse:hip_gamma_correction:intel_npu_4000,structured_ir_no_reuse,intel_npu_4000,1,intermediate,completed,,14.504905579999104,,,,11260,622,,4760,0,,,,False,,/home/justin/npu-playground/runs/case-study-v2-recovered/repeat-001/20260917T000705Z/structured_ir_no_reuse/d5b468a72fd54a639430916585cf5877/report.json
Terra,1,structured_ir_no_reuse:hip_gamma_correction:intel_npu_4000,structured_ir_no_reuse,intel_npu_4000,1,code,completed,,19.547847175001152,,,,10350,918,,4586,0,,,,False,,/home/justin/npu-playground/runs/case-study-v2-recovered/repeat-001/20260917T000705Z/structured_ir_no_reuse/d5b468a72fd54a639430916585cf5877/report.json
Terra,1,structured_ir_no_reuse:hip_image_convolution:amd_xdna2_npu2,structured_ir_no_reuse,amd_xdna2_npu2,1,intermediate,completed,,18.700806015000126,,,,11396,893,,5079,0,,,13653,False,,/home/justin/npu-playground/runs/case-study-v2-recovered/repeat-001/20260917T000705Z/structured_ir_no_reuse/e13be327948b437e9f04b671916d2d9e/report.json
Terra,1,structured_ir_no_reuse:hip_image_convolution:amd_xdna2_npu2,structured_ir_no_reuse,amd_xdna2_npu2,1,code,completed,,80.75227577500118,,,,11411,4312,,8066,0,,,16640,False,,/home/justin/npu-playground/runs/case-study-v2-recovered/repeat-001/20260917T000705Z/structured_ir_no_reuse/e13be327948b437e9f04b671916d2d9e/report.json
Terra,1,structured_ir_no_reuse:hip_image_convolution:amd_xdna2_npu2,structured_ir_no_reuse,amd_xdna2_npu2,2,intermediate,completed,,14.261562378000235,,,,14004,624,,13653,0,,,,False,,/home/justin/npu-playground/runs/case-study-v2-recovered/repeat-001/20260917T000705Z/structured_ir_no_reuse/e13be327948b437e9f04b671916d2d9e/report.json
Terra,1,structured_ir_no_reuse:hip_image_convolution:amd_xdna2_npu2,structured_ir_no_reuse,amd_xdna2_npu2,2,code,completed,,53.7758687580008,,,,14021,2744,,16640,0,,,,False,,/home/justin/npu-playground/runs/case-study-v2-recovered/repeat-001/20260917T000705Z/structured_ir_no_reuse/e13be327948b437e9f04b671916d2d9e/report.json
Terra,1,structured_ir_no_reuse:hip_image_convolution:intel_npu_4000,structured_ir_no_reuse,intel_npu_4000,1,intermediate,completed,,19.458026481999696,,,,11396,877,,5079,0,,,,False,,/home/justin/npu-playground/runs/case-study-v2-recovered/repeat-001/20260917T000705Z/structured_ir_no_reuse/133c03f1a0904566a990a2d097b2f63f/report.json
Terra,1,structured_ir_no_reuse:hip_image_convolution:intel_npu_4000,structured_ir_no_reuse,intel_npu_4000,1,code,completed,,26.443737872999918,,,,10405,1289,,4818,0,,,,False,,/home/justin/npu-playground/runs/case-study-v2-recovered/repeat-001/20260917T000705Z/structured_ir_no_reuse/133c03f1a0904566a990a2d097b2f63f/report.json
Terra,1,structured_ir_no_reuse:hip_moving_average:amd_xdna2_npu2,structured_ir_no_reuse,amd_xdna2_npu2,1,intermediate,completed,,18.27688472599948,,,,11264,732,,4763,0,,,12056,False,,/home/justin/npu-playground/runs/case-study-v2-recovered/repeat-001/20260917T000705Z/structured_ir_no_reuse/e29dea3b635c4251992c108b97c6ddd1/report.json
Terra,1,structured_ir_no_reuse:hip_moving_average:amd_xdna2_npu2,structured_ir_no_reuse,amd_xdna2_npu2,1,code,completed,,63.26697373599927,,,,11234,3358,,7487,0,,,14932,False,,/home/justin/npu-playground/runs/case-study-v2-recovered/repeat-001/20260917T000705Z/structured_ir_no_reuse/e29dea3b635c4251992c108b97c6ddd1/report.json
Terra,1,structured_ir_no_reuse:hip_moving_average:amd_xdna2_npu2,structured_ir_no_reuse,amd_xdna2_npu2,2,intermediate,completed,,15.469197377000455,,,,13449,656,,12056,0,,,12982,False,,/home/justin/npu-playground/runs/case-study-v2-recovered/repeat-001/20260917T000705Z/structured_ir_no_reuse/e29dea3b635c4251992c108b97c6ddd1/report.json
Terra,1,structured_ir_no_reuse:hip_moving_average:amd_xdna2_npu2,structured_ir_no_reuse,amd_xdna2_npu2,2,code,completed,,39.832175408000694,,,,13447,2062,,14932,0,,,15858,False,,/home/justin/npu-playground/runs/case-study-v2-recovered/repeat-001/20260917T000705Z/structured_ir_no_reuse/e29dea3b635c4251992c108b97c6ddd1/report.json
Terra,1,structured_ir_no_reuse:hip_moving_average:amd_xdna2_npu2,structured_ir_no_reuse,amd_xdna2_npu2,3,intermediate,completed,,11.532004447000872,,,,13632,496,,12982,0,,,20076,False,,/home/justin/npu-playground/runs/case-study-v2-recovered/repeat-001/20260917T000705Z/structured_ir_no_reuse/e29dea3b635c4251992c108b97c6ddd1/report.json
Terra,1,structured_ir_no_reuse:hip_moving_average:amd_xdna2_npu2,structured_ir_no_reuse,amd_xdna2_npu2,3,code,completed,,116.22423600799993,,,,13632,6293,,15858,0,,,22952,False,,/home/justin/npu-playground/runs/case-study-v2-recovered/repeat-001/20260917T000705Z/structured_ir_no_reuse/e29dea3b635c4251992c108b97c6ddd1/report.json
Terra,1,structured_ir_no_reuse:hip_moving_average:amd_xdna2_npu2,structured_ir_no_reuse,amd_xdna2_npu2,4,intermediate,completed,,15.021430868000607,,,,16846,683,,20076,0,,,,False,,/home/justin/npu-playground/runs/case-study-v2-recovered/repeat-001/20260917T000705Z/structured_ir_no_reuse/e29dea3b635c4251992c108b97c6ddd1/report.json
Terra,1,structured_ir_no_reuse:hip_moving_average:amd_xdna2_npu2,structured_ir_no_reuse,amd_xdna2_npu2,4,code,completed,,50.90051589399991,,,,16844,2594,,22952,0,,,,False,,/home/justin/npu-playground/runs/case-study-v2-recovered/repeat-001/20260917T000705Z/structured_ir_no_reuse/e29dea3b635c4251992c108b97c6ddd1/report.json
Terra,1,structured_ir_no_reuse:hip_moving_average:intel_npu_4000,structured_ir_no_reuse,intel_npu_4000,1,intermediate,completed,,14.007891461000327,,,,11258,619,,4763,0,,,,False,,/home/justin/npu-playground/runs/case-study-v2-recovered/repeat-001/20260917T000705Z/structured_ir_no_reuse/35a344b6ec314e80b1327ff9664a8eca/report.json
Terra,1,structured_ir_no_reuse:hip_moving_average:intel_npu_4000,structured_ir_no_reuse,intel_npu_4000,1,code,completed,,38.45126130100107,,,,10311,1982,,4585,0,,,,False,,/home/justin/npu-playground/runs/case-study-v2-recovered/repeat-001/20260917T000705Z/structured_ir_no_reuse/35a344b6ec314e80b1327ff9664a8eca/report.json
Terra,1,structured_ir_no_reuse:triton_fused_attention:amd_xdna2_npu2,structured_ir_no_reuse,amd_xdna2_npu2,1,intermediate,completed,,20.072009632000118,,,,11462,932,,5566,0,,,18774,False,,/home/justin/npu-playground/runs/case-study-v2-recovered/repeat-001/20260917T000705Z/structured_ir_no_reuse/2b0e73640fbd477ab064d3ec44deb478/report.json
Terra,1,structured_ir_no_reuse:triton_fused_attention:amd_xdna2_npu2,structured_ir_no_reuse,amd_xdna2_npu2,1,code,completed,,109.46068566400027,,,,11473,5919,,8389,0,,,21597,False,,/home/justin/npu-playground/runs/case-study-v2-recovered/repeat-001/20260917T000705Z/structured_ir_no_reuse/2b0e73640fbd477ab064d3ec44deb478/report.json
Terra,1,structured_ir_no_reuse:triton_fused_attention:amd_xdna2_npu2,structured_ir_no_reuse,amd_xdna2_npu2,2,intermediate,completed,,14.304370448000554,,,,15533,636,,18774,0,,,82816,False,,/home/justin/npu-playground/runs/case-study-v2-recovered/repeat-001/20260917T000705Z/structured_ir_no_reuse/2b0e73640fbd477ab064d3ec44deb478/report.json
Terra,1,structured_ir_no_reuse:triton_fused_attention:amd_xdna2_npu2,structured_ir_no_reuse,amd_xdna2_npu2,2,code,completed,,82.28692641699854,,,,15548,4417,,21597,0,,,85639,False,,/home/justin/npu-playground/runs/case-study-v2-recovered/repeat-001/20260917T000705Z/structured_ir_no_reuse/2b0e73640fbd477ab064d3ec44deb478/report.json
Terra,1,structured_ir_no_reuse:triton_fused_attention:amd_xdna2_npu2,structured_ir_no_reuse,amd_xdna2_npu2,3,intermediate,completed,,15.456577606999417,,,,26306,658,,82816,0,,,80990,False,,/home/justin/npu-playground/runs/case-study-v2-recovered/repeat-001/20260917T000705Z/structured_ir_no_reuse/2b0e73640fbd477ab064d3ec44deb478/report.json
Terra,1,structured_ir_no_reuse:triton_fused_attention:amd_xdna2_npu2,structured_ir_no_reuse,amd_xdna2_npu2,3,code,completed,,99.51203170400004,,,,26317,5309,,85639,0,,,90617,False,,/home/justin/npu-playground/runs/case-study-v2-recovered/repeat-001/20260917T000705Z/structured_ir_no_reuse/2b0e73640fbd477ab064d3ec44deb478/report.json
Terra,1,structured_ir_no_reuse:triton_fused_attention:amd_xdna2_npu2,structured_ir_no_reuse,amd_xdna2_npu2,4,intermediate,completed,,57.675446243001716,,,,25745,3023,,80990,0,,,89623,False,,/home/justin/npu-playground/runs/case-study-v2-recovered/repeat-001/20260917T000705Z/structured_ir_no_reuse/2b0e73640fbd477ab064d3ec44deb478/report.json
Terra,1,structured_ir_no_reuse:triton_fused_attention:amd_xdna2_npu2,structured_ir_no_reuse,amd_xdna2_npu2,4,code,completed,,100.05475067800035,,,,27487,5330,,90617,0,,,99250,False,,/home/justin/npu-playground/runs/case-study-v2-recovered/repeat-001/20260917T000705Z/structured_ir_no_reuse/2b0e73640fbd477ab064d3ec44deb478/report.json
Terra,1,structured_ir_no_reuse:triton_fused_attention:amd_xdna2_npu2,structured_ir_no_reuse,amd_xdna2_npu2,5,intermediate,completed,,52.021770400000605,,,,27883,2736,,89623,0,,,26236,False,,/home/justin/npu-playground/runs/case-study-v2-recovered/repeat-001/20260917T000705Z/structured_ir_no_reuse/2b0e73640fbd477ab064d3ec44deb478/report.json
Terra,1,structured_ir_no_reuse:triton_fused_attention:amd_xdna2_npu2,structured_ir_no_reuse,amd_xdna2_npu2,5,code,completed,,101.84692028300014,,,,29621,5508,,99250,0,,,35863,False,,/home/justin/npu-playground/runs/case-study-v2-recovered/repeat-001/20260917T000705Z/structured_ir_no_reuse/2b0e73640fbd477ab064d3ec44deb478/report.json
Terra,1,structured_ir_no_reuse:triton_fused_attention:amd_xdna2_npu2,structured_ir_no_reuse,amd_xdna2_npu2,6,intermediate,completed,,43.17148760700002,,,,17281,2223,,26236,0,,,89494,False,,/home/justin/npu-playground/runs/case-study-v2-recovered/repeat-001/20260917T000705Z/structured_ir_no_reuse/2b0e73640fbd477ab064d3ec44deb478/report.json
Terra,1,structured_ir_no_reuse:triton_fused_attention:amd_xdna2_npu2,structured_ir_no_reuse,amd_xdna2_npu2,6,code,completed,,49.39405886200075,,,,19023,2578,,35863,0,,,99121,False,,/home/justin/npu-playground/runs/case-study-v2-recovered/repeat-001/20260917T000705Z/structured_ir_no_reuse/2b0e73640fbd477ab064d3ec44deb478/report.json
Terra,1,structured_ir_no_reuse:triton_fused_attention:amd_xdna2_npu2,structured_ir_no_reuse,amd_xdna2_npu2,7,intermediate,completed,,58.54944928999976,,,,27819,3053,,89494,0,,,22368,False,,/home/justin/npu-playground/runs/case-study-v2-recovered/repeat-001/20260917T000705Z/structured_ir_no_reuse/2b0e73640fbd477ab064d3ec44deb478/report.json
Terra,1,structured_ir_no_reuse:triton_fused_attention:amd_xdna2_npu2,structured_ir_no_reuse,amd_xdna2_npu2,7,code,completed,,81.44654998799888,,,,29563,4370,,99121,0,,,31995,False,,/home/justin/npu-playground/runs/case-study-v2-recovered/repeat-001/20260917T000705Z/structured_ir_no_reuse/2b0e73640fbd477ab064d3ec44deb478/report.json
Terra,1,structured_ir_no_reuse:triton_fused_attention:amd_xdna2_npu2,structured_ir_no_reuse,amd_xdna2_npu2,8,intermediate,completed,,34.60841514800086,,,,16107,1761,,22368,0,,,89494,False,,/home/justin/npu-playground/runs/case-study-v2-recovered/repeat-001/20260917T000705Z/structured_ir_no_reuse/2b0e73640fbd477ab064d3ec44deb478/report.json
Terra,1,structured_ir_no_reuse:triton_fused_attention:amd_xdna2_npu2,structured_ir_no_reuse,amd_xdna2_npu2,8,code,completed,,49.19139387500036,,,,17849,2574,,31995,0,,,99121,False,,/home/justin/npu-playground/runs/case-study-v2-recovered/repeat-001/20260917T000705Z/structured_ir_no_reuse/2b0e73640fbd477ab064d3ec44deb478/report.json
Terra,1,structured_ir_no_reuse:triton_fused_attention:amd_xdna2_npu2,structured_ir_no_reuse,amd_xdna2_npu2,9,intermediate,completed,,46.24778966800113,,,,27823,2401,,89494,0,,,89522,False,,/home/justin/npu-playground/runs/case-study-v2-recovered/repeat-001/20260917T000705Z/structured_ir_no_reuse/2b0e73640fbd477ab064d3ec44deb478/report.json
Terra,1,structured_ir_no_reuse:triton_fused_attention:amd_xdna2_npu2,structured_ir_no_reuse,amd_xdna2_npu2,9,code,completed,,118.35690192199945,,,,29565,6221,,99121,0,,,99149,False,,/home/justin/npu-playground/runs/case-study-v2-recovered/repeat-001/20260917T000705Z/structured_ir_no_reuse/2b0e73640fbd477ab064d3ec44deb478/report.json
Terra,1,structured_ir_no_reuse:triton_fused_attention:amd_xdna2_npu2,structured_ir_no_reuse,amd_xdna2_npu2,10,intermediate,completed,,57.04577181900095,,,,27834,2949,,89522,0,,,,False,,/home/justin/npu-playground/runs/case-study-v2-recovered/repeat-001/20260917T000705Z/structured_ir_no_reuse/2b0e73640fbd477ab064d3ec44deb478/report.json
Terra,1,structured_ir_no_reuse:triton_fused_attention:amd_xdna2_npu2,structured_ir_no_reuse,amd_xdna2_npu2,10,code,completed,,120.18743803199868,,,,29580,6518,,99149,0,,,,False,,/home/justin/npu-playground/runs/case-study-v2-recovered/repeat-001/20260917T000705Z/structured_ir_no_reuse/2b0e73640fbd477ab064d3ec44deb478/report.json
Terra,1,structured_ir_no_reuse:triton_fused_attention:intel_npu_4000,structured_ir_no_reuse,intel_npu_4000,1,intermediate,completed,,57.525684962000014,,,,11464,3022,,5566,0,,,20046,False,,/home/justin/npu-playground/runs/case-study-v2-recovered/repeat-001/20260917T000705Z/structured_ir_no_reuse/49e08327c9f84f5e8165c2a1eb7b4574/report.json
Terra,1,structured_ir_no_reuse:triton_fused_attention:intel_npu_4000,structured_ir_no_reuse,intel_npu_4000,1,code,completed,,43.35036748700077,,,,12184,2244,,11816,0,,,26296,False,,/home/justin/npu-playground/runs/case-study-v2-recovered/repeat-001/20260917T000705Z/structured_ir_no_reuse/49e08327c9f84f5e8165c2a1eb7b4574/report.json
Terra,1,structured_ir_no_reuse:triton_fused_attention:intel_npu_4000,structured_ir_no_reuse,intel_npu_4000,2,intermediate,completed,,37.26484290100052,,,,15093,1877,,20046,0,,,,False,,/home/justin/npu-playground/runs/case-study-v2-recovered/repeat-001/20260917T000705Z/structured_ir_no_reuse/49e08327c9f84f5e8165c2a1eb7b4574/report.json
Terra,1,structured_ir_no_reuse:triton_fused_attention:intel_npu_4000,structured_ir_no_reuse,intel_npu_4000,2,code,completed,,21.194714198998554,,,,15821,1019,,26296,0,,,,False,,/home/justin/npu-playground/runs/case-study-v2-recovered/repeat-001/20260917T000705Z/structured_ir_no_reuse/49e08327c9f84f5e8165c2a1eb7b4574/report.json
Terra,1,structured_ir_no_reuse:triton_fused_softmax:amd_xdna2_npu2,structured_ir_no_reuse,amd_xdna2_npu2,1,intermediate,completed,,22.728244666001046,,,,11240,1094,,4808,0,,,,False,,/home/justin/npu-playground/runs/case-study-v2-recovered/repeat-001/20260917T000705Z/structured_ir_no_reuse/48d773cf00f14affbeaa48883f43f422/report.json
Terra,1,structured_ir_no_reuse:triton_fused_softmax:amd_xdna2_npu2,structured_ir_no_reuse,amd_xdna2_npu2,1,code,completed,,69.54768504999993,,,,11139,3626,,7297,0,,,,False,,/home/justin/npu-playground/runs/case-study-v2-recovered/repeat-001/20260917T000705Z/structured_ir_no_reuse/48d773cf00f14affbeaa48883f43f422/report.json
Terra,1,structured_ir_no_reuse:triton_fused_softmax:intel_npu_4000,structured_ir_no_reuse,intel_npu_4000,1,intermediate,completed,,24.668669763999787,,,,11238,1192,,4808,0,,,,False,,/home/justin/npu-playground/runs/case-study-v2-recovered/repeat-001/20260917T000705Z/structured_ir_no_reuse/4d36a72561a9477ab684a16781b6ac86/report.json
Terra,1,structured_ir_no_reuse:triton_fused_softmax:intel_npu_4000,structured_ir_no_reuse,intel_npu_4000,1,code,completed,,10.976751168998817,,,,10147,432,,4048,0,,,,False,,/home/justin/npu-playground/runs/case-study-v2-recovered/repeat-001/20260917T000705Z/structured_ir_no_reuse/4d36a72561a9477ab684a16781b6ac86/report.json
Terra,1,structured_ir_no_reuse:triton_layer_norm:amd_xdna2_npu2,structured_ir_no_reuse,amd_xdna2_npu2,1,intermediate,completed,,35.80284942199978,,,,11424,1826,,5388,0,,,22344,False,,/home/justin/npu-playground/runs/case-study-v2-recovered/repeat-001/20260917T000705Z/structured_ir_no_reuse/ceddd5372d3c4026951df9771308f5b2/report.json
Terra,1,structured_ir_no_reuse:triton_layer_norm:amd_xdna2_npu2,structured_ir_no_reuse,amd_xdna2_npu2,1,code,completed,,94.87054391400125,,,,13036,5137,,14661,0,,,31617,False,,/home/justin/npu-playground/runs/case-study-v2-recovered/repeat-001/20260917T000705Z/structured_ir_no_reuse/ceddd5372d3c4026951df9771308f5b2/report.json
Terra,1,structured_ir_no_reuse:triton_layer_norm:amd_xdna2_npu2,structured_ir_no_reuse,amd_xdna2_npu2,2,intermediate,completed,,29.053453218999493,,,,16237,1465,,22344,0,,,,False,,/home/justin/npu-playground/runs/case-study-v2-recovered/repeat-001/20260917T000705Z/structured_ir_no_reuse/ceddd5372d3c4026951df9771308f5b2/report.json
Terra,1,structured_ir_no_reuse:triton_layer_norm:amd_xdna2_npu2,structured_ir_no_reuse,amd_xdna2_npu2,2,code,completed,,160.39008773500063,,,,17855,8749,,31617,0,,,,False,,/home/justin/npu-playground/runs/case-study-v2-recovered/repeat-001/20260917T000705Z/structured_ir_no_reuse/ceddd5372d3c4026951df9771308f5b2/report.json
Terra,1,structured_ir_no_reuse:triton_layer_norm:intel_npu_4000,structured_ir_no_reuse,intel_npu_4000,1,intermediate,completed,,35.90446324000004,,,,11422,1814,,5388,0,,,,False,,/home/justin/npu-playground/runs/case-study-v2-recovered/repeat-001/20260917T000705Z/structured_ir_no_reuse/a5f38d16b4c14a79a59bce9777b8b9c9/report.json
Terra,1,structured_ir_no_reuse:triton_layer_norm:intel_npu_4000,structured_ir_no_reuse,intel_npu_4000,1,code,completed,,18.784767994000504,,,,12073,698,,11583,0,,,,False,,/home/justin/npu-playground/runs/case-study-v2-recovered/repeat-001/20260917T000705Z/structured_ir_no_reuse/a5f38d16b4c14a79a59bce9777b8b9c9/report.json
Terra,1,structured_ir_no_validation:cuda_reduce_sum:amd_xdna2_npu2,structured_ir_no_validation,amd_xdna2_npu2,1,intermediate,completed,,14.348904837999726,,,,11315,575,,4931,0,,,,False,,/home/justin/npu-playground/runs/case-study-v2-recovered/repeat-001/20260917T000705Z/structured_ir_no_validation/05337d3934bc483a9234148d5914ee9c/report.json
Terra,1,structured_ir_no_validation:cuda_reduce_sum:amd_xdna2_npu2,structured_ir_no_validation,amd_xdna2_npu2,1,code,completed,,58.28475802799949,,,,11181,2989,,7364,0,,,,False,,/home/justin/npu-playground/runs/case-study-v2-recovered/repeat-001/20260917T000705Z/structured_ir_no_validation/05337d3934bc483a9234148d5914ee9c/report.json
Terra,1,structured_ir_no_validation:cuda_reduce_sum:intel_npu_4000,structured_ir_no_validation,intel_npu_4000,1,intermediate,completed,,18.32078257899957,,,,11317,818,,4931,0,,,,False,,/home/justin/npu-playground/runs/case-study-v2-recovered/repeat-001/20260917T000705Z/structured_ir_no_validation/5096ab79844942099e13b8e82d7d5119/report.json
Terra,1,structured_ir_no_validation:cuda_reduce_sum:intel_npu_4000,structured_ir_no_validation,intel_npu_4000,1,code,completed,,12.767275264999626,,,,10223,535,,4301,0,,,,False,,/home/justin/npu-playground/runs/case-study-v2-recovered/repeat-001/20260917T000705Z/structured_ir_no_validation/5096ab79844942099e13b8e82d7d5119/report.json
Terra,1,structured_ir_no_validation:cuda_tiled_matmul:amd_xdna2_npu2,structured_ir_no_validation,amd_xdna2_npu2,1,intermediate,completed,,19.95394005900016,,,,11413,953,,5198,0,,,,False,,/home/justin/npu-playground/runs/case-study-v2-recovered/repeat-001/20260917T000705Z/structured_ir_no_validation/c6f7f90d7f154a5092b4856c53c56e7a/report.json
Terra,1,structured_ir_no_validation:cuda_tiled_matmul:amd_xdna2_npu2,structured_ir_no_validation,amd_xdna2_npu2,1,code,completed,,72.44629426000029,,,,11375,3863,,8047,0,,,,False,,/home/justin/npu-playground/runs/case-study-v2-recovered/repeat-001/20260917T000705Z/structured_ir_no_validation/c6f7f90d7f154a5092b4856c53c56e7a/report.json
Terra,1,structured_ir_no_validation:cuda_tiled_matmul:intel_npu_4000,structured_ir_no_validation,intel_npu_4000,1,intermediate,completed,,16.726371523000125,,,,11413,774,,5198,0,,,,False,,/home/justin/npu-playground/runs/case-study-v2-recovered/repeat-001/20260917T000705Z/structured_ir_no_validation/0feab3cc054d41289ce3227381e6aa55/report.json
Terra,1,structured_ir_no_validation:cuda_tiled_matmul:intel_npu_4000,structured_ir_no_validation,intel_npu_4000,1,code,completed,,17.03444021299947,,,,10411,763,,4914,0,,,,False,,/home/justin/npu-playground/runs/case-study-v2-recovered/repeat-001/20260917T000705Z/structured_ir_no_validation/0feab3cc054d41289ce3227381e6aa55/report.json
Terra,1,structured_ir_no_validation:cuda_tiled_transpose:amd_xdna2_npu2,structured_ir_no_validation,amd_xdna2_npu2,1,intermediate,completed,,9.441101759999583,,,,11276,380,,4728,0,,,,False,,/home/justin/npu-playground/runs/case-study-v2-recovered/repeat-001/20260917T000705Z/structured_ir_no_validation/d6f87ae68e504e29ba5a61c3c89859d0/report.json
Terra,1,structured_ir_no_validation:cuda_tiled_transpose:amd_xdna2_npu2,structured_ir_no_validation,amd_xdna2_npu2,1,code,completed,,123.19339553600003,,,,11070,6660,,6966,0,,,36286,False,,/home/justin/npu-playground/runs/case-study-v2-recovered/repeat-001/20260917T000705Z/structured_ir_no_validation/d6f87ae68e504e29ba5a61c3c89859d0/report.json
Terra,1,structured_ir_no_validation:cuda_tiled_transpose:amd_xdna2_npu2,structured_ir_no_validation,amd_xdna2_npu2,2,code,completed,,68.13070077900011,,,,16912,3636,,36286,0,,,,False,,/home/justin/npu-playground/runs/case-study-v2-recovered/repeat-001/20260917T000705Z/structured_ir_no_validation/d6f87ae68e504e29ba5a61c3c89859d0/report.json
Terra,1,structured_ir_no_validation:cuda_tiled_transpose:intel_npu_4000,structured_ir_no_validation,intel_npu_4000,1,intermediate,completed,,12.990990376998525,,,,11268,569,,4728,0,,,,False,,/home/justin/npu-playground/runs/case-study-v2-recovered/repeat-001/20260917T000705Z/structured_ir_no_validation/23dab513c1d24080ade602de97f9f34b/report.json
Terra,1,structured_ir_no_validation:cuda_tiled_transpose:intel_npu_4000,structured_ir_no_validation,intel_npu_4000,1,code,completed,,13.581467752001117,,,,10181,609,,4057,0,,,,False,,/home/justin/npu-playground/runs/case-study-v2-recovered/repeat-001/20260917T000705Z/structured_ir_no_validation/23dab513c1d24080ade602de97f9f34b/report.json
Terra,1,structured_ir_no_validation:cuda_vector_add:amd_xdna2_npu2,structured_ir_no_validation,amd_xdna2_npu2,1,intermediate,completed,,14.334646085999339,,,,11242,630,,4670,0,,,,False,,/home/justin/npu-playground/runs/case-study-v2-recovered/repeat-001/20260917T000705Z/structured_ir_no_validation/134d2254025a4c5db37c13b2ef439dd9/report.json
Terra,1,structured_ir_no_validation:cuda_vector_add:amd_xdna2_npu2,structured_ir_no_validation,amd_xdna2_npu2,1,code,completed,,68.84574646199871,,,,11272,3650,,7560,0,,,18382,False,,/home/justin/npu-playground/runs/case-study-v2-recovered/repeat-001/20260917T000705Z/structured_ir_no_validation/134d2254025a4c5db37c13b2ef439dd9/report.json
Terra,1,structured_ir_no_validation:cuda_vector_add:amd_xdna2_npu2,structured_ir_no_validation,amd_xdna2_npu2,2,code,completed,,38.57513195800129,,,,14666,1982,,18382,0,,,14979,False,,/home/justin/npu-playground/runs/case-study-v2-recovered/repeat-001/20260917T000705Z/structured_ir_no_validation/134d2254025a4c5db37c13b2ef439dd9/report.json
Terra,1,structured_ir_no_validation:cuda_vector_add:amd_xdna2_npu2,structured_ir_no_validation,amd_xdna2_npu2,3,code,completed,,33.181886599999416,,,,13538,1677,,14979,0,,,,False,,/home/justin/npu-playground/runs/case-study-v2-recovered/repeat-001/20260917T000705Z/structured_ir_no_validation/134d2254025a4c5db37c13b2ef439dd9/report.json
Terra,1,structured_ir_no_validation:cuda_vector_add:intel_npu_4000,structured_ir_no_validation,intel_npu_4000,1,intermediate,completed,,11.259496206001131,,,,11242,462,,4670,0,,,,False,,/home/justin/npu-playground/runs/case-study-v2-recovered/repeat-001/20260917T000705Z/structured_ir_no_validation/77c70abce0d74b4588d5e317b8106103/report.json
Terra,1,structured_ir_no_validation:cuda_vector_add:intel_npu_4000,structured_ir_no_validation,intel_npu_4000,1,code,completed,,13.681499360000089,,,,10327,594,,4503,0,,,,False,,/home/justin/npu-playground/runs/case-study-v2-recovered/repeat-001/20260917T000705Z/structured_ir_no_validation/77c70abce0d74b4588d5e317b8106103/report.json
Terra,1,structured_ir_no_validation:hip_gamma_correction:amd_xdna2_npu2,structured_ir_no_validation,amd_xdna2_npu2,1,intermediate,completed,,16.771761238998806,,,,11262,749,,4760,0,,,,False,,/home/justin/npu-playground/runs/case-study-v2-recovered/repeat-001/20260917T000705Z/structured_ir_no_validation/f7a5053ddad54c09b4be17c62c9e80d2/report.json
Terra,1,structured_ir_no_validation:hip_gamma_correction:amd_xdna2_npu2,structured_ir_no_validation,amd_xdna2_npu2,1,code,completed,,52.45869369899992,,,,11306,2674,,7645,0,,,24309,False,,/home/justin/npu-playground/runs/case-study-v2-recovered/repeat-001/20260917T000705Z/structured_ir_no_validation/f7a5053ddad54c09b4be17c62c9e80d2/report.json
Terra,1,structured_ir_no_validation:hip_gamma_correction:amd_xdna2_npu2,structured_ir_no_validation,amd_xdna2_npu2,2,code,completed,,70.40104412999972,,,,15503,3771,,24309,0,,,17463,False,,/home/justin/npu-playground/runs/case-study-v2-recovered/repeat-001/20260917T000705Z/structured_ir_no_validation/f7a5053ddad54c09b4be17c62c9e80d2/report.json
Terra,1,structured_ir_no_validation:hip_gamma_correction:amd_xdna2_npu2,structured_ir_no_validation,amd_xdna2_npu2,3,code,completed,,50.45228192600007,,,,14522,2648,,17463,0,,,18106,False,,/home/justin/npu-playground/runs/case-study-v2-recovered/repeat-001/20260917T000705Z/structured_ir_no_validation/f7a5053ddad54c09b4be17c62c9e80d2/report.json
Terra,1,structured_ir_no_validation:hip_gamma_correction:amd_xdna2_npu2,structured_ir_no_validation,amd_xdna2_npu2,4,code,completed,,39.22112467199986,,,,14578,2035,,18106,0,,,14693,False,,/home/justin/npu-playground/runs/case-study-v2-recovered/repeat-001/20260917T000705Z/structured_ir_no_validation/f7a5053ddad54c09b4be17c62c9e80d2/report.json
Terra,1,structured_ir_no_validation:hip_gamma_correction:amd_xdna2_npu2,structured_ir_no_validation,amd_xdna2_npu2,5,code,completed,,37.203237063000415,,,,13439,1854,,14693,0,,,17464,False,,/home/justin/npu-playground/runs/case-study-v2-recovered/repeat-001/20260917T000705Z/structured_ir_no_validation/f7a5053ddad54c09b4be17c62c9e80d2/report.json
Terra,1,structured_ir_no_validation:hip_gamma_correction:amd_xdna2_npu2,structured_ir_no_validation,amd_xdna2_npu2,6,code,completed,,41.62739510999927,,,,14520,2115,,17464,0,,,,False,,/home/justin/npu-playground/runs/case-study-v2-recovered/repeat-001/20260917T000705Z/structured_ir_no_validation/f7a5053ddad54c09b4be17c62c9e80d2/report.json
Terra,1,structured_ir_no_validation:hip_gamma_correction:intel_npu_4000,structured_ir_no_validation,intel_npu_4000,1,intermediate,completed,,15.816358142999889,,,,11258,690,,4760,0,,,,False,,/home/justin/npu-playground/runs/case-study-v2-recovered/repeat-001/20260917T000705Z/structured_ir_no_validation/d149b00259904d9287797a0f921fc608/report.json
Terra,1,structured_ir_no_validation:hip_gamma_correction:intel_npu_4000,structured_ir_no_validation,intel_npu_4000,1,code,completed,,14.247554053001295,,,,10331,641,,4507,0,,,,False,,/home/justin/npu-playground/runs/case-study-v2-recovered/repeat-001/20260917T000705Z/structured_ir_no_validation/d149b00259904d9287797a0f921fc608/report.json
Terra,1,structured_ir_no_validation:hip_image_convolution:amd_xdna2_npu2,structured_ir_no_validation,amd_xdna2_npu2,1,intermediate,completed,,20.293332457998986,,,,11396,967,,5079,0,,,,False,,/home/justin/npu-playground/runs/case-study-v2-recovered/repeat-001/20260917T000705Z/structured_ir_no_validation/651decc3630b4e3696f7ee78a870ff0b/report.json
Terra,1,structured_ir_no_validation:hip_image_convolution:amd_xdna2_npu2,structured_ir_no_validation,amd_xdna2_npu2,1,code,completed,,84.26838032500018,,,,11485,4546,,8365,0,,,,False,,/home/justin/npu-playground/runs/case-study-v2-recovered/repeat-001/20260917T000705Z/structured_ir_no_validation/651decc3630b4e3696f7ee78a870ff0b/report.json
Terra,1,structured_ir_no_validation:hip_image_convolution:intel_npu_4000,structured_ir_no_validation,intel_npu_4000,1,intermediate,completed,,13.86847133899937,,,,11396,592,,5079,0,,,,False,,/home/justin/npu-playground/runs/case-study-v2-recovered/repeat-001/20260917T000705Z/structured_ir_no_validation/17379f9ba8f346c9b7d2adc5d868c402/report.json
Terra,1,structured_ir_no_validation:hip_image_convolution:intel_npu_4000,structured_ir_no_validation,intel_npu_4000,1,code,completed,,14.920273796000401,,,,10459,656,,4935,0,,,,False,,/home/justin/npu-playground/runs/case-study-v2-recovered/repeat-001/20260917T000705Z/structured_ir_no_validation/17379f9ba8f346c9b7d2adc5d868c402/report.json
Terra,1,structured_ir_no_validation:hip_moving_average:amd_xdna2_npu2,structured_ir_no_validation,amd_xdna2_npu2,1,intermediate,completed,,18.34844796300058,,,,11260,870,,4763,0,,,,False,,/home/justin/npu-playground/runs/case-study-v2-recovered/repeat-001/20260917T000705Z/structured_ir_no_validation/0d2a14903439486b990b17d620e87f87/report.json
Terra,1,structured_ir_no_validation:hip_moving_average:amd_xdna2_npu2,structured_ir_no_validation,amd_xdna2_npu2,1,code,completed,,52.40710247199968,,,,11259,2727,,7641,0,,,,False,,/home/justin/npu-playground/runs/case-study-v2-recovered/repeat-001/20260917T000705Z/structured_ir_no_validation/0d2a14903439486b990b17d620e87f87/report.json
Terra,1,structured_ir_no_validation:hip_moving_average:intel_npu_4000,structured_ir_no_validation,intel_npu_4000,1,intermediate,completed,,18.5684445579991,,,,11264,842,,4763,0,,,,False,,/home/justin/npu-playground/runs/case-study-v2-recovered/repeat-001/20260917T000705Z/structured_ir_no_validation/bcae56906dbb4f01acdb85c0b881ee6e/report.json
Terra,1,structured_ir_no_validation:hip_moving_average:intel_npu_4000,structured_ir_no_validation,intel_npu_4000,1,code,completed,,26.184151682000447,,,,10294,1298,,4464,0,,,,False,,/home/justin/npu-playground/runs/case-study-v2-recovered/repeat-001/20260917T000705Z/structured_ir_no_validation/bcae56906dbb4f01acdb85c0b881ee6e/report.json
Terra,1,structured_ir_no_validation:triton_fused_attention:amd_xdna2_npu2,structured_ir_no_validation,amd_xdna2_npu2,1,intermediate,completed,,56.84455051199984,,,,11462,2976,,5566,0,,,,False,,/home/justin/npu-playground/runs/case-study-v2-recovered/repeat-001/20260917T000705Z/structured_ir_no_validation/ae41f86fb5144ac38b4db6e5015bab83/report.json
Terra,1,structured_ir_no_validation:triton_fused_attention:amd_xdna2_npu2,structured_ir_no_validation,amd_xdna2_npu2,1,code,completed,,98.21381512500011,,,,13079,5294,,14604,0,,,34992,False,,/home/justin/npu-playground/runs/case-study-v2-recovered/repeat-001/20260917T000705Z/structured_ir_no_validation/ae41f86fb5144ac38b4db6e5015bab83/report.json
Terra,1,structured_ir_no_validation:triton_fused_attention:amd_xdna2_npu2,structured_ir_no_validation,amd_xdna2_npu2,2,code,completed,,52.97484959599933,,,,18956,2770,,34992,0,,,34311,False,,/home/justin/npu-playground/runs/case-study-v2-recovered/repeat-001/20260917T000705Z/structured_ir_no_validation/ae41f86fb5144ac38b4db6e5015bab83/report.json
Terra,1,structured_ir_no_validation:triton_fused_attention:amd_xdna2_npu2,structured_ir_no_validation,amd_xdna2_npu2,3,code,completed,,88.35675036800058,,,,18811,4711,,34311,0,,,32995,False,,/home/justin/npu-playground/runs/case-study-v2-recovered/repeat-001/20260917T000705Z/structured_ir_no_validation/ae41f86fb5144ac38b4db6e5015bab83/report.json
Terra,1,structured_ir_no_validation:triton_fused_attention:amd_xdna2_npu2,structured_ir_no_validation,amd_xdna2_npu2,4,code,completed,,114.10156995299985,,,,18512,6160,,32995,0,,,34475,False,,/home/justin/npu-playground/runs/case-study-v2-recovered/repeat-001/20260917T000705Z/structured_ir_no_validation/ae41f86fb5144ac38b4db6e5015bab83/report.json
Terra,1,structured_ir_no_validation:triton_fused_attention:amd_xdna2_npu2,structured_ir_no_validation,amd_xdna2_npu2,5,code,completed,,72.2823133009988,,,,18920,3860,,34475,0,,,,False,,/home/justin/npu-playground/runs/case-study-v2-recovered/repeat-001/20260917T000705Z/structured_ir_no_validation/ae41f86fb5144ac38b4db6e5015bab83/report.json
Terra,1,structured_ir_no_validation:triton_fused_attention:intel_npu_4000,structured_ir_no_validation,intel_npu_4000,1,intermediate,completed,,20.5043642010005,,,,11464,982,,5566,0,,,,False,,/home/justin/npu-playground/runs/case-study-v2-recovered/repeat-001/20260917T000705Z/structured_ir_no_validation/bfc95b492ed74373b3d53593a520bd06/report.json
Terra,1,structured_ir_no_validation:triton_fused_attention:intel_npu_4000,structured_ir_no_validation,intel_npu_4000,1,code,completed,,52.97261321699989,,,,10602,2729,,5510,0,,,,False,,/home/justin/npu-playground/runs/case-study-v2-recovered/repeat-001/20260917T000705Z/structured_ir_no_validation/bfc95b492ed74373b3d53593a520bd06/report.json
Terra,1,structured_ir_no_validation:triton_fused_softmax:amd_xdna2_npu2,structured_ir_no_validation,amd_xdna2_npu2,1,intermediate,completed,,17.37819797999873,,,,11244,801,,4808,0,,,,False,,/home/justin/npu-playground/runs/case-study-v2-recovered/repeat-001/20260917T000705Z/structured_ir_no_validation/9c755893349a40f7b0a15add59e89e4d/report.json
Terra,1,structured_ir_no_validation:triton_fused_softmax:amd_xdna2_npu2,structured_ir_no_validation,amd_xdna2_npu2,1,code,completed,,58.76762408899958,,,,11155,3121,,7346,0,,,15354,False,,/home/justin/npu-playground/runs/case-study-v2-recovered/repeat-001/20260917T000705Z/structured_ir_no_validation/9c755893349a40f7b0a15add59e89e4d/report.json
Terra,1,structured_ir_no_validation:triton_fused_softmax:amd_xdna2_npu2,structured_ir_no_validation,amd_xdna2_npu2,2,code,completed,,52.80778175299929,,,,13483,2730,,15354,0,,,,False,,/home/justin/npu-playground/runs/case-study-v2-recovered/repeat-001/20260917T000705Z/structured_ir_no_validation/9c755893349a40f7b0a15add59e89e4d/report.json
Terra,1,structured_ir_no_validation:triton_fused_softmax:intel_npu_4000,structured_ir_no_validation,intel_npu_4000,1,intermediate,completed,,18.324489021999398,,,,11238,847,,4808,0,,,,False,,/home/justin/npu-playground/runs/case-study-v2-recovered/repeat-001/20260917T000705Z/structured_ir_no_validation/78e655ad815945ad89267f67a39b6fc0/report.json
Terra,1,structured_ir_no_validation:triton_fused_softmax:intel_npu_4000,structured_ir_no_validation,intel_npu_4000,1,code,completed,,23.794451423000282,,,,10237,1158,,4385,0,,,,False,,/home/justin/npu-playground/runs/case-study-v2-recovered/repeat-001/20260917T000705Z/structured_ir_no_validation/78e655ad815945ad89267f67a39b6fc0/report.json
Terra,1,structured_ir_no_validation:triton_layer_norm:amd_xdna2_npu2,structured_ir_no_validation,amd_xdna2_npu2,1,intermediate,completed,,35.7405347369986,,,,11424,1821,,5388,0,,,,False,,/home/justin/npu-playground/runs/case-study-v2-recovered/repeat-001/20260917T000705Z/structured_ir_no_validation/21d2a5029e6a4d82b940779a5c4095a1/report.json
Terra,1,structured_ir_no_validation:triton_layer_norm:amd_xdna2_npu2,structured_ir_no_validation,amd_xdna2_npu2,1,code,completed,,73.0429185239991,,,,13034,3898,,14702,0,,,33243,False,,/home/justin/npu-playground/runs/case-study-v2-recovered/repeat-001/20260917T000705Z/structured_ir_no_validation/21d2a5029e6a4d82b940779a5c4095a1/report.json
Terra,1,structured_ir_no_validation:triton_layer_norm:amd_xdna2_npu2,structured_ir_no_validation,amd_xdna2_npu2,2,code,completed,,106.24392044600063,,,,18231,5752,,33243,0,,,31963,False,,/home/justin/npu-playground/runs/case-study-v2-recovered/repeat-001/20260917T000705Z/structured_ir_no_validation/21d2a5029e6a4d82b940779a5c4095a1/report.json
Terra,1,structured_ir_no_validation:triton_layer_norm:amd_xdna2_npu2,structured_ir_no_validation,amd_xdna2_npu2,3,code,completed,,76.19606807499986,,,,17911,4076,,31963,0,,,,False,,/home/justin/npu-playground/runs/case-study-v2-recovered/repeat-001/20260917T000705Z/structured_ir_no_validation/21d2a5029e6a4d82b940779a5c4095a1/report.json
Terra,1,structured_ir_no_validation:triton_layer_norm:intel_npu_4000,structured_ir_no_validation,intel_npu_4000,1,intermediate,completed,,43.6624664330011,,,,11422,2267,,5388,0,,,,False,,/home/justin/npu-playground/runs/case-study-v2-recovered/repeat-001/20260917T000705Z/structured_ir_no_validation/dc531362e1f84c3d99f55566188c0437/report.json
Terra,1,structured_ir_no_validation:triton_layer_norm:intel_npu_4000,structured_ir_no_validation,intel_npu_4000,1,code,completed,,29.919053617000827,,,,12085,1469,,11585,0,,,,False,,/home/justin/npu-playground/runs/case-study-v2-recovered/repeat-001/20260917T000705Z/structured_ir_no_validation/dc531362e1f84c3d99f55566188c0437/report.json
Terra,2,baseline:cuda_reduce_sum:amd_xdna2_npu2,baseline,amd_xdna2_npu2,1,code,completed,,60.394377392000024,,,,10907,3091,,6292,0,,,,False,,/home/justin/npu-playground/runs/case-study-v2-recovered/repeat-002/20260917T004403Z/baseline/be54a4764f364bdb9c3e1fafc0ea115f/report.json
Terra,2,baseline:cuda_reduce_sum:intel_npu_4000,baseline,intel_npu_4000,1,code,completed,,16.01650692899966,,,,9966,682,,3239,0,,,,False,,/home/justin/npu-playground/runs/case-study-v2-recovered/repeat-002/20260917T004403Z/baseline/5811c336d27a4231a89aeab8c64bbd4b/report.json
Terra,2,baseline:cuda_tiled_matmul:amd_xdna2_npu2,baseline,amd_xdna2_npu2,1,code,completed,,107.40623649700137,,,,11001,5791,,6559,0,,,12375,False,,/home/justin/npu-playground/runs/case-study-v2-recovered/repeat-002/20260917T004403Z/baseline/3ba615e218c14a63ac2b1cfda061468b/report.json
Terra,2,baseline:cuda_tiled_matmul:amd_xdna2_npu2,baseline,amd_xdna2_npu2,2,code,completed,,51.426819696000166,,,,12900,2441,,12375,0,,,,False,,/home/justin/npu-playground/runs/case-study-v2-recovered/repeat-002/20260917T004403Z/baseline/3ba615e218c14a63ac2b1cfda061468b/report.json
Terra,2,baseline:cuda_tiled_matmul:intel_npu_4000,baseline,intel_npu_4000,1,code,completed,,16.180207400000654,,,,10062,741,,3506,0,,,,False,,/home/justin/npu-playground/runs/case-study-v2-recovered/repeat-002/20260917T004403Z/baseline/a9f84cf565d94191baffd67afa44ade2/report.json
Terra,2,baseline:cuda_tiled_transpose:amd_xdna2_npu2,baseline,amd_xdna2_npu2,1,code,completed,,87.48030508800002,,,,10862,4699,,6090,0,,,,False,,/home/justin/npu-playground/runs/case-study-v2-recovered/repeat-002/20260917T004403Z/baseline/5a59fed8773c4357b8e07eced54a34ca/report.json
Terra,2,baseline:cuda_tiled_transpose:intel_npu_4000,baseline,intel_npu_4000,1,code,completed,,17.942684177000046,,,,9921,846,,3037,0,,,,False,,/home/justin/npu-playground/runs/case-study-v2-recovered/repeat-002/20260917T004403Z/baseline/a131c122e1be41239fe1cfddf51d6d04/report.json
Terra,2,baseline:cuda_vector_add:amd_xdna2_npu2,baseline,amd_xdna2_npu2,1,code,completed,,67.05082556499838,,,,10832,3561,,6032,0,,,12397,False,,/home/justin/npu-playground/runs/case-study-v2-recovered/repeat-002/20260917T004403Z/baseline/ec0f83706f3e467fabbb5c8deb9dfeca/report.json
Terra,2,baseline:cuda_vector_add:amd_xdna2_npu2,baseline,amd_xdna2_npu2,2,code,completed,,65.09677485700013,,,,12843,3425,,12397,0,,,,False,,/home/justin/npu-playground/runs/case-study-v2-recovered/repeat-002/20260917T004403Z/baseline/ec0f83706f3e467fabbb5c8deb9dfeca/report.json
Terra,2,baseline:cuda_vector_add:intel_npu_4000,baseline,intel_npu_4000,1,code,completed,,15.516999315999783,,,,9895,703,,2979,0,,,,False,,/home/justin/npu-playground/runs/case-study-v2-recovered/repeat-002/20260917T004403Z/baseline/10ca64aeff984376bfef275d4b53f247/report.json
Terra,2,baseline:hip_gamma_correction:amd_xdna2_npu2,baseline,amd_xdna2_npu2,1,code,completed,,113.26851531300053,,,,10850,6137,,6122,0,,,10558,False,,/home/justin/npu-playground/runs/case-study-v2-recovered/repeat-002/20260917T004403Z/baseline/d9f440bc91e340a0b01834b860abb990/report.json
Terra,2,baseline:hip_gamma_correction:amd_xdna2_npu2,baseline,amd_xdna2_npu2,2,code,completed,,45.648853677999796,,,,12283,2361,,10558,0,,,,False,,/home/justin/npu-playground/runs/case-study-v2-recovered/repeat-002/20260917T004403Z/baseline/d9f440bc91e340a0b01834b860abb990/report.json
Terra,2,baseline:hip_gamma_correction:intel_npu_4000,baseline,intel_npu_4000,1,code,completed,,18.86193016800098,,,,9911,841,,3069,0,,,,False,,/home/justin/npu-playground/runs/case-study-v2-recovered/repeat-002/20260917T004403Z/baseline/57e67ff593fa4092bfde8e0f68d71f72/report.json
Terra,2,baseline:hip_image_convolution:amd_xdna2_npu2,baseline,amd_xdna2_npu2,1,code,completed,,90.63290305400005,,,,10994,4852,,6441,0,,,13713,False,,/home/justin/npu-playground/runs/case-study-v2-recovered/repeat-002/20260917T004403Z/baseline/7976108cf2cd4f0d9a8860fda26e8e99/report.json
Terra,2,baseline:hip_image_convolution:amd_xdna2_npu2,baseline,amd_xdna2_npu2,2,code,completed,,58.844327454999075,,,,13321,3109,,13713,0,,,,False,,/home/justin/npu-playground/runs/case-study-v2-recovered/repeat-002/20260917T004403Z/baseline/7976108cf2cd4f0d9a8860fda26e8e99/report.json
Terra,2,baseline:hip_image_convolution:intel_npu_4000,baseline,intel_npu_4000,1,code,completed,,13.947514941000918,,,,10049,608,,3388,0,,,,False,,/home/justin/npu-playground/runs/case-study-v2-recovered/repeat-002/20260917T004403Z/baseline/af6018afc09645c3a8508d75cb2dfe41/report.json
Terra,2,baseline:hip_moving_average:amd_xdna2_npu2,baseline,amd_xdna2_npu2,1,code,completed,,54.75668194300124,,,,10856,2880,,6125,0,,,,False,,/home/justin/npu-playground/runs/case-study-v2-recovered/repeat-002/20260917T004403Z/baseline/d317d22906bf4e69adc3061e8fc152a2/report.json
Terra,2,baseline:hip_moving_average:intel_npu_4000,baseline,intel_npu_4000,1,code,completed,,48.451202618000025,,,,9915,2519,,3072,0,,,,False,,/home/justin/npu-playground/runs/case-study-v2-recovered/repeat-002/20260917T004403Z/baseline/5ff4cfd172cd44bf8538e74ea0795269/report.json
Terra,2,baseline:triton_fused_attention:amd_xdna2_npu2,baseline,amd_xdna2_npu2,1,code,completed,,136.34007636800015,,,,11056,7375,,6927,0,,,16532,False,,/home/justin/npu-playground/runs/case-study-v2-recovered/repeat-002/20260917T004403Z/baseline/6d395f2501c144cc85439b46ec252011/report.json
Terra,2,baseline:triton_fused_attention:amd_xdna2_npu2,baseline,amd_xdna2_npu2,2,code,completed,,81.40872598900023,,,,14273,4371,,16532,0,,,81691,False,,/home/justin/npu-playground/runs/case-study-v2-recovered/repeat-002/20260917T004403Z/baseline/6d395f2501c144cc85439b46ec252011/report.json
Terra,2,baseline:triton_fused_attention:amd_xdna2_npu2,baseline,amd_xdna2_npu2,3,code,completed,,115.67568158200083,,,,25307,6278,,81691,0,,,80911,False,,/home/justin/npu-playground/runs/case-study-v2-recovered/repeat-002/20260917T004403Z/baseline/6d395f2501c144cc85439b46ec252011/report.json
Terra,2,baseline:triton_fused_attention:amd_xdna2_npu2,baseline,amd_xdna2_npu2,4,code,completed,,85.50629316300001,,,,25055,4610,,80911,0,,,81726,False,,/home/justin/npu-playground/runs/case-study-v2-recovered/repeat-002/20260917T004403Z/baseline/6d395f2501c144cc85439b46ec252011/report.json
Terra,2,baseline:triton_fused_attention:amd_xdna2_npu2,baseline,amd_xdna2_npu2,5,code,completed,,137.96156000100018,,,,25326,7201,,81726,0,,,80506,False,,/home/justin/npu-playground/runs/case-study-v2-recovered/repeat-002/20260917T004403Z/baseline/6d395f2501c144cc85439b46ec252011/report.json
Terra,2,baseline:triton_fused_attention:amd_xdna2_npu2,baseline,amd_xdna2_npu2,6,code,completed,,131.1475654450005,,,,24842,7085,,80506,0,,,81653,False,,/home/justin/npu-playground/runs/case-study-v2-recovered/repeat-002/20260917T004403Z/baseline/6d395f2501c144cc85439b46ec252011/report.json
Terra,2,baseline:triton_fused_attention:amd_xdna2_npu2,baseline,amd_xdna2_npu2,7,code,completed,,134.17578908900032,,,,25215,7307,,81653,0,,,81126,False,,/home/justin/npu-playground/runs/case-study-v2-recovered/repeat-002/20260917T004403Z/baseline/6d395f2501c144cc85439b46ec252011/report.json
Terra,2,baseline:triton_fused_attention:amd_xdna2_npu2,baseline,amd_xdna2_npu2,8,code,completed,,112.39602431800085,,,,24998,6099,,81126,0,,,82105,False,,/home/justin/npu-playground/runs/case-study-v2-recovered/repeat-002/20260917T004403Z/baseline/6d395f2501c144cc85439b46ec252011/report.json
Terra,2,baseline:triton_fused_attention:amd_xdna2_npu2,baseline,amd_xdna2_npu2,9,code,completed,,142.2662298439991,,,,25341,7595,,82105,0,,,79931,False,,/home/justin/npu-playground/runs/case-study-v2-recovered/repeat-002/20260917T004403Z/baseline/6d395f2501c144cc85439b46ec252011/report.json
Terra,2,baseline:triton_fused_attention:amd_xdna2_npu2,baseline,amd_xdna2_npu2,10,code,completed,,85.39692072700018,,,,24673,4584,,79931,0,,,,False,,/home/justin/npu-playground/runs/case-study-v2-recovered/repeat-002/20260917T004403Z/baseline/6d395f2501c144cc85439b46ec252011/report.json
Terra,2,baseline:triton_fused_attention:intel_npu_4000,baseline,intel_npu_4000,1,code,completed,,29.73470925299989,,,,10113,1498,,3874,0,,,7315,False,,/home/justin/npu-playground/runs/case-study-v2-recovered/repeat-002/20260917T004403Z/baseline/05e9f9e7f439473dbb280d47b17ea8fd/report.json
Terra,2,baseline:triton_fused_attention:intel_npu_4000,baseline,intel_npu_4000,2,code,completed,,11.05855996199898,,,,11040,441,,7315,0,,,,False,,/home/justin/npu-playground/runs/case-study-v2-recovered/repeat-002/20260917T004403Z/baseline/05e9f9e7f439473dbb280d47b17ea8fd/report.json
Terra,2,baseline:triton_fused_softmax:amd_xdna2_npu2,baseline,amd_xdna2_npu2,1,code,completed,,72.36206654300076,,,,10834,3840,,6170,0,,,12316,False,,/home/justin/npu-playground/runs/case-study-v2-recovered/repeat-002/20260917T004403Z/baseline/d19c30949fd840b588fc0e4fce13bc6e/report.json
Terra,2,baseline:triton_fused_softmax:amd_xdna2_npu2,baseline,amd_xdna2_npu2,2,code,completed,,37.07179372599967,,,,12686,1904,,12316,0,,,14697,False,,/home/justin/npu-playground/runs/case-study-v2-recovered/repeat-002/20260917T004403Z/baseline/d19c30949fd840b588fc0e4fce13bc6e/report.json
Terra,2,baseline:triton_fused_softmax:amd_xdna2_npu2,baseline,amd_xdna2_npu2,3,code,completed,,42.28451286899872,,,,13548,2144,,14697,0,,,11291,False,,/home/justin/npu-playground/runs/case-study-v2-recovered/repeat-002/20260917T004403Z/baseline/d19c30949fd840b588fc0e4fce13bc6e/report.json
Terra,2,baseline:triton_fused_softmax:amd_xdna2_npu2,baseline,amd_xdna2_npu2,4,code,completed,,30.215621979999923,,,,12416,1495,,11291,0,,,,False,,/home/justin/npu-playground/runs/case-study-v2-recovered/repeat-002/20260917T004403Z/baseline/d19c30949fd840b588fc0e4fce13bc6e/report.json
Terra,2,baseline:triton_fused_softmax:intel_npu_4000,baseline,intel_npu_4000,1,code,completed,,12.728486235999299,,,,9891,555,,3117,0,,,,False,,/home/justin/npu-playground/runs/case-study-v2-recovered/repeat-002/20260917T004403Z/baseline/e5ad5c8a7aac465cb8df26cead031339/report.json
Terra,2,baseline:triton_layer_norm:amd_xdna2_npu2,baseline,amd_xdna2_npu2,1,code,completed,,124.16380614900118,,,,11097,6734,,7099,0,,,15184,False,,/home/justin/npu-playground/runs/case-study-v2-recovered/repeat-002/20260917T004403Z/baseline/f225f2b7346f4df78382883c6285863b/report.json
Terra,2,baseline:triton_layer_norm:amd_xdna2_npu2,baseline,amd_xdna2_npu2,2,code,completed,,62.85334859499926,,,,13792,3282,,15184,0,,,15312,False,,/home/justin/npu-playground/runs/case-study-v2-recovered/repeat-002/20260917T004403Z/baseline/f225f2b7346f4df78382883c6285863b/report.json
Terra,2,baseline:triton_layer_norm:amd_xdna2_npu2,baseline,amd_xdna2_npu2,3,code,completed,,117.16065427500143,,,,13843,6361,,15312,0,,,12935,False,,/home/justin/npu-playground/runs/case-study-v2-recovered/repeat-002/20260917T004403Z/baseline/f225f2b7346f4df78382883c6285863b/report.json
Terra,2,baseline:triton_layer_norm:amd_xdna2_npu2,baseline,amd_xdna2_npu2,4,code,completed,,46.69306678099929,,,,13014,2406,,12935,0,,,15184,False,,/home/justin/npu-playground/runs/case-study-v2-recovered/repeat-002/20260917T004403Z/baseline/f225f2b7346f4df78382883c6285863b/report.json
Terra,2,baseline:triton_layer_norm:amd_xdna2_npu2,baseline,amd_xdna2_npu2,5,code,completed,,56.731492669001454,,,,13796,2979,,15184,0,,,15217,False,,/home/justin/npu-playground/runs/case-study-v2-recovered/repeat-002/20260917T004403Z/baseline/f225f2b7346f4df78382883c6285863b/report.json
Terra,2,baseline:triton_layer_norm:amd_xdna2_npu2,baseline,amd_xdna2_npu2,6,code,completed,,105.56644586899893,,,,13808,5671,,15217,0,,,,False,,/home/justin/npu-playground/runs/case-study-v2-recovered/repeat-002/20260917T004403Z/baseline/f225f2b7346f4df78382883c6285863b/report.json
Terra,2,baseline:triton_layer_norm:intel_npu_4000,baseline,intel_npu_4000,1,code,completed,,30.369777305000753,,,,10158,1519,,4046,0,,,,False,,/home/justin/npu-playground/runs/case-study-v2-recovered/repeat-002/20260917T004403Z/baseline/3709fda8242c4511bac69f0133bf6efd/report.json
Terra,2,hinted_ir:cuda_reduce_sum:amd_xdna2_npu2,hinted_ir,amd_xdna2_npu2,1,intermediate,completed,,20.53046268399885,,,,9615,941,,2295,0,,,,False,,/home/justin/npu-playground/runs/case-study-v2-recovered/repeat-002/20260917T004403Z/hinted_ir/55adf1a59b0f44f3a6540b972ef5a60d/report.json
Terra,2,hinted_ir:cuda_reduce_sum:amd_xdna2_npu2,hinted_ir,amd_xdna2_npu2,1,code,completed,,60.90686894099963,,,,11192,3250,,7149,0,,,,False,,/home/justin/npu-playground/runs/case-study-v2-recovered/repeat-002/20260917T004403Z/hinted_ir/55adf1a59b0f44f3a6540b972ef5a60d/report.json
Terra,2,hinted_ir:cuda_reduce_sum:intel_npu_4000,hinted_ir,intel_npu_4000,1,intermediate,completed,,22.89233242299997,,,,9613,1105,,2295,0,,,,False,,/home/justin/npu-playground/runs/case-study-v2-recovered/repeat-002/20260917T004403Z/hinted_ir/81783a41b8a74620af0b21e1c27d21e2/report.json
Terra,2,hinted_ir:cuda_reduce_sum:intel_npu_4000,hinted_ir,intel_npu_4000,1,code,completed,,17.44517859000007,,,,10335,772,,4438,0,,,,False,,/home/justin/npu-playground/runs/case-study-v2-recovered/repeat-002/20260917T004403Z/hinted_ir/81783a41b8a74620af0b21e1c27d21e2/report.json
Terra,2,hinted_ir:cuda_tiled_matmul:amd_xdna2_npu2,hinted_ir,amd_xdna2_npu2,1,intermediate,completed,,18.29130081599942,,,,9711,813,,2562,0,,,10745,False,,/home/justin/npu-playground/runs/case-study-v2-recovered/repeat-002/20260917T004403Z/hinted_ir/590702e929a14f06a1533f855b5cc1a0/report.json
Terra,2,hinted_ir:cuda_tiled_matmul:amd_xdna2_npu2,hinted_ir,amd_xdna2_npu2,1,code,completed,,73.09636160800073,,,,11136,3899,,6883,0,,,15138,False,,/home/justin/npu-playground/runs/case-study-v2-recovered/repeat-002/20260917T004403Z/hinted_ir/590702e929a14f06a1533f855b5cc1a0/report.json
Terra,2,hinted_ir:cuda_tiled_matmul:amd_xdna2_npu2,hinted_ir,amd_xdna2_npu2,2,intermediate,completed,,15.502351974999328,,,,12339,664,,10745,0,,,,False,,/home/justin/npu-playground/runs/case-study-v2-recovered/repeat-002/20260917T004403Z/hinted_ir/590702e929a14f06a1533f855b5cc1a0/report.json
Terra,2,hinted_ir:cuda_tiled_matmul:amd_xdna2_npu2,hinted_ir,amd_xdna2_npu2,2,code,completed,,58.080775763999554,,,,13791,3000,,15138,0,,,,False,,/home/justin/npu-playground/runs/case-study-v2-recovered/repeat-002/20260917T004403Z/hinted_ir/590702e929a14f06a1533f855b5cc1a0/report.json
Terra,2,hinted_ir:cuda_tiled_matmul:intel_npu_4000,hinted_ir,intel_npu_4000,1,intermediate,completed,,16.756447997000578,,,,9711,757,,2562,0,,,6712,False,,/home/justin/npu-playground/runs/case-study-v2-recovered/repeat-002/20260917T004403Z/hinted_ir/4d86da5b37b141dc8b0ff09b80cbb76e/report.json
Terra,2,hinted_ir:cuda_tiled_matmul:intel_npu_4000,hinted_ir,intel_npu_4000,1,code,completed,,18.07854030099952,,,,10169,853,,3607,0,,,7866,False,,/home/justin/npu-playground/runs/case-study-v2-recovered/repeat-002/20260917T004403Z/hinted_ir/4d86da5b37b141dc8b0ff09b80cbb76e/report.json
Terra,2,hinted_ir:cuda_tiled_matmul:intel_npu_4000,hinted_ir,intel_npu_4000,2,intermediate,completed,,16.830226341000525,,,,10993,762,,6712,0,,,,False,,/home/justin/npu-playground/runs/case-study-v2-recovered/repeat-002/20260917T004403Z/hinted_ir/4d86da5b37b141dc8b0ff09b80cbb76e/report.json
Terra,2,hinted_ir:cuda_tiled_matmul:intel_npu_4000,hinted_ir,intel_npu_4000,2,code,completed,,17.413532614998985,,,,11486,781,,7866,0,,,,False,,/home/justin/npu-playground/runs/case-study-v2-recovered/repeat-002/20260917T004403Z/hinted_ir/4d86da5b37b141dc8b0ff09b80cbb76e/report.json
Terra,2,hinted_ir:cuda_tiled_transpose:amd_xdna2_npu2,hinted_ir,amd_xdna2_npu2,1,intermediate,completed,,15.653622784999243,,,,9568,718,,2093,0,,,14536,False,,/home/justin/npu-playground/runs/case-study-v2-recovered/repeat-002/20260917T004403Z/hinted_ir/3bfc3ccdcfab46eda21d885a498b0e32/report.json
Terra,2,hinted_ir:cuda_tiled_transpose:amd_xdna2_npu2,hinted_ir,amd_xdna2_npu2,1,code,completed,,105.83057731900044,,,,11204,5700,,7046,0,,,19091,False,,/home/justin/npu-playground/runs/case-study-v2-recovered/repeat-002/20260917T004403Z/hinted_ir/3bfc3ccdcfab46eda21d885a498b0e32/report.json
Terra,2,hinted_ir:cuda_tiled_transpose:amd_xdna2_npu2,hinted_ir,amd_xdna2_npu2,2,intermediate,completed,,20.815635742999802,,,,13833,946,,14536,0,,,40733,False,,/home/justin/npu-playground/runs/case-study-v2-recovered/repeat-002/20260917T004403Z/hinted_ir/3bfc3ccdcfab46eda21d885a498b0e32/report.json
Terra,2,hinted_ir:cuda_tiled_transpose:amd_xdna2_npu2,hinted_ir,amd_xdna2_npu2,2,code,completed,,60.25145740699918,,,,15349,3171,,19091,0,,,45200,False,,/home/justin/npu-playground/runs/case-study-v2-recovered/repeat-002/20260917T004403Z/hinted_ir/3bfc3ccdcfab46eda21d885a498b0e32/report.json
Terra,2,hinted_ir:cuda_tiled_transpose:amd_xdna2_npu2,hinted_ir,amd_xdna2_npu2,3,intermediate,completed,,17.795996617000128,,,,17567,809,,40733,0,,,,False,,/home/justin/npu-playground/runs/case-study-v2-recovered/repeat-002/20260917T004403Z/hinted_ir/3bfc3ccdcfab46eda21d885a498b0e32/report.json
Terra,2,hinted_ir:cuda_tiled_transpose:amd_xdna2_npu2,hinted_ir,amd_xdna2_npu2,3,code,completed,,84.95264893300009,,,,19054,4564,,45200,0,,,,False,,/home/justin/npu-playground/runs/case-study-v2-recovered/repeat-002/20260917T004403Z/hinted_ir/3bfc3ccdcfab46eda21d885a498b0e32/report.json
Terra,2,hinted_ir:cuda_tiled_transpose:intel_npu_4000,hinted_ir,intel_npu_4000,1,intermediate,completed,,16.948707293999178,,,,9570,775,,2093,0,,,,False,,/home/justin/npu-playground/runs/case-study-v2-recovered/repeat-002/20260917T004403Z/hinted_ir/d8495b92f56c498e933510c1b643941f/report.json
Terra,2,hinted_ir:cuda_tiled_transpose:intel_npu_4000,hinted_ir,intel_npu_4000,1,code,completed,,11.091286590000891,,,,10083,452,,3434,0,,,,False,,/home/justin/npu-playground/runs/case-study-v2-recovered/repeat-002/20260917T004403Z/hinted_ir/d8495b92f56c498e933510c1b643941f/report.json
Terra,2,hinted_ir:cuda_vector_add:amd_xdna2_npu2,hinted_ir,amd_xdna2_npu2,1,intermediate,completed,,14.264739143000043,,,,9538,631,,2035,0,,,,False,,/home/justin/npu-playground/runs/case-study-v2-recovered/repeat-002/20260917T004403Z/hinted_ir/845c5aa8d24840bab1023e156d62f706/report.json
Terra,2,hinted_ir:cuda_vector_add:amd_xdna2_npu2,hinted_ir,amd_xdna2_npu2,1,code,completed,,77.10736592400099,,,,11189,4116,,7041,0,,,,False,,/home/justin/npu-playground/runs/case-study-v2-recovered/repeat-002/20260917T004403Z/hinted_ir/845c5aa8d24840bab1023e156d62f706/report.json
Terra,2,hinted_ir:cuda_vector_add:intel_npu_4000,hinted_ir,intel_npu_4000,1,intermediate,completed,,18.682385967998925,,,,9540,882,,2035,0,,,,False,,/home/justin/npu-playground/runs/case-study-v2-recovered/repeat-002/20260917T004403Z/hinted_ir/ea5f7214086b43d1a869b1a3ddc38035/report.json
Terra,2,hinted_ir:cuda_vector_add:intel_npu_4000,hinted_ir,intel_npu_4000,1,code,completed,,14.414743421000821,,,,10159,631,,3666,0,,,,False,,/home/justin/npu-playground/runs/case-study-v2-recovered/repeat-002/20260917T004403Z/hinted_ir/ea5f7214086b43d1a869b1a3ddc38035/report.json
Terra,2,hinted_ir:hip_gamma_correction:amd_xdna2_npu2,hinted_ir,amd_xdna2_npu2,1,intermediate,completed,,13.945185545999266,,,,9556,584,,2125,0,,,47012,False,,/home/justin/npu-playground/runs/case-study-v2-recovered/repeat-002/20260917T004403Z/hinted_ir/bc5f8702c44e474b9dd3602c80c149fb/report.json
Terra,2,hinted_ir:hip_gamma_correction:amd_xdna2_npu2,hinted_ir,amd_xdna2_npu2,1,code,completed,,79.22242818500126,,,,11173,4223,,7003,0,,,51934,False,,/home/justin/npu-playground/runs/case-study-v2-recovered/repeat-002/20260917T004403Z/hinted_ir/bc5f8702c44e474b9dd3602c80c149fb/report.json
Terra,2,hinted_ir:hip_gamma_correction:amd_xdna2_npu2,hinted_ir,amd_xdna2_npu2,2,intermediate,completed,,16.24958207200143,,,,18617,681,,47012,0,,,,False,,/home/justin/npu-playground/runs/case-study-v2-recovered/repeat-002/20260917T004403Z/hinted_ir/bc5f8702c44e474b9dd3602c80c149fb/report.json
Terra,2,hinted_ir:hip_gamma_correction:amd_xdna2_npu2,hinted_ir,amd_xdna2_npu2,2,code,completed,,99.03765206400021,,,,20273,5318,,51934,0,,,,False,,/home/justin/npu-playground/runs/case-study-v2-recovered/repeat-002/20260917T004403Z/hinted_ir/bc5f8702c44e474b9dd3602c80c149fb/report.json
Terra,2,hinted_ir:hip_gamma_correction:intel_npu_4000,hinted_ir,intel_npu_4000,1,intermediate,completed,,11.460114609999437,,,,9556,429,,2125,0,,,,False,,/home/justin/npu-playground/runs/case-study-v2-recovered/repeat-002/20260917T004403Z/hinted_ir/9983893721244443bb3d5cb8b575c49b/report.json
Terra,2,hinted_ir:hip_gamma_correction:intel_npu_4000,hinted_ir,intel_npu_4000,1,code,completed,,15.228200393999941,,,,10053,680,,3413,0,,,,False,,/home/justin/npu-playground/runs/case-study-v2-recovered/repeat-002/20260917T004403Z/hinted_ir/9983893721244443bb3d5cb8b575c49b/report.json
Terra,2,hinted_ir:hip_image_convolution:amd_xdna2_npu2,hinted_ir,amd_xdna2_npu2,1,intermediate,completed,,18.692663087000255,,,,9696,868,,2444,0,,,,False,,/home/justin/npu-playground/runs/case-study-v2-recovered/repeat-002/20260917T004403Z/hinted_ir/1cd5cfb6969f4b2c84cebecebba39993/report.json
Terra,2,hinted_ir:hip_image_convolution:amd_xdna2_npu2,hinted_ir,amd_xdna2_npu2,1,code,completed,,74.20266213800096,,,,11432,3936,,7667,0,,,,False,,/home/justin/npu-playground/runs/case-study-v2-recovered/repeat-002/20260917T004403Z/hinted_ir/1cd5cfb6969f4b2c84cebecebba39993/report.json
Terra,2,hinted_ir:hip_image_convolution:intel_npu_4000,hinted_ir,intel_npu_4000,1,intermediate,completed,,16.41179374999956,,,,9694,666,,2444,0,,,,False,,/home/justin/npu-playground/runs/case-study-v2-recovered/repeat-002/20260917T004403Z/hinted_ir/6eef02d37c474bad95f5fa0b943071eb/report.json
Terra,2,hinted_ir:hip_image_convolution:intel_npu_4000,hinted_ir,intel_npu_4000,1,code,completed,,15.14336708600058,,,,10365,665,,4313,0,,,,False,,/home/justin/npu-playground/runs/case-study-v2-recovered/repeat-002/20260917T004403Z/hinted_ir/6eef02d37c474bad95f5fa0b943071eb/report.json
Terra,2,hinted_ir:hip_moving_average:amd_xdna2_npu2,hinted_ir,amd_xdna2_npu2,1,intermediate,completed,,12.584128875001625,,,,9558,516,,2128,0,,,,False,,/home/justin/npu-playground/runs/case-study-v2-recovered/repeat-002/20260917T004403Z/hinted_ir/0688668dfbd343be869cbf0588dee1c2/report.json
Terra,2,hinted_ir:hip_moving_average:amd_xdna2_npu2,hinted_ir,amd_xdna2_npu2,1,code,completed,,55.93963231199996,,,,11048,2839,,6703,0,,,,False,,/home/justin/npu-playground/runs/case-study-v2-recovered/repeat-002/20260917T004403Z/hinted_ir/0688668dfbd343be869cbf0588dee1c2/report.json
Terra,2,hinted_ir:hip_moving_average:intel_npu_4000,hinted_ir,intel_npu_4000,1,intermediate,completed,,12.492339704000187,,,,9560,534,,2128,0,,,,False,,/home/justin/npu-playground/runs/case-study-v2-recovered/repeat-002/20260917T004403Z/hinted_ir/f6675dfc2f524f8eb5be75d373c72ebc/report.json
Terra,2,hinted_ir:hip_moving_average:intel_npu_4000,hinted_ir,intel_npu_4000,1,code,completed,,31.666423100999964,,,,10162,1550,,3787,0,,,,False,,/home/justin/npu-playground/runs/case-study-v2-recovered/repeat-002/20260917T004403Z/hinted_ir/f6675dfc2f524f8eb5be75d373c72ebc/report.json
Terra,2,hinted_ir:triton_fused_attention:amd_xdna2_npu2,hinted_ir,amd_xdna2_npu2,1,intermediate,completed,,15.853829867999593,,,,9760,734,,2930,0,,,14613,False,,/home/justin/npu-playground/runs/case-study-v2-recovered/repeat-002/20260917T004403Z/hinted_ir/447266263a3f453eaa8dbc213ed114a9/report.json
Terra,2,hinted_ir:triton_fused_attention:amd_xdna2_npu2,hinted_ir,amd_xdna2_npu2,1,code,completed,,104.30111684900112,,,,11344,5658,,7521,0,,,19246,False,,/home/justin/npu-playground/runs/case-study-v2-recovered/repeat-002/20260917T004403Z/hinted_ir/447266263a3f453eaa8dbc213ed114a9/report.json
Terra,2,hinted_ir:triton_fused_attention:amd_xdna2_npu2,hinted_ir,amd_xdna2_npu2,2,intermediate,completed,,22.42649636399983,,,,13669,1083,,14613,0,,,14141,False,,/home/justin/npu-playground/runs/case-study-v2-recovered/repeat-002/20260917T004403Z/hinted_ir/447266263a3f453eaa8dbc213ed114a9/report.json
Terra,2,hinted_ir:triton_fused_attention:amd_xdna2_npu2,hinted_ir,amd_xdna2_npu2,2,code,completed,,95.4787081480008,,,,15278,5149,,19246,0,,,18925,False,,/home/justin/npu-playground/runs/case-study-v2-recovered/repeat-002/20260917T004403Z/hinted_ir/447266263a3f453eaa8dbc213ed114a9/report.json
Terra,2,hinted_ir:triton_fused_attention:amd_xdna2_npu2,hinted_ir,amd_xdna2_npu2,3,intermediate,completed,,22.710767464999662,,,,13576,1107,,14141,0,,,15949,False,,/home/justin/npu-playground/runs/case-study-v2-recovered/repeat-002/20260917T004403Z/hinted_ir/447266263a3f453eaa8dbc213ed114a9/report.json
Terra,2,hinted_ir:triton_fused_attention:amd_xdna2_npu2,hinted_ir,amd_xdna2_npu2,3,code,completed,,142.29666162500143,,,,15253,7750,,18925,0,,,21245,False,,/home/justin/npu-playground/runs/case-study-v2-recovered/repeat-002/20260917T004403Z/hinted_ir/447266263a3f453eaa8dbc213ed114a9/report.json
Terra,2,hinted_ir:triton_fused_attention:amd_xdna2_npu2,hinted_ir,amd_xdna2_npu2,4,intermediate,completed,,26.843905735999215,,,,14335,1307,,15949,0,,,,False,,/home/justin/npu-playground/runs/case-study-v2-recovered/repeat-002/20260917T004403Z/hinted_ir/447266263a3f453eaa8dbc213ed114a9/report.json
Terra,2,hinted_ir:triton_fused_attention:amd_xdna2_npu2,hinted_ir,amd_xdna2_npu2,4,code,completed,,65.95931636800015,,,,16170,3529,,21245,0,,,,False,,/home/justin/npu-playground/runs/case-study-v2-recovered/repeat-002/20260917T004403Z/hinted_ir/447266263a3f453eaa8dbc213ed114a9/report.json
Terra,2,hinted_ir:triton_fused_attention:intel_npu_4000,hinted_ir,intel_npu_4000,1,intermediate,completed,,18.550543094001114,,,,9760,874,,2930,0,,,,False,,/home/justin/npu-playground/runs/case-study-v2-recovered/repeat-002/20260917T004403Z/hinted_ir/0b3d7738797d4311bbeca9d36022bdcf/report.json
Terra,2,hinted_ir:triton_fused_attention:intel_npu_4000,hinted_ir,intel_npu_4000,1,code,completed,,22.343525763000798,,,,10522,1067,,4724,0,,,,False,,/home/justin/npu-playground/runs/case-study-v2-recovered/repeat-002/20260917T004403Z/hinted_ir/0b3d7738797d4311bbeca9d36022bdcf/report.json
Terra,2,hinted_ir:triton_fused_softmax:amd_xdna2_npu2,hinted_ir,amd_xdna2_npu2,1,intermediate,completed,,13.096072293999896,,,,9536,540,,2173,0,,,,False,,/home/justin/npu-playground/runs/case-study-v2-recovered/repeat-002/20260917T004403Z/hinted_ir/fe9b5b5badc045c796bc0baa9c6d96fc/report.json
Terra,2,hinted_ir:triton_fused_softmax:amd_xdna2_npu2,hinted_ir,amd_xdna2_npu2,1,code,completed,,63.64314694299901,,,,10913,3393,,6300,0,,,,False,,/home/justin/npu-playground/runs/case-study-v2-recovered/repeat-002/20260917T004403Z/hinted_ir/fe9b5b5badc045c796bc0baa9c6d96fc/report.json
Terra,2,hinted_ir:triton_fused_softmax:intel_npu_4000,hinted_ir,intel_npu_4000,1,intermediate,completed,,15.049217993999264,,,,9538,658,,2173,0,,,,False,,/home/justin/npu-playground/runs/case-study-v2-recovered/repeat-002/20260917T004403Z/hinted_ir/23fac960d0cb44169034218af5e98008/report.json
Terra,2,hinted_ir:triton_fused_softmax:intel_npu_4000,hinted_ir,intel_npu_4000,1,code,completed,,17.666017382000064,,,,10049,826,,3455,0,,,,False,,/home/justin/npu-playground/runs/case-study-v2-recovered/repeat-002/20260917T004403Z/hinted_ir/23fac960d0cb44169034218af5e98008/report.json
Terra,2,hinted_ir:triton_layer_norm:amd_xdna2_npu2,hinted_ir,amd_xdna2_npu2,1,intermediate,completed,,20.08991684800094,,,,9718,951,,2755,0,,,12383,False,,/home/justin/npu-playground/runs/case-study-v2-recovered/repeat-002/20260917T004403Z/hinted_ir/ecc529f7d162466a98969b92953de06e/report.json
Terra,2,hinted_ir:triton_layer_norm:amd_xdna2_npu2,hinted_ir,amd_xdna2_npu2,1,code,completed,,81.22996908099958,,,,11383,4329,,7949,0,,,17484,False,,/home/justin/npu-playground/runs/case-study-v2-recovered/repeat-002/20260917T004403Z/hinted_ir/ecc529f7d162466a98969b92953de06e/report.json
Terra,2,hinted_ir:triton_layer_norm:amd_xdna2_npu2,hinted_ir,amd_xdna2_npu2,2,intermediate,completed,,17.273770117000822,,,,12898,761,,12383,0,,,12419,False,,/home/justin/npu-playground/runs/case-study-v2-recovered/repeat-002/20260917T004403Z/hinted_ir/ecc529f7d162466a98969b92953de06e/report.json
Terra,2,hinted_ir:triton_layer_norm:amd_xdna2_npu2,hinted_ir,amd_xdna2_npu2,2,code,completed,,62.382933311999295,,,,14545,3313,,17484,0,,,17676,False,,/home/justin/npu-playground/runs/case-study-v2-recovered/repeat-002/20260917T004403Z/hinted_ir/ecc529f7d162466a98969b92953de06e/report.json
Terra,2,hinted_ir:triton_layer_norm:amd_xdna2_npu2,hinted_ir,amd_xdna2_npu2,3,intermediate,completed,,19.3980002290009,,,,12932,881,,12419,0,,,,False,,/home/justin/npu-playground/runs/case-study-v2-recovered/repeat-002/20260917T004403Z/hinted_ir/ecc529f7d162466a98969b92953de06e/report.json
Terra,2,hinted_ir:triton_layer_norm:amd_xdna2_npu2,hinted_ir,amd_xdna2_npu2,3,code,completed,,94.82992624000144,,,,14635,5121,,17676,0,,,,False,,/home/justin/npu-playground/runs/case-study-v2-recovered/repeat-002/20260917T004403Z/hinted_ir/ecc529f7d162466a98969b92953de06e/report.json
Terra,2,hinted_ir:triton_layer_norm:intel_npu_4000,hinted_ir,intel_npu_4000,1,intermediate,completed,,13.980279168001289,,,,9718,605,,2755,0,,,7346,False,,/home/justin/npu-playground/runs/case-study-v2-recovered/repeat-002/20260917T004403Z/hinted_ir/869b942b2ecc445e8bcf8e82a99f694a/report.json
Terra,2,hinted_ir:triton_layer_norm:intel_npu_4000,hinted_ir,intel_npu_4000,1,code,completed,,40.16720707299828,,,,10311,2085,,4461,0,,,9033,False,,/home/justin/npu-playground/runs/case-study-v2-recovered/repeat-002/20260917T004403Z/hinted_ir/869b942b2ecc445e8bcf8e82a99f694a/report.json
Terra,2,hinted_ir:triton_layer_norm:intel_npu_4000,hinted_ir,intel_npu_4000,2,intermediate,completed,,19.571193437001057,,,,11019,799,,7346,0,,,,False,,/home/justin/npu-playground/runs/case-study-v2-recovered/repeat-002/20260917T004403Z/hinted_ir/869b942b2ecc445e8bcf8e82a99f694a/report.json
Terra,2,hinted_ir:triton_layer_norm:intel_npu_4000,hinted_ir,intel_npu_4000,2,code,completed,,12.702924127999722,,,,11596,554,,9033,0,,,,False,,/home/justin/npu-playground/runs/case-study-v2-recovered/repeat-002/20260917T004403Z/hinted_ir/869b942b2ecc445e8bcf8e82a99f694a/report.json
Terra,2,structured_ir:cuda_reduce_sum:amd_xdna2_npu2,structured_ir,amd_xdna2_npu2,1,intermediate,completed,,15.968124888000602,,,,11313,713,,4931,0,,,,False,,/home/justin/npu-playground/runs/case-study-v2-recovered/repeat-002/20260917T004403Z/structured_ir/90e6335df10747629712119c04f64ff0/report.json
Terra,2,structured_ir:cuda_reduce_sum:amd_xdna2_npu2,structured_ir,amd_xdna2_npu2,1,code,completed,,59.53581257699989,,,,11163,3094,,7367,0,,,,False,,/home/justin/npu-playground/runs/case-study-v2-recovered/repeat-002/20260917T004403Z/structured_ir/90e6335df10747629712119c04f64ff0/report.json
Terra,2,structured_ir:cuda_reduce_sum:intel_npu_4000,structured_ir,intel_npu_4000,1,intermediate,completed,,20.459110133999275,,,,11313,961,,4931,0,,,,False,,/home/justin/npu-playground/runs/case-study-v2-recovered/repeat-002/20260917T004403Z/structured_ir/126aff1cc42942e289f376d63fce0155/report.json
Terra,2,structured_ir:cuda_reduce_sum:intel_npu_4000,structured_ir,intel_npu_4000,1,code,completed,,12.333785180999257,,,,10230,508,,4286,0,,,,False,,/home/justin/npu-playground/runs/case-study-v2-recovered/repeat-002/20260917T004403Z/structured_ir/126aff1cc42942e289f376d63fce0155/report.json
Terra,2,structured_ir:cuda_tiled_matmul:amd_xdna2_npu2,structured_ir,amd_xdna2_npu2,1,intermediate,completed,,19.26461466299952,,,,11407,898,,5198,0,,,,False,,/home/justin/npu-playground/runs/case-study-v2-recovered/repeat-002/20260917T004403Z/structured_ir/ef5745e8712b449e86a72140e0e81e0d/report.json
Terra,2,structured_ir:cuda_tiled_matmul:amd_xdna2_npu2,structured_ir,amd_xdna2_npu2,1,code,completed,,64.27826273000028,,,,11323,3413,,7829,0,,,,False,,/home/justin/npu-playground/runs/case-study-v2-recovered/repeat-002/20260917T004403Z/structured_ir/ef5745e8712b449e86a72140e0e81e0d/report.json
Terra,2,structured_ir:cuda_tiled_matmul:intel_npu_4000,structured_ir,intel_npu_4000,1,intermediate,completed,,14.658436248000726,,,,11413,652,,5198,0,,,,False,,/home/justin/npu-playground/runs/case-study-v2-recovered/repeat-002/20260917T004403Z/structured_ir/ca3c9397a6a247bea7e96d0bbb754165/report.json
Terra,2,structured_ir:cuda_tiled_matmul:intel_npu_4000,structured_ir,intel_npu_4000,1,code,completed,,14.963801792000595,,,,10398,659,,4883,0,,,,False,,/home/justin/npu-playground/runs/case-study-v2-recovered/repeat-002/20260917T004403Z/structured_ir/ca3c9397a6a247bea7e96d0bbb754165/report.json
Terra,2,structured_ir:cuda_tiled_transpose:amd_xdna2_npu2,structured_ir,amd_xdna2_npu2,1,intermediate,completed,,9.059035277001385,,,,11266,336,,4728,0,,,,False,,/home/justin/npu-playground/runs/case-study-v2-recovered/repeat-002/20260917T004403Z/structured_ir/8f65161769564733928bc5de049f1797/report.json
Terra,2,structured_ir:cuda_tiled_transpose:amd_xdna2_npu2,structured_ir,amd_xdna2_npu2,1,code,completed,,84.19718617999933,,,,11070,4497,,6983,0,,,16780,False,,/home/justin/npu-playground/runs/case-study-v2-recovered/repeat-002/20260917T004403Z/structured_ir/8f65161769564733928bc5de049f1797/report.json
Terra,2,structured_ir:cuda_tiled_transpose:amd_xdna2_npu2,structured_ir,amd_xdna2_npu2,2,code,completed,,76.04295323199949,,,,14348,3958,,16780,0,,,46652,False,,/home/justin/npu-playground/runs/case-study-v2-recovered/repeat-002/20260917T004403Z/structured_ir/8f65161769564733928bc5de049f1797/report.json
Terra,2,structured_ir:cuda_tiled_transpose:amd_xdna2_npu2,structured_ir,amd_xdna2_npu2,3,code,completed,,100.66413230199942,,,,19164,5409,,46652,0,,,,False,,/home/justin/npu-playground/runs/case-study-v2-recovered/repeat-002/20260917T004403Z/structured_ir/8f65161769564733928bc5de049f1797/report.json
Terra,2,structured_ir:cuda_tiled_transpose:intel_npu_4000,structured_ir,intel_npu_4000,1,intermediate,completed,,16.45021450099921,,,,11270,663,,4728,0,,,,False,,/home/justin/npu-playground/runs/case-study-v2-recovered/repeat-002/20260917T004403Z/structured_ir/762297ee86af4594a536b44a324b2a4b/report.json
Terra,2,structured_ir:cuda_tiled_transpose:intel_npu_4000,structured_ir,intel_npu_4000,1,code,completed,,17.64368003399977,,,,10173,718,,4045,0,,,,False,,/home/justin/npu-playground/runs/case-study-v2-recovered/repeat-002/20260917T004403Z/structured_ir/762297ee86af4594a536b44a324b2a4b/report.json
Terra,2,structured_ir:cuda_vector_add:amd_xdna2_npu2,structured_ir,amd_xdna2_npu2,1,intermediate,completed,,13.737916219999533,,,,11240,605,,4670,0,,,,False,,/home/justin/npu-playground/runs/case-study-v2-recovered/repeat-002/20260917T004403Z/structured_ir/8663cd20fd3645d8ae280e8d809cd040/report.json
Terra,2,structured_ir:cuda_vector_add:amd_xdna2_npu2,structured_ir,amd_xdna2_npu2,1,code,completed,,86.78765379200013,,,,11279,4641,,7611,0,,,,False,,/home/justin/npu-playground/runs/case-study-v2-recovered/repeat-002/20260917T004403Z/structured_ir/8663cd20fd3645d8ae280e8d809cd040/report.json
Terra,2,structured_ir:cuda_vector_add:intel_npu_4000,structured_ir,intel_npu_4000,1,intermediate,completed,,12.393513623001127,,,,11240,514,,4670,0,,,,False,,/home/justin/npu-playground/runs/case-study-v2-recovered/repeat-002/20260917T004403Z/structured_ir/f9a607a3c5c84e9bb280b9e7c6efd26e/report.json
Terra,2,structured_ir:cuda_vector_add:intel_npu_4000,structured_ir,intel_npu_4000,1,code,completed,,13.348942505001105,,,,10340,577,,4528,0,,,,False,,/home/justin/npu-playground/runs/case-study-v2-recovered/repeat-002/20260917T004403Z/structured_ir/f9a607a3c5c84e9bb280b9e7c6efd26e/report.json
Terra,2,structured_ir:hip_gamma_correction:amd_xdna2_npu2,structured_ir,amd_xdna2_npu2,1,intermediate,completed,,12.10090648500045,,,,11266,518,,4760,0,,,,False,,/home/justin/npu-playground/runs/case-study-v2-recovered/repeat-002/20260917T004403Z/structured_ir/d2556e32e5f14990883bbb2fc43f18f2/report.json
Terra,2,structured_ir:hip_gamma_correction:amd_xdna2_npu2,structured_ir,amd_xdna2_npu2,1,code,completed,,110.21623979600008,,,,11250,5969,,7483,0,,,21176,False,,/home/justin/npu-playground/runs/case-study-v2-recovered/repeat-002/20260917T004403Z/structured_ir/d2556e32e5f14990883bbb2fc43f18f2/report.json
Terra,2,structured_ir:hip_gamma_correction:amd_xdna2_npu2,structured_ir,amd_xdna2_npu2,2,code,completed,,59.08637825400001,,,,16272,3127,,21176,0,,,,False,,/home/justin/npu-playground/runs/case-study-v2-recovered/repeat-002/20260917T004403Z/structured_ir/d2556e32e5f14990883bbb2fc43f18f2/report.json
Terra,2,structured_ir:hip_gamma_correction:intel_npu_4000,structured_ir,intel_npu_4000,1,intermediate,completed,,15.065582645000177,,,,11262,690,,4760,0,,,,False,,/home/justin/npu-playground/runs/case-study-v2-recovered/repeat-002/20260917T004403Z/structured_ir/d65df62bb9a549c593c2b2f6e2ac27a1/report.json
Terra,2,structured_ir:hip_gamma_correction:intel_npu_4000,structured_ir,intel_npu_4000,1,code,completed,,13.976645840999481,,,,10290,610,,4392,0,,,,False,,/home/justin/npu-playground/runs/case-study-v2-recovered/repeat-002/20260917T004403Z/structured_ir/d65df62bb9a549c593c2b2f6e2ac27a1/report.json
Terra,2,structured_ir:hip_image_convolution:amd_xdna2_npu2,structured_ir,amd_xdna2_npu2,1,intermediate,completed,,22.281150824999713,,,,11394,979,,5079,0,,,,False,,/home/justin/npu-playground/runs/case-study-v2-recovered/repeat-002/20260917T004403Z/structured_ir/5b572f15ff5f41c4962d38e01a55d4bc/report.json
Terra,2,structured_ir:hip_image_convolution:amd_xdna2_npu2,structured_ir,amd_xdna2_npu2,1,code,completed,,57.060356817000866,,,,11449,2976,,8145,0,,,,False,,/home/justin/npu-playground/runs/case-study-v2-recovered/repeat-002/20260917T004403Z/structured_ir/5b572f15ff5f41c4962d38e01a55d4bc/report.json
Terra,2,structured_ir:hip_image_convolution:intel_npu_4000,structured_ir,intel_npu_4000,1,intermediate,completed,,19.042787596999915,,,,11396,801,,5079,0,,,,False,,/home/justin/npu-playground/runs/case-study-v2-recovered/repeat-002/20260917T004403Z/structured_ir/ad48da19bce2482094e42c544f1bc587/report.json
Terra,2,structured_ir:hip_image_convolution:intel_npu_4000,structured_ir,intel_npu_4000,1,code,completed,,16.55543454600047,,,,10442,753,,4911,0,,,,False,,/home/justin/npu-playground/runs/case-study-v2-recovered/repeat-002/20260917T004403Z/structured_ir/ad48da19bce2482094e42c544f1bc587/report.json
Terra,2,structured_ir:hip_moving_average:amd_xdna2_npu2,structured_ir,amd_xdna2_npu2,1,intermediate,completed,,14.406247791999704,,,,11258,613,,4763,0,,,,False,,/home/justin/npu-playground/runs/case-study-v2-recovered/repeat-002/20260917T004403Z/structured_ir/411ffbd9b6724710aeae7285065464f0/report.json
Terra,2,structured_ir:hip_moving_average:amd_xdna2_npu2,structured_ir,amd_xdna2_npu2,1,code,completed,,169.4992336989999,,,,11228,9242,,7479,0,,,23863,False,,/home/justin/npu-playground/runs/case-study-v2-recovered/repeat-002/20260917T004403Z/structured_ir/411ffbd9b6724710aeae7285065464f0/report.json
Terra,2,structured_ir:hip_moving_average:amd_xdna2_npu2,structured_ir,amd_xdna2_npu2,2,code,completed,,69.35083376900002,,,,17170,3685,,23863,0,,,,False,,/home/justin/npu-playground/runs/case-study-v2-recovered/repeat-002/20260917T004403Z/structured_ir/411ffbd9b6724710aeae7285065464f0/report.json
Terra,2,structured_ir:hip_moving_average:intel_npu_4000,structured_ir,intel_npu_4000,1,intermediate,completed,,17.641482641998664,,,,11260,782,,4763,0,,,,False,,/home/justin/npu-playground/runs/case-study-v2-recovered/repeat-002/20260917T004403Z/structured_ir/b4bea836d601420b8351f091ac5ebc92/report.json
Terra,2,structured_ir:hip_moving_average:intel_npu_4000,structured_ir,intel_npu_4000,1,code,completed,,63.512199734001115,,,,10305,3327,,4525,0,,,,False,,/home/justin/npu-playground/runs/case-study-v2-recovered/repeat-002/20260917T004403Z/structured_ir/b4bea836d601420b8351f091ac5ebc92/report.json
Terra,2,structured_ir:triton_fused_attention:amd_xdna2_npu2,structured_ir,amd_xdna2_npu2,1,intermediate,completed,,17.129117006999877,,,,11462,789,,5566,0,,,,False,,/home/justin/npu-playground/runs/case-study-v2-recovered/repeat-002/20260917T004403Z/structured_ir/edda1040a99e44b09ccecfa36196e5f4/report.json
Terra,2,structured_ir:triton_fused_attention:amd_xdna2_npu2,structured_ir,amd_xdna2_npu2,1,code,completed,,84.95510698700127,,,,11557,4572,,8722,0,,,20959,False,,/home/justin/npu-playground/runs/case-study-v2-recovered/repeat-002/20260917T004403Z/structured_ir/edda1040a99e44b09ccecfa36196e5f4/report.json
Terra,2,structured_ir:triton_fused_attention:amd_xdna2_npu2,structured_ir,amd_xdna2_npu2,2,code,completed,,60.41938091499833,,,,15237,3201,,20959,0,,,21085,False,,/home/justin/npu-playground/runs/case-study-v2-recovered/repeat-002/20260917T004403Z/structured_ir/edda1040a99e44b09ccecfa36196e5f4/report.json
Terra,2,structured_ir:triton_fused_attention:amd_xdna2_npu2,structured_ir,amd_xdna2_npu2,3,code,completed,,133.44402615599938,,,,15436,7238,,21085,0,,,18749,False,,/home/justin/npu-playground/runs/case-study-v2-recovered/repeat-002/20260917T004403Z/structured_ir/edda1040a99e44b09ccecfa36196e5f4/report.json
Terra,2,structured_ir:triton_fused_attention:amd_xdna2_npu2,structured_ir,amd_xdna2_npu2,4,code,completed,,86.6905586339999,,,,14613,4628,,18749,0,,,21106,False,,/home/justin/npu-playground/runs/case-study-v2-recovered/repeat-002/20260917T004403Z/structured_ir/edda1040a99e44b09ccecfa36196e5f4/report.json
Terra,2,structured_ir:triton_fused_attention:amd_xdna2_npu2,structured_ir,amd_xdna2_npu2,5,code,completed,,126.56737342300039,,,,15441,6869,,21106,0,,,19550,False,,/home/justin/npu-playground/runs/case-study-v2-recovered/repeat-002/20260917T004403Z/structured_ir/edda1040a99e44b09ccecfa36196e5f4/report.json
Terra,2,structured_ir:triton_fused_attention:amd_xdna2_npu2,structured_ir,amd_xdna2_npu2,6,code,completed,,60.95653985699937,,,,14933,3232,,19550,0,,,53022,False,,/home/justin/npu-playground/runs/case-study-v2-recovered/repeat-002/20260917T004403Z/structured_ir/edda1040a99e44b09ccecfa36196e5f4/report.json
Terra,2,structured_ir:triton_fused_attention:amd_xdna2_npu2,structured_ir,amd_xdna2_npu2,7,code,completed,,126.51119038599973,,,,21032,6854,,53022,0,,,20974,False,,/home/justin/npu-playground/runs/case-study-v2-recovered/repeat-002/20260917T004403Z/structured_ir/edda1040a99e44b09ccecfa36196e5f4/report.json
Terra,2,structured_ir:triton_fused_attention:amd_xdna2_npu2,structured_ir,amd_xdna2_npu2,8,code,completed,,110.59458115099915,,,,15395,5880,,20974,0,,,,False,,/home/justin/npu-playground/runs/case-study-v2-recovered/repeat-002/20260917T004403Z/structured_ir/edda1040a99e44b09ccecfa36196e5f4/report.json
Terra,2,structured_ir:triton_fused_attention:intel_npu_4000,structured_ir,intel_npu_4000,1,intermediate,completed,,64.11344551700131,,,,11462,3373,,5566,0,,,,False,,/home/justin/npu-playground/runs/case-study-v2-recovered/repeat-002/20260917T004403Z/structured_ir/9f691911dd3e41ba881ad573581f1dea/report.json
Terra,2,structured_ir:triton_fused_attention:intel_npu_4000,structured_ir,intel_npu_4000,1,code,completed,,23.518726869000602,,,,12241,1109,,11964,0,,,,False,,/home/justin/npu-playground/runs/case-study-v2-recovered/repeat-002/20260917T004403Z/structured_ir/9f691911dd3e41ba881ad573581f1dea/report.json
Terra,2,structured_ir:triton_fused_softmax:amd_xdna2_npu2,structured_ir,amd_xdna2_npu2,1,intermediate,completed,,14.633520082001269,,,,11238,617,,4808,0,,,,False,,/home/justin/npu-playground/runs/case-study-v2-recovered/repeat-002/20260917T004403Z/structured_ir/aeeaffeb31f247a180af2e80a159cca6/report.json
Terra,2,structured_ir:triton_fused_softmax:amd_xdna2_npu2,structured_ir,amd_xdna2_npu2,1,code,completed,,32.81887750900023,,,,11151,1649,,7317,0,,,15679,False,,/home/justin/npu-playground/runs/case-study-v2-recovered/repeat-002/20260917T004403Z/structured_ir/aeeaffeb31f247a180af2e80a159cca6/report.json
Terra,2,structured_ir:triton_fused_softmax:amd_xdna2_npu2,structured_ir,amd_xdna2_npu2,2,code,completed,,42.46301846099959,,,,13578,2188,,15679,0,,,,False,,/home/justin/npu-playground/runs/case-study-v2-recovered/repeat-002/20260917T004403Z/structured_ir/aeeaffeb31f247a180af2e80a159cca6/report.json
Terra,2,structured_ir:triton_fused_softmax:intel_npu_4000,structured_ir,intel_npu_4000,1,intermediate,completed,,15.067344812998272,,,,11238,611,,4808,0,,,,False,,/home/justin/npu-playground/runs/case-study-v2-recovered/repeat-002/20260917T004403Z/structured_ir/ce56c384f334431d8b39e2b868b0fd24/report.json
Terra,2,structured_ir:triton_fused_softmax:intel_npu_4000,structured_ir,intel_npu_4000,1,code,completed,,8.440080387001217,,,,10158,297,,4117,0,,,,False,,/home/justin/npu-playground/runs/case-study-v2-recovered/repeat-002/20260917T004403Z/structured_ir/ce56c384f334431d8b39e2b868b0fd24/report.json
Terra,2,structured_ir:triton_layer_norm:amd_xdna2_npu2,structured_ir,amd_xdna2_npu2,1,intermediate,completed,,36.90487836399916,,,,11420,1882,,5388,0,,,,False,,/home/justin/npu-playground/runs/case-study-v2-recovered/repeat-002/20260917T004403Z/structured_ir/f10403d15c3f4e9aba46a387bb40a9e1/report.json
Terra,2,structured_ir:triton_layer_norm:amd_xdna2_npu2,structured_ir,amd_xdna2_npu2,1,code,completed,,129.89518029700048,,,,13101,7058,,14933,0,,,32438,False,,/home/justin/npu-playground/runs/case-study-v2-recovered/repeat-002/20260917T004403Z/structured_ir/f10403d15c3f4e9aba46a387bb40a9e1/report.json
Terra,2,structured_ir:triton_layer_norm:amd_xdna2_npu2,structured_ir,amd_xdna2_npu2,2,code,completed,,78.87701644800109,,,,18063,4251,,32438,0,,,,False,,/home/justin/npu-playground/runs/case-study-v2-recovered/repeat-002/20260917T004403Z/structured_ir/f10403d15c3f4e9aba46a387bb40a9e1/report.json
Terra,2,structured_ir:triton_layer_norm:intel_npu_4000,structured_ir,intel_npu_4000,1,intermediate,completed,,35.673508911999306,,,,11424,1833,,5388,0,,,,False,,/home/justin/npu-playground/runs/case-study-v2-recovered/repeat-002/20260917T004403Z/structured_ir/e1e427c7970a4bf0b2c965fd9069191b/report.json
Terra,2,structured_ir:triton_layer_norm:intel_npu_4000,structured_ir,intel_npu_4000,1,code,completed,,26.453395096999884,,,,12103,1262,,11632,0,,,,False,,/home/justin/npu-playground/runs/case-study-v2-recovered/repeat-002/20260917T004403Z/structured_ir/e1e427c7970a4bf0b2c965fd9069191b/report.json
Terra,2,structured_ir_no_reuse:cuda_reduce_sum:amd_xdna2_npu2,structured_ir_no_reuse,amd_xdna2_npu2,1,intermediate,completed,,18.357757253999807,,,,11313,812,,4931,0,,,,False,,/home/justin/npu-playground/runs/case-study-v2-recovered/repeat-002/20260917T004403Z/structured_ir_no_reuse/26d9bf1e538e488dbead4d459f0a3f77/report.json
Terra,2,structured_ir_no_reuse:cuda_reduce_sum:amd_xdna2_npu2,structured_ir_no_reuse,amd_xdna2_npu2,1,code,completed,,75.40976974300065,,,,11174,4032,,7351,0,,,,False,,/home/justin/npu-playground/runs/case-study-v2-recovered/repeat-002/20260917T004403Z/structured_ir_no_reuse/26d9bf1e538e488dbead4d459f0a3f77/report.json
Terra,2,structured_ir_no_reuse:cuda_reduce_sum:intel_npu_4000,structured_ir_no_reuse,intel_npu_4000,1,intermediate,completed,,18.307966637999925,,,,11309,816,,4931,0,,,,False,,/home/justin/npu-playground/runs/case-study-v2-recovered/repeat-002/20260917T004403Z/structured_ir_no_reuse/2113f8dda9b54355b8b98a922575b282/report.json
Terra,2,structured_ir_no_reuse:cuda_reduce_sum:intel_npu_4000,structured_ir_no_reuse,intel_npu_4000,1,code,completed,,13.471472237999478,,,,10227,581,,4280,0,,,,False,,/home/justin/npu-playground/runs/case-study-v2-recovered/repeat-002/20260917T004403Z/structured_ir_no_reuse/2113f8dda9b54355b8b98a922575b282/report.json
Terra,2,structured_ir_no_reuse:cuda_tiled_matmul:amd_xdna2_npu2,structured_ir_no_reuse,amd_xdna2_npu2,1,intermediate,completed,,20.632963361000293,,,,11407,932,,5198,0,,,,False,,/home/justin/npu-playground/runs/case-study-v2-recovered/repeat-002/20260917T004403Z/structured_ir_no_reuse/e0043313420240c789012a3a62e204e3/report.json
Terra,2,structured_ir_no_reuse:cuda_tiled_matmul:amd_xdna2_npu2,structured_ir_no_reuse,amd_xdna2_npu2,1,code,completed,,87.12664560000121,,,,11354,4674,,7993,0,,,,False,,/home/justin/npu-playground/runs/case-study-v2-recovered/repeat-002/20260917T004403Z/structured_ir_no_reuse/e0043313420240c789012a3a62e204e3/report.json
Terra,2,structured_ir_no_reuse:cuda_tiled_matmul:intel_npu_4000,structured_ir_no_reuse,intel_npu_4000,1,intermediate,completed,,14.441857492000054,,,,11413,578,,5198,0,,,,False,,/home/justin/npu-playground/runs/case-study-v2-recovered/repeat-002/20260917T004403Z/structured_ir_no_reuse/098334d03bb241cda7565654d0f1e314/report.json
Terra,2,structured_ir_no_reuse:cuda_tiled_matmul:intel_npu_4000,structured_ir_no_reuse,intel_npu_4000,1,code,completed,,14.49556652299907,,,,10365,641,,4756,0,,,,False,,/home/justin/npu-playground/runs/case-study-v2-recovered/repeat-002/20260917T004403Z/structured_ir_no_reuse/098334d03bb241cda7565654d0f1e314/report.json
Terra,2,structured_ir_no_reuse:cuda_tiled_transpose:amd_xdna2_npu2,structured_ir_no_reuse,amd_xdna2_npu2,1,intermediate,completed,,12.074574048998329,,,,11266,475,,4728,0,,,,False,,/home/justin/npu-playground/runs/case-study-v2-recovered/repeat-002/20260917T004403Z/structured_ir_no_reuse/4cd65c68c5d84e37b1995cb41c7ebdd6/report.json
Terra,2,structured_ir_no_reuse:cuda_tiled_transpose:amd_xdna2_npu2,structured_ir_no_reuse,amd_xdna2_npu2,1,code,completed,,68.31506832000014,,,,11109,3618,,7057,0,,,,False,,/home/justin/npu-playground/runs/case-study-v2-recovered/repeat-002/20260917T004403Z/structured_ir_no_reuse/4cd65c68c5d84e37b1995cb41c7ebdd6/report.json
Terra,2,structured_ir_no_reuse:cuda_tiled_transpose:intel_npu_4000,structured_ir_no_reuse,intel_npu_4000,1,intermediate,completed,,12.849865481000961,,,,11268,461,,4728,0,,,,False,,/home/justin/npu-playground/runs/case-study-v2-recovered/repeat-002/20260917T004403Z/structured_ir_no_reuse/96b362fd991e45e8883305d66378d0c9/report.json
Terra,2,structured_ir_no_reuse:cuda_tiled_transpose:intel_npu_4000,structured_ir_no_reuse,intel_npu_4000,1,code,completed,,13.68291258499994,,,,10169,588,,4031,0,,,,False,,/home/justin/npu-playground/runs/case-study-v2-recovered/repeat-002/20260917T004403Z/structured_ir_no_reuse/96b362fd991e45e8883305d66378d0c9/report.json
Terra,2,structured_ir_no_reuse:cuda_vector_add:amd_xdna2_npu2,structured_ir_no_reuse,amd_xdna2_npu2,1,intermediate,completed,,14.736134899998433,,,,11242,624,,4670,0,,,,False,,/home/justin/npu-playground/runs/case-study-v2-recovered/repeat-002/20260917T004403Z/structured_ir_no_reuse/89f341a40fa84b9caacf9bc3546c5161/report.json
Terra,2,structured_ir_no_reuse:cuda_vector_add:amd_xdna2_npu2,structured_ir_no_reuse,amd_xdna2_npu2,1,code,completed,,84.06800911000028,,,,11274,4443,,7564,0,,,,False,,/home/justin/npu-playground/runs/case-study-v2-recovered/repeat-002/20260917T004403Z/structured_ir_no_reuse/89f341a40fa84b9caacf9bc3546c5161/report.json
Terra,2,structured_ir_no_reuse:cuda_vector_add:intel_npu_4000,structured_ir_no_reuse,intel_npu_4000,1,intermediate,completed,,13.781379903000925,,,,11238,547,,4670,0,,,,False,,/home/justin/npu-playground/runs/case-study-v2-recovered/repeat-002/20260917T004403Z/structured_ir_no_reuse/f032860cd428445688ed6cec161326bd/report.json
Terra,2,structured_ir_no_reuse:cuda_vector_add:intel_npu_4000,structured_ir_no_reuse,intel_npu_4000,1,code,completed,,11.017019378999976,,,,10328,457,,4511,0,,,,False,,/home/justin/npu-playground/runs/case-study-v2-recovered/repeat-002/20260917T004403Z/structured_ir_no_reuse/f032860cd428445688ed6cec161326bd/report.json
Terra,2,structured_ir_no_reuse:hip_gamma_correction:amd_xdna2_npu2,structured_ir_no_reuse,amd_xdna2_npu2,1,intermediate,completed,,14.481324304000736,,,,11256,551,,4760,0,,,,False,,/home/justin/npu-playground/runs/case-study-v2-recovered/repeat-002/20260917T004403Z/structured_ir_no_reuse/622d6c1661f74ab4969f0029d00838d4/report.json
Terra,2,structured_ir_no_reuse:hip_gamma_correction:amd_xdna2_npu2,structured_ir_no_reuse,amd_xdna2_npu2,1,code,completed,,66.09734785599903,,,,11273,3478,,7537,0,,,,False,,/home/justin/npu-playground/runs/case-study-v2-recovered/repeat-002/20260917T004403Z/structured_ir_no_reuse/622d6c1661f74ab4969f0029d00838d4/report.json
Terra,2,structured_ir_no_reuse:hip_gamma_correction:intel_npu_4000,structured_ir_no_reuse,intel_npu_4000,1,intermediate,completed,,14.657827175999046,,,,11260,622,,4760,0,,,,False,,/home/justin/npu-playground/runs/case-study-v2-recovered/repeat-002/20260917T004403Z/structured_ir_no_reuse/f3b57f172a4744ab9f302c3032bcf7c4/report.json
Terra,2,structured_ir_no_reuse:hip_gamma_correction:intel_npu_4000,structured_ir_no_reuse,intel_npu_4000,1,code,completed,,27.01392291799857,,,,10345,1278,,4541,0,,,,False,,/home/justin/npu-playground/runs/case-study-v2-recovered/repeat-002/20260917T004403Z/structured_ir_no_reuse/f3b57f172a4744ab9f302c3032bcf7c4/report.json
Terra,2,structured_ir_no_reuse:hip_image_convolution:amd_xdna2_npu2,structured_ir_no_reuse,amd_xdna2_npu2,1,intermediate,completed,,20.130643466000038,,,,11394,946,,5079,0,,,14215,False,,/home/justin/npu-playground/runs/case-study-v2-recovered/repeat-002/20260917T004403Z/structured_ir_no_reuse/bdfb8ce532524100958dec998a014220/report.json
Terra,2,structured_ir_no_reuse:hip_image_convolution:amd_xdna2_npu2,structured_ir_no_reuse,amd_xdna2_npu2,1,code,completed,,64.79292728899964,,,,11475,3436,,8314,0,,,17450,False,,/home/justin/npu-playground/runs/case-study-v2-recovered/repeat-002/20260917T004403Z/structured_ir_no_reuse/bdfb8ce532524100958dec998a014220/report.json
Terra,2,structured_ir_no_reuse:hip_image_convolution:amd_xdna2_npu2,structured_ir_no_reuse,amd_xdna2_npu2,2,intermediate,completed,,15.376831117999245,,,,14037,691,,14215,0,,,,False,,/home/justin/npu-playground/runs/case-study-v2-recovered/repeat-002/20260917T004403Z/structured_ir_no_reuse/bdfb8ce532524100958dec998a014220/report.json
Terra,2,structured_ir_no_reuse:hip_image_convolution:amd_xdna2_npu2,structured_ir_no_reuse,amd_xdna2_npu2,2,code,completed,,77.15691952999987,,,,14118,4115,,17450,0,,,,False,,/home/justin/npu-playground/runs/case-study-v2-recovered/repeat-002/20260917T004403Z/structured_ir_no_reuse/bdfb8ce532524100958dec998a014220/report.json
Terra,2,structured_ir_no_reuse:hip_image_convolution:intel_npu_4000,structured_ir_no_reuse,intel_npu_4000,1,intermediate,completed,,17.64034714799891,,,,11396,825,,5079,0,,,,False,,/home/justin/npu-playground/runs/case-study-v2-recovered/repeat-002/20260917T004403Z/structured_ir_no_reuse/007a8a9eb66645ff8a784839f6f2db09/report.json
Terra,2,structured_ir_no_reuse:hip_image_convolution:intel_npu_4000,structured_ir_no_reuse,intel_npu_4000,1,code,completed,,14.220607098999608,,,,10516,641,,5123,0,,,,False,,/home/justin/npu-playground/runs/case-study-v2-recovered/repeat-002/20260917T004403Z/structured_ir_no_reuse/007a8a9eb66645ff8a784839f6f2db09/report.json
Terra,2,structured_ir_no_reuse:hip_moving_average:amd_xdna2_npu2,structured_ir_no_reuse,amd_xdna2_npu2,1,intermediate,completed,,17.100993121999636,,,,11260,763,,4763,0,,,17479,False,,/home/justin/npu-playground/runs/case-study-v2-recovered/repeat-002/20260917T004403Z/structured_ir_no_reuse/dd1c02e5e23549dd9f3a1d8d2f8655d2/report.json
Terra,2,structured_ir_no_reuse:hip_moving_average:amd_xdna2_npu2,structured_ir_no_reuse,amd_xdna2_npu2,1,code,completed,,123.11623726499965,,,,11265,6677,,7684,0,,,20390,False,,/home/justin/npu-playground/runs/case-study-v2-recovered/repeat-002/20260917T004403Z/structured_ir_no_reuse/dd1c02e5e23549dd9f3a1d8d2f8655d2/report.json
Terra,2,structured_ir_no_reuse:hip_moving_average:amd_xdna2_npu2,structured_ir_no_reuse,amd_xdna2_npu2,2,intermediate,completed,,14.188210735999746,,,,15578,614,,17479,0,,,,False,,/home/justin/npu-playground/runs/case-study-v2-recovered/repeat-002/20260917T004403Z/structured_ir_no_reuse/dd1c02e5e23549dd9f3a1d8d2f8655d2/report.json
Terra,2,structured_ir_no_reuse:hip_moving_average:amd_xdna2_npu2,structured_ir_no_reuse,amd_xdna2_npu2,2,code,completed,,45.72120982800152,,,,15583,2340,,20390,0,,,,False,,/home/justin/npu-playground/runs/case-study-v2-recovered/repeat-002/20260917T004403Z/structured_ir_no_reuse/dd1c02e5e23549dd9f3a1d8d2f8655d2/report.json
Terra,2,structured_ir_no_reuse:hip_moving_average:intel_npu_4000,structured_ir_no_reuse,intel_npu_4000,1,intermediate,completed,,17.67538065199915,,,,11258,824,,4763,0,,,,False,,/home/justin/npu-playground/runs/case-study-v2-recovered/repeat-002/20260917T004403Z/structured_ir_no_reuse/f243f3ca146e4b5d96514057b03c989f/report.json
Terra,2,structured_ir_no_reuse:hip_moving_average:intel_npu_4000,structured_ir_no_reuse,intel_npu_4000,1,code,completed,,59.73761201599882,,,,10261,2984,,4428,0,,,,False,,/home/justin/npu-playground/runs/case-study-v2-recovered/repeat-002/20260917T004403Z/structured_ir_no_reuse/f243f3ca146e4b5d96514057b03c989f/report.json
Terra,2,structured_ir_no_reuse:triton_fused_attention:amd_xdna2_npu2,structured_ir_no_reuse,amd_xdna2_npu2,1,intermediate,completed,,40.21715123800095,,,,11464,2070,,5566,0,,,19402,False,,/home/justin/npu-playground/runs/case-study-v2-recovered/repeat-002/20260917T004403Z/structured_ir_no_reuse/4a692633ce3f4157864e67494829cf4a/report.json
Terra,2,structured_ir_no_reuse:triton_fused_attention:amd_xdna2_npu2,structured_ir_no_reuse,amd_xdna2_npu2,1,code,completed,,120.97188522000033,,,,11607,6548,,8889,0,,,22713,False,,/home/justin/npu-playground/runs/case-study-v2-recovered/repeat-002/20260917T004403Z/structured_ir_no_reuse/4a692633ce3f4157864e67494829cf4a/report.json
Terra,2,structured_ir_no_reuse:triton_fused_attention:amd_xdna2_npu2,structured_ir_no_reuse,amd_xdna2_npu2,2,intermediate,completed,,18.87415954900098,,,,15567,876,,19402,0,,,84219,False,,/home/justin/npu-playground/runs/case-study-v2-recovered/repeat-002/20260917T004403Z/structured_ir_no_reuse/4a692633ce3f4157864e67494829cf4a/report.json
Terra,2,structured_ir_no_reuse:triton_fused_attention:amd_xdna2_npu2,structured_ir_no_reuse,amd_xdna2_npu2,2,code,completed,,58.43078079999941,,,,15714,3009,,22713,0,,,94105,False,,/home/justin/npu-playground/runs/case-study-v2-recovered/repeat-002/20260917T004403Z/structured_ir_no_reuse/4a692633ce3f4157864e67494829cf4a/report.json
Terra,2,structured_ir_no_reuse:triton_fused_attention:amd_xdna2_npu2,structured_ir_no_reuse,amd_xdna2_npu2,3,intermediate,completed,,66.94724466700063,,,,26657,3533,,84219,0,,,91521,False,,/home/justin/npu-playground/runs/case-study-v2-recovered/repeat-002/20260917T004403Z/structured_ir_no_reuse/4a692633ce3f4157864e67494829cf4a/report.json
Terra,2,structured_ir_no_reuse:triton_fused_attention:amd_xdna2_npu2,structured_ir_no_reuse,amd_xdna2_npu2,3,code,completed,,141.92597869699966,,,,28483,7724,,94105,0,,,101407,False,,/home/justin/npu-playground/runs/case-study-v2-recovered/repeat-002/20260917T004403Z/structured_ir_no_reuse/4a692633ce3f4157864e67494829cf4a/report.json
Terra,2,structured_ir_no_reuse:triton_fused_attention:amd_xdna2_npu2,structured_ir_no_reuse,amd_xdna2_npu2,4,intermediate,completed,,50.306761600000755,,,,28391,2635,,91521,0,,,90257,False,,/home/justin/npu-playground/runs/case-study-v2-recovered/repeat-002/20260917T004403Z/structured_ir_no_reuse/4a692633ce3f4157864e67494829cf4a/report.json
Terra,2,structured_ir_no_reuse:triton_fused_attention:amd_xdna2_npu2,structured_ir_no_reuse,amd_xdna2_npu2,4,code,completed,,114.36603227100022,,,,30213,6199,,101407,0,,,100110,False,,/home/justin/npu-playground/runs/case-study-v2-recovered/repeat-002/20260917T004403Z/structured_ir_no_reuse/4a692633ce3f4157864e67494829cf4a/report.json
Terra,2,structured_ir_no_reuse:triton_fused_attention:amd_xdna2_npu2,structured_ir_no_reuse,amd_xdna2_npu2,5,intermediate,completed,,50.79435553300027,,,,28062,2605,,90257,0,,,91328,False,,/home/justin/npu-playground/runs/case-study-v2-recovered/repeat-002/20260917T004403Z/structured_ir_no_reuse/4a692633ce3f4157864e67494829cf4a/report.json
Terra,2,structured_ir_no_reuse:triton_fused_attention:amd_xdna2_npu2,structured_ir_no_reuse,amd_xdna2_npu2,5,code,completed,,126.23434017,,,,29884,6862,,100110,0,,,101181,False,,/home/justin/npu-playground/runs/case-study-v2-recovered/repeat-002/20260917T004403Z/structured_ir_no_reuse/4a692633ce3f4157864e67494829cf4a/report.json
Terra,2,structured_ir_no_reuse:triton_fused_attention:amd_xdna2_npu2,structured_ir_no_reuse,amd_xdna2_npu2,6,intermediate,completed,,51.493354870000985,,,,28309,2592,,91328,0,,,,False,,/home/justin/npu-playground/runs/case-study-v2-recovered/repeat-002/20260917T004403Z/structured_ir_no_reuse/4a692633ce3f4157864e67494829cf4a/report.json
Terra,2,structured_ir_no_reuse:triton_fused_attention:amd_xdna2_npu2,structured_ir_no_reuse,amd_xdna2_npu2,6,code,completed,,124.69704717599961,,,,30135,6720,,101181,0,,,,False,,/home/justin/npu-playground/runs/case-study-v2-recovered/repeat-002/20260917T004403Z/structured_ir_no_reuse/4a692633ce3f4157864e67494829cf4a/report.json
Terra,2,structured_ir_no_reuse:triton_fused_attention:intel_npu_4000,structured_ir_no_reuse,intel_npu_4000,1,intermediate,completed,,74.03346927099847,,,,11462,3959,,5566,0,,,,False,,/home/justin/npu-playground/runs/case-study-v2-recovered/repeat-002/20260917T004403Z/structured_ir_no_reuse/0dfe95538d0e4f9d835284e3bf1f4e81/report.json
Terra,2,structured_ir_no_reuse:triton_fused_attention:intel_npu_4000,structured_ir_no_reuse,intel_npu_4000,1,code,completed,,54.41268137499901,,,,12294,2863,,12237,0,,,,False,,/home/justin/npu-playground/runs/case-study-v2-recovered/repeat-002/20260917T004403Z/structured_ir_no_reuse/0dfe95538d0e4f9d835284e3bf1f4e81/report.json
Terra,2,structured_ir_no_reuse:triton_fused_softmax:amd_xdna2_npu2,structured_ir_no_reuse,amd_xdna2_npu2,1,intermediate,completed,,24.416822047000096,,,,11236,1196,,4808,0,,,,False,,/home/justin/npu-playground/runs/case-study-v2-recovered/repeat-002/20260917T004403Z/structured_ir_no_reuse/4dd913129ce44706a6838eb4bcc1dbfc/report.json
Terra,2,structured_ir_no_reuse:triton_fused_softmax:amd_xdna2_npu2,structured_ir_no_reuse,amd_xdna2_npu2,1,code,completed,,51.79220129299938,,,,11742,2715,,9591,0,,,,False,,/home/justin/npu-playground/runs/case-study-v2-recovered/repeat-002/20260917T004403Z/structured_ir_no_reuse/4dd913129ce44706a6838eb4bcc1dbfc/report.json
Terra,2,structured_ir_no_reuse:triton_fused_softmax:intel_npu_4000,structured_ir_no_reuse,intel_npu_4000,1,intermediate,completed,,24.187204611000197,,,,11238,1177,,4808,0,,,,False,,/home/justin/npu-playground/runs/case-study-v2-recovered/repeat-002/20260917T004403Z/structured_ir_no_reuse/9f48790f0e004bbc8b849781470bc547/report.json
Terra,2,structured_ir_no_reuse:triton_fused_softmax:intel_npu_4000,structured_ir_no_reuse,intel_npu_4000,1,code,completed,,17.967689250001058,,,,10775,833,,6429,0,,,,False,,/home/justin/npu-playground/runs/case-study-v2-recovered/repeat-002/20260917T004403Z/structured_ir_no_reuse/9f48790f0e004bbc8b849781470bc547/report.json
Terra,2,structured_ir_no_reuse:triton_layer_norm:amd_xdna2_npu2,structured_ir_no_reuse,amd_xdna2_npu2,1,intermediate,completed,,37.02183409099962,,,,11422,1835,,5388,0,,,22471,False,,/home/justin/npu-playground/runs/case-study-v2-recovered/repeat-002/20260917T004403Z/structured_ir_no_reuse/262c7203c14541c1a8cf3af5526be518/report.json
Terra,2,structured_ir_no_reuse:triton_layer_norm:amd_xdna2_npu2,structured_ir_no_reuse,amd_xdna2_npu2,1,code,completed,,96.80196996599989,,,,13050,5229,,14707,0,,,31790,False,,/home/justin/npu-playground/runs/case-study-v2-recovered/repeat-002/20260917T004403Z/structured_ir_no_reuse/262c7203c14541c1a8cf3af5526be518/report.json
Terra,2,structured_ir_no_reuse:triton_layer_norm:amd_xdna2_npu2,structured_ir_no_reuse,amd_xdna2_npu2,2,intermediate,completed,,30.532193086000916,,,,16274,1522,,22471,0,,,,False,,/home/justin/npu-playground/runs/case-study-v2-recovered/repeat-002/20260917T004403Z/structured_ir_no_reuse/262c7203c14541c1a8cf3af5526be518/report.json
Terra,2,structured_ir_no_reuse:triton_layer_norm:amd_xdna2_npu2,structured_ir_no_reuse,amd_xdna2_npu2,2,code,completed,,86.30417119600133,,,,17912,4570,,31790,0,,,,False,,/home/justin/npu-playground/runs/case-study-v2-recovered/repeat-002/20260917T004403Z/structured_ir_no_reuse/262c7203c14541c1a8cf3af5526be518/report.json
Terra,2,structured_ir_no_reuse:triton_layer_norm:intel_npu_4000,structured_ir_no_reuse,intel_npu_4000,1,intermediate,completed,,35.64988250999886,,,,11424,1835,,5388,0,,,,False,,/home/justin/npu-playground/runs/case-study-v2-recovered/repeat-002/20260917T004403Z/structured_ir_no_reuse/9dd06c0342214406b777779c6c0b3dec/report.json
Terra,2,structured_ir_no_reuse:triton_layer_norm:intel_npu_4000,structured_ir_no_reuse,intel_npu_4000,1,code,completed,,20.80771147500127,,,,12113,967,,11664,0,,,,False,,/home/justin/npu-playground/runs/case-study-v2-recovered/repeat-002/20260917T004403Z/structured_ir_no_reuse/9dd06c0342214406b777779c6c0b3dec/report.json
Terra,2,structured_ir_no_validation:cuda_reduce_sum:amd_xdna2_npu2,structured_ir_no_validation,amd_xdna2_npu2,1,intermediate,completed,,10.928936913998768,,,,11317,448,,4931,0,,,,False,,/home/justin/npu-playground/runs/case-study-v2-recovered/repeat-002/20260917T004403Z/structured_ir_no_validation/8f6cf730b2f14d0d94e1bf628c1e44a9/report.json
Terra,2,structured_ir_no_validation:cuda_reduce_sum:amd_xdna2_npu2,structured_ir_no_validation,amd_xdna2_npu2,1,code,completed,,76.13661858799969,,,,11147,4079,,7267,0,,,,False,,/home/justin/npu-playground/runs/case-study-v2-recovered/repeat-002/20260917T004403Z/structured_ir_no_validation/8f6cf730b2f14d0d94e1bf628c1e44a9/report.json
Terra,2,structured_ir_no_validation:cuda_reduce_sum:intel_npu_4000,structured_ir_no_validation,intel_npu_4000,1,intermediate,completed,,13.545601017000081,,,,11311,578,,4931,0,,,,False,,/home/justin/npu-playground/runs/case-study-v2-recovered/repeat-002/20260917T004403Z/structured_ir_no_validation/47282c4c75294ef883af13c518c2a563/report.json
Terra,2,structured_ir_no_validation:cuda_reduce_sum:intel_npu_4000,structured_ir_no_validation,intel_npu_4000,1,code,completed,,16.11806002999947,,,,10222,752,,4256,0,,,,False,,/home/justin/npu-playground/runs/case-study-v2-recovered/repeat-002/20260917T004403Z/structured_ir_no_validation/47282c4c75294ef883af13c518c2a563/report.json
Terra,2,structured_ir_no_validation:cuda_tiled_matmul:amd_xdna2_npu2,structured_ir_no_validation,amd_xdna2_npu2,1,intermediate,completed,,16.91311482600031,,,,11415,732,,5198,0,,,,False,,/home/justin/npu-playground/runs/case-study-v2-recovered/repeat-002/20260917T004403Z/structured_ir_no_validation/9a00d28105314ed69a35094b26821097/report.json
Terra,2,structured_ir_no_validation:cuda_tiled_matmul:amd_xdna2_npu2,structured_ir_no_validation,amd_xdna2_npu2,1,code,completed,,45.080163000999164,,,,11385,2341,,8057,0,,,16355,False,,/home/justin/npu-playground/runs/case-study-v2-recovered/repeat-002/20260917T004403Z/structured_ir_no_validation/9a00d28105314ed69a35094b26821097/report.json
Terra,2,structured_ir_no_validation:cuda_tiled_matmul:amd_xdna2_npu2,structured_ir_no_validation,amd_xdna2_npu2,2,code,completed,,53.48623913799929,,,,13972,2823,,16355,0,,,,False,,/home/justin/npu-playground/runs/case-study-v2-recovered/repeat-002/20260917T004403Z/structured_ir_no_validation/9a00d28105314ed69a35094b26821097/report.json
Terra,2,structured_ir_no_validation:cuda_tiled_matmul:intel_npu_4000,structured_ir_no_validation,intel_npu_4000,1,intermediate,completed,,15.70641976799925,,,,11415,578,,5198,0,,,,False,,/home/justin/npu-playground/runs/case-study-v2-recovered/repeat-002/20260917T004403Z/structured_ir_no_validation/f4873943fc7e4d2e8d5ded7865146910/report.json
Terra,2,structured_ir_no_validation:cuda_tiled_matmul:intel_npu_4000,structured_ir_no_validation,intel_npu_4000,1,code,completed,,17.46153324899933,,,,10430,760,,5027,0,,,,False,,/home/justin/npu-playground/runs/case-study-v2-recovered/repeat-002/20260917T004403Z/structured_ir_no_validation/f4873943fc7e4d2e8d5ded7865146910/report.json
Terra,2,structured_ir_no_validation:cuda_tiled_transpose:amd_xdna2_npu2,structured_ir_no_validation,amd_xdna2_npu2,1,intermediate,completed,,13.810509502000059,,,,11268,608,,4728,0,,,,False,,/home/justin/npu-playground/runs/case-study-v2-recovered/repeat-002/20260917T004403Z/structured_ir_no_validation/e31297d17fa24c6da39445c2f0b8aeb2/report.json
Terra,2,structured_ir_no_validation:cuda_tiled_transpose:amd_xdna2_npu2,structured_ir_no_validation,amd_xdna2_npu2,1,code,completed,,59.277987102001134,,,,11103,3134,,7067,0,,,,False,,/home/justin/npu-playground/runs/case-study-v2-recovered/repeat-002/20260917T004403Z/structured_ir_no_validation/e31297d17fa24c6da39445c2f0b8aeb2/report.json
Terra,2,structured_ir_no_validation:cuda_tiled_transpose:intel_npu_4000,structured_ir_no_validation,intel_npu_4000,1,intermediate,completed,,15.651007860999016,,,,11268,678,,4728,0,,,,False,,/home/justin/npu-playground/runs/case-study-v2-recovered/repeat-002/20260917T004403Z/structured_ir_no_validation/08d5fd9cc4ac43238e1b6ba386437f17/report.json
Terra,2,structured_ir_no_validation:cuda_tiled_transpose:intel_npu_4000,structured_ir_no_validation,intel_npu_4000,1,code,completed,,12.444762990999152,,,,10189,542,,4126,0,,,,False,,/home/justin/npu-playground/runs/case-study-v2-recovered/repeat-002/20260917T004403Z/structured_ir_no_validation/08d5fd9cc4ac43238e1b6ba386437f17/report.json
Terra,2,structured_ir_no_validation:cuda_vector_add:amd_xdna2_npu2,structured_ir_no_validation,amd_xdna2_npu2,1,intermediate,completed,,14.744893790000788,,,,11240,499,,4670,0,,,,False,,/home/justin/npu-playground/runs/case-study-v2-recovered/repeat-002/20260917T004403Z/structured_ir_no_validation/7f3cc5818bd3433d9b88fb517a3eb5be/report.json
Terra,2,structured_ir_no_validation:cuda_vector_add:amd_xdna2_npu2,structured_ir_no_validation,amd_xdna2_npu2,1,code,completed,,57.42630588099928,,,,11272,3016,,7558,0,,,,False,,/home/justin/npu-playground/runs/case-study-v2-recovered/repeat-002/20260917T004403Z/structured_ir_no_validation/7f3cc5818bd3433d9b88fb517a3eb5be/report.json
Terra,2,structured_ir_no_validation:cuda_vector_add:intel_npu_4000,structured_ir_no_validation,intel_npu_4000,1,intermediate,completed,,13.53124462300002,,,,11238,561,,4670,0,,,,False,,/home/justin/npu-playground/runs/case-study-v2-recovered/repeat-002/20260917T004403Z/structured_ir_no_validation/d0f48ce6b72a40b78ac6def00552f2ed/report.json
Terra,2,structured_ir_no_validation:cuda_vector_add:intel_npu_4000,structured_ir_no_validation,intel_npu_4000,1,code,completed,,10.391451305000373,,,,10321,415,,4451,0,,,,False,,/home/justin/npu-playground/runs/case-study-v2-recovered/repeat-002/20260917T004403Z/structured_ir_no_validation/d0f48ce6b72a40b78ac6def00552f2ed/report.json
Terra,2,structured_ir_no_validation:hip_gamma_correction:amd_xdna2_npu2,structured_ir_no_validation,amd_xdna2_npu2,1,intermediate,completed,,12.654295124999408,,,,11258,524,,4760,0,,,,False,,/home/justin/npu-playground/runs/case-study-v2-recovered/repeat-002/20260917T004403Z/structured_ir_no_validation/afbc34b9001f49298ce7676718465c47/report.json
Terra,2,structured_ir_no_validation:hip_gamma_correction:amd_xdna2_npu2,structured_ir_no_validation,amd_xdna2_npu2,1,code,completed,,85.82625604600071,,,,11273,4616,,7562,0,,,17462,False,,/home/justin/npu-playground/runs/case-study-v2-recovered/repeat-002/20260917T004403Z/structured_ir_no_validation/afbc34b9001f49298ce7676718465c47/report.json
Terra,2,structured_ir_no_validation:hip_gamma_correction:amd_xdna2_npu2,structured_ir_no_validation,amd_xdna2_npu2,2,code,completed,,55.545227493999846,,,,14773,2855,,17462,0,,,21278,False,,/home/justin/npu-playground/runs/case-study-v2-recovered/repeat-002/20260917T004403Z/structured_ir_no_validation/afbc34b9001f49298ce7676718465c47/report.json
Terra,2,structured_ir_no_validation:hip_gamma_correction:amd_xdna2_npu2,structured_ir_no_validation,amd_xdna2_npu2,3,code,completed,,40.737892899000144,,,,16299,2085,,21278,0,,,,False,,/home/justin/npu-playground/runs/case-study-v2-recovered/repeat-002/20260917T004403Z/structured_ir_no_validation/afbc34b9001f49298ce7676718465c47/report.json
Terra,2,structured_ir_no_validation:hip_gamma_correction:intel_npu_4000,structured_ir_no_validation,intel_npu_4000,1,intermediate,completed,,14.938816924999628,,,,11260,662,,4760,0,,,,False,,/home/justin/npu-playground/runs/case-study-v2-recovered/repeat-002/20260917T004403Z/structured_ir_no_validation/b8766c3532644010892d3d778827118c/report.json
Terra,2,structured_ir_no_validation:hip_gamma_correction:intel_npu_4000,structured_ir_no_validation,intel_npu_4000,1,code,completed,,13.59095217200047,,,,10322,534,,4465,0,,,,False,,/home/justin/npu-playground/runs/case-study-v2-recovered/repeat-002/20260917T004403Z/structured_ir_no_validation/b8766c3532644010892d3d778827118c/report.json
Terra,2,structured_ir_no_validation:hip_image_convolution:amd_xdna2_npu2,structured_ir_no_validation,amd_xdna2_npu2,1,intermediate,completed,,18.1323309219988,,,,11398,831,,5079,0,,,,False,,/home/justin/npu-playground/runs/case-study-v2-recovered/repeat-002/20260917T004403Z/structured_ir_no_validation/1fb0384e866040dfa738c120701013f2/report.json
Terra,2,structured_ir_no_validation:hip_image_convolution:amd_xdna2_npu2,structured_ir_no_validation,amd_xdna2_npu2,1,code,completed,,65.4113725139996,,,,11364,3484,,7937,0,,,16205,False,,/home/justin/npu-playground/runs/case-study-v2-recovered/repeat-002/20260917T004403Z/structured_ir_no_validation/1fb0384e866040dfa738c120701013f2/report.json
Terra,2,structured_ir_no_validation:hip_image_convolution:amd_xdna2_npu2,structured_ir_no_validation,amd_xdna2_npu2,2,code,completed,,48.26544916199964,,,,13858,2476,,16205,0,,,,False,,/home/justin/npu-playground/runs/case-study-v2-recovered/repeat-002/20260917T004403Z/structured_ir_no_validation/1fb0384e866040dfa738c120701013f2/report.json
Terra,2,structured_ir_no_validation:hip_image_convolution:intel_npu_4000,structured_ir_no_validation,intel_npu_4000,1,intermediate,completed,,19.760103050999533,,,,11396,911,,5079,0,,,,False,,/home/justin/npu-playground/runs/case-study-v2-recovered/repeat-002/20260917T004403Z/structured_ir_no_validation/d6aaf5485413459984bb1e8475637698/report.json
Terra,2,structured_ir_no_validation:hip_image_convolution:intel_npu_4000,structured_ir_no_validation,intel_npu_4000,1,code,completed,,19.050876215000244,,,,10432,874,,4930,0,,,,False,,/home/justin/npu-playground/runs/case-study-v2-recovered/repeat-002/20260917T004403Z/structured_ir_no_validation/d6aaf5485413459984bb1e8475637698/report.json
Terra,2,structured_ir_no_validation:hip_moving_average:amd_xdna2_npu2,structured_ir_no_validation,amd_xdna2_npu2,1,intermediate,completed,,18.651213305000056,,,,11258,846,,4763,0,,,,False,,/home/justin/npu-playground/runs/case-study-v2-recovered/repeat-002/20260917T004403Z/structured_ir_no_validation/37dd2c6ac7e64a11acff2349c1721afa/report.json
Terra,2,structured_ir_no_validation:hip_moving_average:amd_xdna2_npu2,structured_ir_no_validation,amd_xdna2_npu2,1,code,completed,,50.083536748999904,,,,11221,2621,,7558,0,,,,False,,/home/justin/npu-playground/runs/case-study-v2-recovered/repeat-002/20260917T004403Z/structured_ir_no_validation/37dd2c6ac7e64a11acff2349c1721afa/report.json
Terra,2,structured_ir_no_validation:hip_moving_average:intel_npu_4000,structured_ir_no_validation,intel_npu_4000,1,intermediate,completed,,12.996213291000458,,,,11260,570,,4763,0,,,,False,,/home/justin/npu-playground/runs/case-study-v2-recovered/repeat-002/20260917T004403Z/structured_ir_no_validation/0a764ef2addd40cbb752d3d6ffe3a624/report.json
Terra,2,structured_ir_no_validation:hip_moving_average:intel_npu_4000,structured_ir_no_validation,intel_npu_4000,1,code,completed,,54.26920528499977,,,,10288,2840,,4462,0,,,10067,False,,/home/justin/npu-playground/runs/case-study-v2-recovered/repeat-002/20260917T004403Z/structured_ir_no_validation/0a764ef2addd40cbb752d3d6ffe3a624/report.json
Terra,2,structured_ir_no_validation:hip_moving_average:intel_npu_4000,structured_ir_no_validation,intel_npu_4000,2,code,completed,,51.80306700999972,,,,11814,2688,,10067,0,,,10779,False,,/home/justin/npu-playground/runs/case-study-v2-recovered/repeat-002/20260917T004403Z/structured_ir_no_validation/0a764ef2addd40cbb752d3d6ffe3a624/report.json
Terra,2,structured_ir_no_validation:hip_moving_average:intel_npu_4000,structured_ir_no_validation,intel_npu_4000,3,code,completed,,24.05113023299964,,,,12020,1135,,10779,0,,,,False,,/home/justin/npu-playground/runs/case-study-v2-recovered/repeat-002/20260917T004403Z/structured_ir_no_validation/0a764ef2addd40cbb752d3d6ffe3a624/report.json
Terra,2,structured_ir_no_validation:triton_fused_attention:amd_xdna2_npu2,structured_ir_no_validation,amd_xdna2_npu2,1,intermediate,completed,,19.55738017800104,,,,11462,913,,5566,0,,,,False,,/home/justin/npu-playground/runs/case-study-v2-recovered/repeat-002/20260917T004403Z/structured_ir_no_validation/963a0b4b77c74055b8dc2065e9d3439f/report.json
Terra,2,structured_ir_no_validation:triton_fused_attention:amd_xdna2_npu2,structured_ir_no_validation,amd_xdna2_npu2,1,code,completed,,118.21759205099988,,,,11438,6276,,8247,0,,,19457,False,,/home/justin/npu-playground/runs/case-study-v2-recovered/repeat-002/20260917T004403Z/structured_ir_no_validation/963a0b4b77c74055b8dc2065e9d3439f/report.json
Terra,2,structured_ir_no_validation:triton_fused_attention:amd_xdna2_npu2,structured_ir_no_validation,amd_xdna2_npu2,2,code,completed,,88.48990716400112,,,,15024,4752,,19457,0,,,,False,,/home/justin/npu-playground/runs/case-study-v2-recovered/repeat-002/20260917T004403Z/structured_ir_no_validation/963a0b4b77c74055b8dc2065e9d3439f/report.json
Terra,2,structured_ir_no_validation:triton_fused_attention:intel_npu_4000,structured_ir_no_validation,intel_npu_4000,1,intermediate,completed,,19.054541293999137,,,,11464,877,,5566,0,,,,False,,/home/justin/npu-playground/runs/case-study-v2-recovered/repeat-002/20260917T004403Z/structured_ir_no_validation/f978c7f2f5c94ad39e318a2250dd1e3d/report.json
Terra,2,structured_ir_no_validation:triton_fused_attention:intel_npu_4000,structured_ir_no_validation,intel_npu_4000,1,code,completed,,23.59969096200075,,,,10626,1123,,5568,0,,,,False,,/home/justin/npu-playground/runs/case-study-v2-recovered/repeat-002/20260917T004403Z/structured_ir_no_validation/f978c7f2f5c94ad39e318a2250dd1e3d/report.json
Terra,2,structured_ir_no_validation:triton_fused_softmax:amd_xdna2_npu2,structured_ir_no_validation,amd_xdna2_npu2,1,intermediate,completed,,25.013179253999624,,,,11236,1184,,4808,0,,,,False,,/home/justin/npu-playground/runs/case-study-v2-recovered/repeat-002/20260917T004403Z/structured_ir_no_validation/95690b74ce2e4b20bbea2afe23d274ee/report.json
Terra,2,structured_ir_no_validation:triton_fused_softmax:amd_xdna2_npu2,structured_ir_no_validation,amd_xdna2_npu2,1,code,completed,,88.2043157829994,,,,11725,4751,,9503,0,,,,False,,/home/justin/npu-playground/runs/case-study-v2-recovered/repeat-002/20260917T004403Z/structured_ir_no_validation/95690b74ce2e4b20bbea2afe23d274ee/report.json
Terra,2,structured_ir_no_validation:triton_fused_softmax:intel_npu_4000,structured_ir_no_validation,intel_npu_4000,1,intermediate,completed,,16.44763190699996,,,,11238,732,,4808,0,,,,False,,/home/justin/npu-playground/runs/case-study-v2-recovered/repeat-002/20260917T004403Z/structured_ir_no_validation/f2e5965ee63941eba955edce63ca000f/report.json
Terra,2,structured_ir_no_validation:triton_fused_softmax:intel_npu_4000,structured_ir_no_validation,intel_npu_4000,1,code,completed,,17.3131730540008,,,,10239,766,,4433,0,,,,False,,/home/justin/npu-playground/runs/case-study-v2-recovered/repeat-002/20260917T004403Z/structured_ir_no_validation/f2e5965ee63941eba955edce63ca000f/report.json
Terra,2,structured_ir_no_validation:triton_layer_norm:amd_xdna2_npu2,structured_ir_no_validation,amd_xdna2_npu2,1,intermediate,completed,,36.17195264300062,,,,11424,1827,,5388,0,,,,False,,/home/justin/npu-playground/runs/case-study-v2-recovered/repeat-002/20260917T004403Z/structured_ir_no_validation/a6a0f39f97954861b6552b27ea261ffb/report.json
Terra,2,structured_ir_no_validation:triton_layer_norm:amd_xdna2_npu2,structured_ir_no_validation,amd_xdna2_npu2,1,code,completed,,132.8077480840002,,,,13036,7224,,14628,0,,,32144,False,,/home/justin/npu-playground/runs/case-study-v2-recovered/repeat-002/20260917T004403Z/structured_ir_no_validation/a6a0f39f97954861b6552b27ea261ffb/report.json
Terra,2,structured_ir_no_validation:triton_layer_norm:amd_xdna2_npu2,structured_ir_no_validation,amd_xdna2_npu2,2,code,completed,,81.57962258299995,,,,17920,4340,,32144,0,,,,False,,/home/justin/npu-playground/runs/case-study-v2-recovered/repeat-002/20260917T004403Z/structured_ir_no_validation/a6a0f39f97954861b6552b27ea261ffb/report.json
Terra,2,structured_ir_no_validation:triton_layer_norm:intel_npu_4000,structured_ir_no_validation,intel_npu_4000,1,intermediate,completed,,35.65643067900055,,,,11420,1797,,5388,0,,,,False,,/home/justin/npu-playground/runs/case-study-v2-recovered/repeat-002/20260917T004403Z/structured_ir_no_validation/fc35db20b2d44dceb5173538dc3b309a/report.json
Terra,2,structured_ir_no_validation:triton_layer_norm:intel_npu_4000,structured_ir_no_validation,intel_npu_4000,1,code,completed,,44.287795813999765,,,,12083,2214,,11530,0,,,,False,,/home/justin/npu-playground/runs/case-study-v2-recovered/repeat-002/20260917T004403Z/structured_ir_no_validation/fc35db20b2d44dceb5173538dc3b309a/report.json
Terra,3,baseline:cuda_reduce_sum:amd_xdna2_npu2,baseline,amd_xdna2_npu2,1,code,completed,,44.25353846899998,,,,10907,2105,,6292,0,,,,False,,/home/justin/npu-playground/runs/case-study-v2-recovered/repeat-003/20260917T010434Z/baseline/d253a6f799bb4904951defc5e4126a7e/report.json
Terra,3,baseline:cuda_reduce_sum:intel_npu_4000,baseline,intel_npu_4000,1,code,completed,,16.19123491999926,,,,9964,709,,3239,0,,,,False,,/home/justin/npu-playground/runs/case-study-v2-recovered/repeat-003/20260917T010434Z/baseline/754fc39d2bca4e99abaf064adb3d71ea/report.json
Terra,3,baseline:cuda_tiled_matmul:amd_xdna2_npu2,baseline,amd_xdna2_npu2,1,code,completed,,127.26944606500001,,,,11003,6914,,6559,0,,,,False,,/home/justin/npu-playground/runs/case-study-v2-recovered/repeat-003/20260917T010434Z/baseline/eecfc11fa9be461799dc6ea0a3a4dd33/report.json
Terra,3,baseline:cuda_tiled_matmul:intel_npu_4000,baseline,intel_npu_4000,1,code,completed,,14.603907480000998,,,,10064,624,,3506,0,,,,False,,/home/justin/npu-playground/runs/case-study-v2-recovered/repeat-003/20260917T010434Z/baseline/583c8772cc404865927cdd1c9300eb67/report.json
Terra,3,baseline:cuda_tiled_transpose:amd_xdna2_npu2,baseline,amd_xdna2_npu2,1,code,completed,,81.47630444499919,,,,10862,4368,,6090,0,,,,False,,/home/justin/npu-playground/runs/case-study-v2-recovered/repeat-003/20260917T010434Z/baseline/e580d2cacf584202980b0d8617479c61/report.json
Terra,3,baseline:cuda_tiled_transpose:intel_npu_4000,baseline,intel_npu_4000,1,code,completed,,13.764040994001334,,,,9917,582,,3037,0,,,,False,,/home/justin/npu-playground/runs/case-study-v2-recovered/repeat-003/20260917T010434Z/baseline/33e5d1fde2a3469c9d10ef0771a15b68/report.json
Terra,3,baseline:cuda_vector_add:amd_xdna2_npu2,baseline,amd_xdna2_npu2,1,code,completed,,79.17804169900046,,,,10832,4239,,6032,0,,,,False,,/home/justin/npu-playground/runs/case-study-v2-recovered/repeat-003/20260917T010434Z/baseline/9da6582cb9424c848a6e7531f68a1291/report.json
Terra,3,baseline:cuda_vector_add:intel_npu_4000,baseline,intel_npu_4000,1,code,completed,,20.37248641000042,,,,9891,715,,2979,0,,,,False,,/home/justin/npu-playground/runs/case-study-v2-recovered/repeat-003/20260917T010434Z/baseline/bdb4c5263eba408e93fb4b9a9d4508b1/report.json
Terra,3,baseline:hip_gamma_correction:amd_xdna2_npu2,baseline,amd_xdna2_npu2,1,code,completed,,65.04938693800068,,,,10852,3448,,6122,0,,,11403,False,,/home/justin/npu-playground/runs/case-study-v2-recovered/repeat-003/20260917T010434Z/baseline/a6aed95f38914a21ab707b6586936d55/report.json
Terra,3,baseline:hip_gamma_correction:amd_xdna2_npu2,baseline,amd_xdna2_npu2,2,code,completed,,32.127088635999826,,,,12575,1575,,11403,0,,,,False,,/home/justin/npu-playground/runs/case-study-v2-recovered/repeat-003/20260917T010434Z/baseline/a6aed95f38914a21ab707b6586936d55/report.json
Terra,3,baseline:hip_gamma_correction:intel_npu_4000,baseline,intel_npu_4000,1,code,completed,,16.33316932100024,,,,9915,705,,3069,0,,,,False,,/home/justin/npu-playground/runs/case-study-v2-recovered/repeat-003/20260917T010434Z/baseline/5a1878e71cf94ce09439d193c6122381/report.json
Terra,3,baseline:hip_image_convolution:amd_xdna2_npu2,baseline,amd_xdna2_npu2,1,code,completed,,57.52387579099923,,,,10988,3007,,6441,0,,,12454,False,,/home/justin/npu-playground/runs/case-study-v2-recovered/repeat-003/20260917T010434Z/baseline/c4bb97f32f004788809f954855459941/report.json
Terra,3,baseline:hip_image_convolution:amd_xdna2_npu2,baseline,amd_xdna2_npu2,2,code,completed,,48.129773460999786,,,,12932,2379,,12454,0,,,,False,,/home/justin/npu-playground/runs/case-study-v2-recovered/repeat-003/20260917T010434Z/baseline/c4bb97f32f004788809f954855459941/report.json
Terra,3,baseline:hip_image_convolution:intel_npu_4000,baseline,intel_npu_4000,1,code,completed,,19.633369293000214,,,,10047,836,,3388,0,,,,False,,/home/justin/npu-playground/runs/case-study-v2-recovered/repeat-003/20260917T010434Z/baseline/5cb1ffa5126a44aab1a349aa1aa4d88b/report.json
Terra,3,baseline:hip_moving_average:amd_xdna2_npu2,baseline,amd_xdna2_npu2,1,code,completed,,104.45126907000122,,,,10852,5636,,6125,0,,,16557,False,,/home/justin/npu-playground/runs/case-study-v2-recovered/repeat-003/20260917T010434Z/baseline/1009b11cd03d470eba945e147d2ec938/report.json
Terra,3,baseline:hip_moving_average:amd_xdna2_npu2,baseline,amd_xdna2_npu2,2,code,completed,,32.01568418900024,,,,14600,1617,,16557,0,,,,False,,/home/justin/npu-playground/runs/case-study-v2-recovered/repeat-003/20260917T010434Z/baseline/1009b11cd03d470eba945e147d2ec938/report.json
Terra,3,baseline:hip_moving_average:intel_npu_4000,baseline,intel_npu_4000,1,code,completed,,38.28582086499955,,,,9911,1939,,3072,0,,,6581,False,,/home/justin/npu-playground/runs/case-study-v2-recovered/repeat-003/20260917T010434Z/baseline/fe591fb3d7874fc1bf5ba54e52f734d3/report.json
Terra,3,baseline:hip_moving_average:intel_npu_4000,baseline,intel_npu_4000,2,code,completed,,19.579996759001006,,,,10913,880,,6581,0,,,,False,,/home/justin/npu-playground/runs/case-study-v2-recovered/repeat-003/20260917T010434Z/baseline/fe591fb3d7874fc1bf5ba54e52f734d3/report.json
Terra,3,baseline:triton_fused_attention:amd_xdna2_npu2,baseline,amd_xdna2_npu2,1,code,completed,,111.50711034599954,,,,11054,6007,,6927,0,,,81014,False,,/home/justin/npu-playground/runs/case-study-v2-recovered/repeat-003/20260917T010434Z/baseline/51f34fbfb24e4190869c9d251719dd69/report.json
Terra,3,baseline:triton_fused_attention:amd_xdna2_npu2,baseline,amd_xdna2_npu2,2,code,completed,,121.46735670499947,,,,25106,6545,,81014,0,,,17240,False,,/home/justin/npu-playground/runs/case-study-v2-recovered/repeat-003/20260917T010434Z/baseline/51f34fbfb24e4190869c9d251719dd69/report.json
Terra,3,baseline:triton_fused_attention:amd_xdna2_npu2,baseline,amd_xdna2_npu2,3,code,completed,,63.362682032999146,,,,14385,3370,,17240,0,,,79726,False,,/home/justin/npu-playground/runs/case-study-v2-recovered/repeat-003/20260917T010434Z/baseline/51f34fbfb24e4190869c9d251719dd69/report.json
Terra,3,baseline:triton_fused_attention:amd_xdna2_npu2,baseline,amd_xdna2_npu2,4,code,completed,,106.0982115959996,,,,24702,5632,,79726,0,,,81260,False,,/home/justin/npu-playground/runs/case-study-v2-recovered/repeat-003/20260917T010434Z/baseline/51f34fbfb24e4190869c9d251719dd69/report.json
Terra,3,baseline:triton_fused_attention:amd_xdna2_npu2,baseline,amd_xdna2_npu2,5,code,completed,,175.66372885300007,,,,25161,9596,,81260,0,,,13894,False,,/home/justin/npu-playground/runs/case-study-v2-recovered/repeat-003/20260917T010434Z/baseline/51f34fbfb24e4190869c9d251719dd69/report.json
Terra,3,baseline:triton_fused_attention:amd_xdna2_npu2,baseline,amd_xdna2_npu2,6,code,completed,,89.61403349099965,,,,13381,4783,,13894,0,,,81688,False,,/home/justin/npu-playground/runs/case-study-v2-recovered/repeat-003/20260917T010434Z/baseline/51f34fbfb24e4190869c9d251719dd69/report.json
Terra,3,baseline:triton_fused_attention:amd_xdna2_npu2,baseline,amd_xdna2_npu2,7,code,completed,,130.78028290399925,,,,25301,6983,,81688,0,,,81579,False,,/home/justin/npu-playground/runs/case-study-v2-recovered/repeat-003/20260917T010434Z/baseline/51f34fbfb24e4190869c9d251719dd69/report.json
Terra,3,baseline:triton_fused_attention:amd_xdna2_npu2,baseline,amd_xdna2_npu2,8,code,completed,,158.98785081300048,,,,25270,8638,,81579,0,,,18794,False,,/home/justin/npu-playground/runs/case-study-v2-recovered/repeat-003/20260917T010434Z/baseline/51f34fbfb24e4190869c9d251719dd69/report.json
Terra,3,baseline:triton_fused_attention:amd_xdna2_npu2,baseline,amd_xdna2_npu2,9,code,completed,,149.94363688200065,,,,18733,3881,,18794,0,,,80777,False,,/home/justin/npu-playground/runs/case-study-v2-recovered/repeat-003/20260917T010434Z/baseline/51f34fbfb24e4190869c9d251719dd69/report.json
Terra,3,baseline:triton_fused_attention:amd_xdna2_npu2,baseline,amd_xdna2_npu2,10,code,completed,,171.31338076700013,,,,27583,5642,,80777,0,,,,False,,/home/justin/npu-playground/runs/case-study-v2-recovered/repeat-003/20260917T010434Z/baseline/51f34fbfb24e4190869c9d251719dd69/report.json
Terra,3,baseline:triton_fused_attention:intel_npu_4000,baseline,intel_npu_4000,1,code,completed,,19.400588112999685,,,,10115,885,,3874,0,,,,False,,/home/justin/npu-playground/runs/case-study-v2-recovered/repeat-003/20260917T010434Z/baseline/b028301d1d3b4f16949ea97f9eda9521/report.json
Terra,3,baseline:triton_fused_softmax:amd_xdna2_npu2,baseline,amd_xdna2_npu2,1,code,completed,,59.780159840000124,,,,10830,3162,,6170,0,,,,False,,/home/justin/npu-playground/runs/case-study-v2-recovered/repeat-003/20260917T010434Z/baseline/047cd4ff019b4761a914d6f22ca40ac7/report.json
Terra,3,baseline:triton_fused_softmax:intel_npu_4000,baseline,intel_npu_4000,1,code,completed,,17.02302529499866,,,,9889,749,,3117,0,,,5802,False,,/home/justin/npu-playground/runs/case-study-v2-recovered/repeat-003/20260917T010434Z/baseline/80e12a133596481ca85c6ae1710d718e/report.json
Terra,3,baseline:triton_fused_softmax:intel_npu_4000,baseline,intel_npu_4000,2,code,completed,,10.674007593999704,,,,10611,430,,5802,0,,,,False,,/home/justin/npu-playground/runs/case-study-v2-recovered/repeat-003/20260917T010434Z/baseline/80e12a133596481ca85c6ae1710d718e/report.json
Terra,3,baseline:triton_layer_norm:amd_xdna2_npu2,baseline,amd_xdna2_npu2,1,code,completed,,111.42197217799912,,,,11099,5863,,7099,0,,,16834,False,,/home/justin/npu-playground/runs/case-study-v2-recovered/repeat-003/20260917T010434Z/baseline/f16f52809b5b4d159b4ef28d435625b9/report.json
Terra,3,baseline:triton_layer_norm:amd_xdna2_npu2,baseline,amd_xdna2_npu2,2,code,completed,,127.02226019499903,,,,14203,6905,,16834,0,,,,False,,/home/justin/npu-playground/runs/case-study-v2-recovered/repeat-003/20260917T010434Z/baseline/f16f52809b5b4d159b4ef28d435625b9/report.json
Terra,3,baseline:triton_layer_norm:intel_npu_4000,baseline,intel_npu_4000,1,code,completed,,49.344581031000416,,,,10158,2573,,4046,0,,,,False,,/home/justin/npu-playground/runs/case-study-v2-recovered/repeat-003/20260917T010434Z/baseline/b2f152fe85954a629cca6c3c5ac00b00/report.json
Terra,3,hinted_ir:cuda_reduce_sum:amd_xdna2_npu2,hinted_ir,amd_xdna2_npu2,1,intermediate,completed,,22.759500251000645,,,,9613,1069,,2295,0,,,,False,,/home/justin/npu-playground/runs/case-study-v2-recovered/repeat-003/20260917T010434Z/hinted_ir/3718a8f7df174af7a4fb47843d2731cf/report.json
Terra,3,hinted_ir:cuda_reduce_sum:amd_xdna2_npu2,hinted_ir,amd_xdna2_npu2,1,code,completed,,69.47242165500029,,,,11511,3708,,7991,0,,,,False,,/home/justin/npu-playground/runs/case-study-v2-recovered/repeat-003/20260917T010434Z/hinted_ir/3718a8f7df174af7a4fb47843d2731cf/report.json
Terra,3,hinted_ir:cuda_reduce_sum:intel_npu_4000,hinted_ir,intel_npu_4000,1,intermediate,completed,,24.391048462999606,,,,9613,1163,,2295,0,,,,False,,/home/justin/npu-playground/runs/case-study-v2-recovered/repeat-003/20260917T010434Z/hinted_ir/dd417804404b4d0c92d8019048037894/report.json
Terra,3,hinted_ir:cuda_reduce_sum:intel_npu_4000,hinted_ir,intel_npu_4000,1,code,completed,,16.93051889599883,,,,10397,768,,4385,0,,,,False,,/home/justin/npu-playground/runs/case-study-v2-recovered/repeat-003/20260917T010434Z/hinted_ir/dd417804404b4d0c92d8019048037894/report.json
Terra,3,hinted_ir:cuda_tiled_matmul:amd_xdna2_npu2,hinted_ir,amd_xdna2_npu2,1,intermediate,completed,,22.269574740999815,,,,9713,1035,,2562,0,,,,False,,/home/justin/npu-playground/runs/case-study-v2-recovered/repeat-003/20260917T010434Z/hinted_ir/35a1dcea9fe14f618b7a2afdafa46ed7/report.json
Terra,3,hinted_ir:cuda_tiled_matmul:amd_xdna2_npu2,hinted_ir,amd_xdna2_npu2,1,code,completed,,103.20940789399901,,,,11252,5586,,7102,0,,,,False,,/home/justin/npu-playground/runs/case-study-v2-recovered/repeat-003/20260917T010434Z/hinted_ir/35a1dcea9fe14f618b7a2afdafa46ed7/report.json
Terra,3,hinted_ir:cuda_tiled_matmul:intel_npu_4000,hinted_ir,intel_npu_4000,1,intermediate,completed,,19.003908180000508,,,,9709,879,,2562,0,,,,False,,/home/justin/npu-playground/runs/case-study-v2-recovered/repeat-003/20260917T010434Z/hinted_ir/1022151480a143f4b6f5285279795544/report.json
Terra,3,hinted_ir:cuda_tiled_matmul:intel_npu_4000,hinted_ir,intel_npu_4000,1,code,completed,,13.368841151999732,,,,10275,533,,4059,0,,,,False,,/home/justin/npu-playground/runs/case-study-v2-recovered/repeat-003/20260917T010434Z/hinted_ir/1022151480a143f4b6f5285279795544/report.json
Terra,3,hinted_ir:cuda_tiled_transpose:amd_xdna2_npu2,hinted_ir,amd_xdna2_npu2,1,intermediate,completed,,22.47397083299984,,,,9568,897,,2093,0,,,12091,False,,/home/justin/npu-playground/runs/case-study-v2-recovered/repeat-003/20260917T010434Z/hinted_ir/f1dd561c450f42428a928a64c4adbe45/report.json
Terra,3,hinted_ir:cuda_tiled_transpose:amd_xdna2_npu2,hinted_ir,amd_xdna2_npu2,1,code,completed,,78.63635272099964,,,,11035,4221,,6508,0,,,16485,False,,/home/justin/npu-playground/runs/case-study-v2-recovered/repeat-003/20260917T010434Z/hinted_ir/f1dd561c450f42428a928a64c4adbe45/report.json
Terra,3,hinted_ir:cuda_tiled_transpose:amd_xdna2_npu2,hinted_ir,amd_xdna2_npu2,2,intermediate,completed,,16.25508817700029,,,,13132,695,,12091,0,,,41222,False,,/home/justin/npu-playground/runs/case-study-v2-recovered/repeat-003/20260917T010434Z/hinted_ir/f1dd561c450f42428a928a64c4adbe45/report.json
Terra,3,hinted_ir:cuda_tiled_transpose:amd_xdna2_npu2,hinted_ir,amd_xdna2_npu2,2,code,completed,,77.2604071500009,,,,14601,4139,,16485,0,,,45595,False,,/home/justin/npu-playground/runs/case-study-v2-recovered/repeat-003/20260917T010434Z/hinted_ir/f1dd561c450f42428a928a64c4adbe45/report.json
Terra,3,hinted_ir:cuda_tiled_transpose:amd_xdna2_npu2,hinted_ir,amd_xdna2_npu2,3,intermediate,completed,,18.872425412000666,,,,17647,866,,41222,0,,,,False,,/home/justin/npu-playground/runs/case-study-v2-recovered/repeat-003/20260917T010434Z/hinted_ir/f1dd561c450f42428a928a64c4adbe45/report.json
Terra,3,hinted_ir:cuda_tiled_transpose:amd_xdna2_npu2,hinted_ir,amd_xdna2_npu2,3,code,completed,,92.6125919290007,,,,19114,4942,,45595,0,,,,False,,/home/justin/npu-playground/runs/case-study-v2-recovered/repeat-003/20260917T010434Z/hinted_ir/f1dd561c450f42428a928a64c4adbe45/report.json
Terra,3,hinted_ir:cuda_tiled_transpose:intel_npu_4000,hinted_ir,intel_npu_4000,1,intermediate,completed,,16.922423924001123,,,,9570,774,,2093,0,,,,False,,/home/justin/npu-playground/runs/case-study-v2-recovered/repeat-003/20260917T010434Z/hinted_ir/fa47663dd812499aa68591728aabc124/report.json
Terra,3,hinted_ir:cuda_tiled_transpose:intel_npu_4000,hinted_ir,intel_npu_4000,1,code,completed,,14.387514403999376,,,,10133,612,,3577,0,,,,False,,/home/justin/npu-playground/runs/case-study-v2-recovered/repeat-003/20260917T010434Z/hinted_ir/fa47663dd812499aa68591728aabc124/report.json
Terra,3,hinted_ir:cuda_vector_add:amd_xdna2_npu2,hinted_ir,amd_xdna2_npu2,1,intermediate,completed,,12.746509660000811,,,,9542,490,,2035,0,,,,False,,/home/justin/npu-playground/runs/case-study-v2-recovered/repeat-003/20260917T010434Z/hinted_ir/eba2efe2efc34200aa09726fc112c5b5/report.json
Terra,3,hinted_ir:cuda_vector_add:amd_xdna2_npu2,hinted_ir,amd_xdna2_npu2,1,code,completed,,73.63583444100004,,,,11067,3840,,6673,0,,,,False,,/home/justin/npu-playground/runs/case-study-v2-recovered/repeat-003/20260917T010434Z/hinted_ir/eba2efe2efc34200aa09726fc112c5b5/report.json
Terra,3,hinted_ir:cuda_vector_add:intel_npu_4000,hinted_ir,intel_npu_4000,1,intermediate,completed,,22.719098841000232,,,,9538,930,,2035,0,,,,False,,/home/justin/npu-playground/runs/case-study-v2-recovered/repeat-003/20260917T010434Z/hinted_ir/f7a5cbf5ddc842e29a7670ce25fe0f93/report.json
Terra,3,hinted_ir:cuda_vector_add:intel_npu_4000,hinted_ir,intel_npu_4000,1,code,completed,,19.458408761998726,,,,10209,934,,3870,0,,,,False,,/home/justin/npu-playground/runs/case-study-v2-recovered/repeat-003/20260917T010434Z/hinted_ir/f7a5cbf5ddc842e29a7670ce25fe0f93/report.json
Terra,3,hinted_ir:hip_gamma_correction:amd_xdna2_npu2,hinted_ir,amd_xdna2_npu2,1,intermediate,completed,,11.24885544999961,,,,9558,396,,2125,0,,,8881,False,,/home/justin/npu-playground/runs/case-study-v2-recovered/repeat-003/20260917T010434Z/hinted_ir/be5dea9625684addb6133f2a84c5b8b9/report.json
Terra,3,hinted_ir:hip_gamma_correction:amd_xdna2_npu2,hinted_ir,amd_xdna2_npu2,1,code,completed,,59.94475833499928,,,,11026,3137,,6593,0,,,13639,False,,/home/justin/npu-playground/runs/case-study-v2-recovered/repeat-003/20260917T010434Z/hinted_ir/be5dea9625684addb6133f2a84c5b8b9/report.json
Terra,3,hinted_ir:hip_gamma_correction:amd_xdna2_npu2,hinted_ir,amd_xdna2_npu2,2,intermediate,completed,,16.737106095000854,,,,11635,771,,8881,0,,,,False,,/home/justin/npu-playground/runs/case-study-v2-recovered/repeat-003/20260917T010434Z/hinted_ir/be5dea9625684addb6133f2a84c5b8b9/report.json
Terra,3,hinted_ir:hip_gamma_correction:amd_xdna2_npu2,hinted_ir,amd_xdna2_npu2,2,code,completed,,41.49954565000007,,,,13205,2077,,13639,0,,,,False,,/home/justin/npu-playground/runs/case-study-v2-recovered/repeat-003/20260917T010434Z/hinted_ir/be5dea9625684addb6133f2a84c5b8b9/report.json
Terra,3,hinted_ir:hip_gamma_correction:intel_npu_4000,hinted_ir,intel_npu_4000,1,intermediate,completed,,11.767245469000045,,,,9560,441,,2125,0,,,,False,,/home/justin/npu-playground/runs/case-study-v2-recovered/repeat-003/20260917T010434Z/hinted_ir/02631a983e444fe685f3cc0e69a51ae6/report.json
Terra,3,hinted_ir:hip_gamma_correction:intel_npu_4000,hinted_ir,intel_npu_4000,1,code,completed,,12.190584044999923,,,,10147,455,,3704,0,,,,False,,/home/justin/npu-playground/runs/case-study-v2-recovered/repeat-003/20260917T010434Z/hinted_ir/02631a983e444fe685f3cc0e69a51ae6/report.json
Terra,3,hinted_ir:hip_image_convolution:amd_xdna2_npu2,hinted_ir,amd_xdna2_npu2,1,intermediate,completed,,22.252806260999932,,,,9696,1056,,2444,0,,,11383,False,,/home/justin/npu-playground/runs/case-study-v2-recovered/repeat-003/20260917T010434Z/hinted_ir/1bf8e24dd9264289b250816d5063b9d5/report.json
Terra,3,hinted_ir:hip_image_convolution:amd_xdna2_npu2,hinted_ir,amd_xdna2_npu2,1,code,completed,,91.71038875600061,,,,11291,4855,,7309,0,,,16655,False,,/home/justin/npu-playground/runs/case-study-v2-recovered/repeat-003/20260917T010434Z/hinted_ir/1bf8e24dd9264289b250816d5063b9d5/report.json
Terra,3,hinted_ir:hip_image_convolution:amd_xdna2_npu2,hinted_ir,amd_xdna2_npu2,2,intermediate,completed,,24.593727393001245,,,,12613,1153,,11383,0,,,,False,,/home/justin/npu-playground/runs/case-study-v2-recovered/repeat-003/20260917T010434Z/hinted_ir/1bf8e24dd9264289b250816d5063b9d5/report.json
Terra,3,hinted_ir:hip_image_convolution:amd_xdna2_npu2,hinted_ir,amd_xdna2_npu2,2,code,completed,,54.54637713299962,,,,14311,2846,,16655,0,,,,False,,/home/justin/npu-playground/runs/case-study-v2-recovered/repeat-003/20260917T010434Z/hinted_ir/1bf8e24dd9264289b250816d5063b9d5/report.json
Terra,3,hinted_ir:hip_image_convolution:intel_npu_4000,hinted_ir,intel_npu_4000,1,intermediate,completed,,20.538258851000137,,,,9694,962,,2444,0,,,,False,,/home/justin/npu-playground/runs/case-study-v2-recovered/repeat-003/20260917T010434Z/hinted_ir/aaf3543138494ccf98d2234b67ab29db/report.json
Terra,3,hinted_ir:hip_image_convolution:intel_npu_4000,hinted_ir,intel_npu_4000,1,code,completed,,16.025727068999913,,,,10596,703,,4817,0,,,,False,,/home/justin/npu-playground/runs/case-study-v2-recovered/repeat-003/20260917T010434Z/hinted_ir/aaf3543138494ccf98d2234b67ab29db/report.json
Terra,3,hinted_ir:hip_moving_average:amd_xdna2_npu2,hinted_ir,amd_xdna2_npu2,1,intermediate,completed,,15.89602523800022,,,,9558,672,,2128,0,,,,False,,/home/justin/npu-playground/runs/case-study-v2-recovered/repeat-003/20260917T010434Z/hinted_ir/1ef664408ee547d0af62d05dd38cc357/report.json
Terra,3,hinted_ir:hip_moving_average:amd_xdna2_npu2,hinted_ir,amd_xdna2_npu2,1,code,completed,,60.171112763000565,,,,11207,3144,,7095,0,,,,False,,/home/justin/npu-playground/runs/case-study-v2-recovered/repeat-003/20260917T010434Z/hinted_ir/1ef664408ee547d0af62d05dd38cc357/report.json
Terra,3,hinted_ir:hip_moving_average:intel_npu_4000,hinted_ir,intel_npu_4000,1,intermediate,completed,,16.577621172000363,,,,9556,744,,2128,0,,,,False,,/home/justin/npu-playground/runs/case-study-v2-recovered/repeat-003/20260917T010434Z/hinted_ir/39100741228345bf88f10fa406f5fbd7/report.json
Terra,3,hinted_ir:hip_moving_average:intel_npu_4000,hinted_ir,intel_npu_4000,1,code,completed,,62.1693165150009,,,,10237,3298,,3864,0,,,,False,,/home/justin/npu-playground/runs/case-study-v2-recovered/repeat-003/20260917T010434Z/hinted_ir/39100741228345bf88f10fa406f5fbd7/report.json
Terra,3,hinted_ir:triton_fused_attention:amd_xdna2_npu2,hinted_ir,amd_xdna2_npu2,1,intermediate,completed,,28.447710094000286,,,,9762,1232,,2930,0,,,14234,False,,/home/justin/npu-playground/runs/case-study-v2-recovered/repeat-003/20260917T010434Z/hinted_ir/8631c73d4c284abcaa9a0a3c511eb839/report.json
Terra,3,hinted_ir:triton_fused_attention:amd_xdna2_npu2,hinted_ir,amd_xdna2_npu2,1,code,completed,,137.23231108100117,,,,11519,7464,,8461,0,,,19036,False,,/home/justin/npu-playground/runs/case-study-v2-recovered/repeat-003/20260917T010434Z/hinted_ir/8631c73d4c284abcaa9a0a3c511eb839/report.json
Terra,3,hinted_ir:triton_fused_attention:amd_xdna2_npu2,hinted_ir,amd_xdna2_npu2,2,intermediate,completed,,22.673395005000202,,,,13289,1092,,14234,0,,,13624,False,,/home/justin/npu-playground/runs/case-study-v2-recovered/repeat-003/20260917T010434Z/hinted_ir/8631c73d4c284abcaa9a0a3c511eb839/report.json
Terra,3,hinted_ir:triton_fused_attention:amd_xdna2_npu2,hinted_ir,amd_xdna2_npu2,2,code,completed,,76.12404878900088,,,,14904,4059,,19036,0,,,18449,False,,/home/justin/npu-playground/runs/case-study-v2-recovered/repeat-003/20260917T010434Z/hinted_ir/8631c73d4c284abcaa9a0a3c511eb839/report.json
Terra,3,hinted_ir:triton_fused_attention:amd_xdna2_npu2,hinted_ir,amd_xdna2_npu2,3,intermediate,completed,,23.51535469299961,,,,13341,1099,,13624,0,,,,False,,/home/justin/npu-playground/runs/case-study-v2-recovered/repeat-003/20260917T010434Z/hinted_ir/8631c73d4c284abcaa9a0a3c511eb839/report.json
Terra,3,hinted_ir:triton_fused_attention:amd_xdna2_npu2,hinted_ir,amd_xdna2_npu2,3,code,completed,,103.22142363999956,,,,14969,5555,,18449,0,,,,False,,/home/justin/npu-playground/runs/case-study-v2-recovered/repeat-003/20260917T010434Z/hinted_ir/8631c73d4c284abcaa9a0a3c511eb839/report.json
Terra,3,hinted_ir:triton_fused_attention:intel_npu_4000,hinted_ir,intel_npu_4000,1,intermediate,completed,,24.55860367599962,,,,9760,1216,,2930,0,,,,False,,/home/justin/npu-playground/runs/case-study-v2-recovered/repeat-003/20260917T010434Z/hinted_ir/042c528731fd4167b8bcc65231f72406/report.json
Terra,3,hinted_ir:triton_fused_attention:intel_npu_4000,hinted_ir,intel_npu_4000,1,code,completed,,43.69791587999862,,,,10576,2139,,4880,0,,,,False,,/home/justin/npu-playground/runs/case-study-v2-recovered/repeat-003/20260917T010434Z/hinted_ir/042c528731fd4167b8bcc65231f72406/report.json
Terra,3,hinted_ir:triton_fused_softmax:amd_xdna2_npu2,hinted_ir,amd_xdna2_npu2,1,intermediate,completed,,19.87913916599973,,,,9536,922,,2173,0,,,9609,False,,/home/justin/npu-playground/runs/case-study-v2-recovered/repeat-003/20260917T010434Z/hinted_ir/d35489be99964723ad24ada02cd4faf5/report.json
Terra,3,hinted_ir:triton_fused_softmax:amd_xdna2_npu2,hinted_ir,amd_xdna2_npu2,1,code,completed,,60.60711905199969,,,,11224,3207,,7422,0,,,14138,False,,/home/justin/npu-playground/runs/case-study-v2-recovered/repeat-003/20260917T010434Z/hinted_ir/d35489be99964723ad24ada02cd4faf5/report.json
Terra,3,hinted_ir:triton_fused_softmax:amd_xdna2_npu2,hinted_ir,amd_xdna2_npu2,2,intermediate,completed,,14.295112056001017,,,,11859,625,,9609,0,,,,False,,/home/justin/npu-playground/runs/case-study-v2-recovered/repeat-003/20260917T010434Z/hinted_ir/d35489be99964723ad24ada02cd4faf5/report.json
Terra,3,hinted_ir:triton_fused_softmax:amd_xdna2_npu2,hinted_ir,amd_xdna2_npu2,2,code,completed,,32.73169842799871,,,,13377,1623,,14138,0,,,,False,,/home/justin/npu-playground/runs/case-study-v2-recovered/repeat-003/20260917T010434Z/hinted_ir/d35489be99964723ad24ada02cd4faf5/report.json
Terra,3,hinted_ir:triton_fused_softmax:intel_npu_4000,hinted_ir,intel_npu_4000,1,intermediate,completed,,15.745271572999627,,,,9538,698,,2173,0,,,,False,,/home/justin/npu-playground/runs/case-study-v2-recovered/repeat-003/20260917T010434Z/hinted_ir/7c47d6c6db6945d396b5bac30cf930c5/report.json
Terra,3,hinted_ir:triton_fused_softmax:intel_npu_4000,hinted_ir,intel_npu_4000,1,code,completed,,23.526027332000012,,,,10183,1068,,3922,0,,,,False,,/home/justin/npu-playground/runs/case-study-v2-recovered/repeat-003/20260917T010434Z/hinted_ir/7c47d6c6db6945d396b5bac30cf930c5/report.json
Terra,3,hinted_ir:triton_layer_norm:amd_xdna2_npu2,hinted_ir,amd_xdna2_npu2,1,intermediate,completed,,16.812370294001084,,,,9724,757,,2755,0,,,12606,False,,/home/justin/npu-playground/runs/case-study-v2-recovered/repeat-003/20260917T010434Z/hinted_ir/6bb98eb7c3f74c999e34117608f84913/report.json
Terra,3,hinted_ir:triton_layer_norm:amd_xdna2_npu2,hinted_ir,amd_xdna2_npu2,1,code,completed,,114.54500366499997,,,,11221,6127,,7398,0,,,17452,False,,/home/justin/npu-playground/runs/case-study-v2-recovered/repeat-003/20260917T010434Z/hinted_ir/6bb98eb7c3f74c999e34117608f84913/report.json
Terra,3,hinted_ir:triton_layer_norm:amd_xdna2_npu2,hinted_ir,amd_xdna2_npu2,2,intermediate,completed,,13.174180787000296,,,,12952,553,,12606,0,,,9882,False,,/home/justin/npu-playground/runs/case-study-v2-recovered/repeat-003/20260917T010434Z/hinted_ir/6bb98eb7c3f74c999e34117608f84913/report.json
Terra,3,hinted_ir:triton_layer_norm:amd_xdna2_npu2,hinted_ir,amd_xdna2_npu2,2,code,completed,,80.36076063299879,,,,14517,4275,,17452,0,,,14579,False,,/home/justin/npu-playground/runs/case-study-v2-recovered/repeat-003/20260917T010434Z/hinted_ir/6bb98eb7c3f74c999e34117608f84913/report.json
Terra,3,hinted_ir:triton_layer_norm:amd_xdna2_npu2,hinted_ir,amd_xdna2_npu2,3,intermediate,completed,,19.351534667001033,,,,12032,884,,9882,0,,,12244,False,,/home/justin/npu-playground/runs/case-study-v2-recovered/repeat-003/20260917T010434Z/hinted_ir/6bb98eb7c3f74c999e34117608f84913/report.json
Terra,3,hinted_ir:triton_layer_norm:amd_xdna2_npu2,hinted_ir,amd_xdna2_npu2,3,code,completed,,78.93099628600066,,,,13533,4119,,14579,0,,,17361,False,,/home/justin/npu-playground/runs/case-study-v2-recovered/repeat-003/20260917T010434Z/hinted_ir/6bb98eb7c3f74c999e34117608f84913/report.json
Terra,3,hinted_ir:triton_layer_norm:amd_xdna2_npu2,hinted_ir,amd_xdna2_npu2,4,intermediate,completed,,19.649027897999986,,,,12847,930,,12244,0,,,,False,,/home/justin/npu-playground/runs/case-study-v2-recovered/repeat-003/20260917T010434Z/hinted_ir/6bb98eb7c3f74c999e34117608f84913/report.json
Terra,3,hinted_ir:triton_layer_norm:amd_xdna2_npu2,hinted_ir,amd_xdna2_npu2,4,code,completed,,71.36639866800033,,,,14514,3788,,17361,0,,,,False,,/home/justin/npu-playground/runs/case-study-v2-recovered/repeat-003/20260917T010434Z/hinted_ir/6bb98eb7c3f74c999e34117608f84913/report.json
Terra,3,hinted_ir:triton_layer_norm:intel_npu_4000,hinted_ir,intel_npu_4000,1,intermediate,completed,,19.999833887000932,,,,9724,918,,2755,0,,,7956,False,,/home/justin/npu-playground/runs/case-study-v2-recovered/repeat-003/20260917T010434Z/hinted_ir/92255403df9c4bee9c1b668177181aec/report.json
Terra,3,hinted_ir:triton_layer_norm:intel_npu_4000,hinted_ir,intel_npu_4000,1,code,completed,,29.32403409899962,,,,10569,1445,,5131,0,,,10142,False,,/home/justin/npu-playground/runs/case-study-v2-recovered/repeat-003/20260917T010434Z/hinted_ir/92255403df9c4bee9c1b668177181aec/report.json
Terra,3,hinted_ir:triton_layer_norm:intel_npu_4000,hinted_ir,intel_npu_4000,2,intermediate,completed,,21.234933084999284,,,,11292,896,,7956,0,,,,False,,/home/justin/npu-playground/runs/case-study-v2-recovered/repeat-003/20260917T010434Z/hinted_ir/92255403df9c4bee9c1b668177181aec/report.json
Terra,3,hinted_ir:triton_layer_norm:intel_npu_4000,hinted_ir,intel_npu_4000,2,code,completed,,13.43474989599963,,,,12089,588,,10142,0,,,,False,,/home/justin/npu-playground/runs/case-study-v2-recovered/repeat-003/20260917T010434Z/hinted_ir/92255403df9c4bee9c1b668177181aec/report.json
Terra,3,structured_ir:cuda_reduce_sum:amd_xdna2_npu2,structured_ir,amd_xdna2_npu2,1,intermediate,completed,,13.941832624999734,,,,11315,621,,4931,0,,,,False,,/home/justin/npu-playground/runs/case-study-v2-recovered/repeat-003/20260917T010434Z/structured_ir/f960bd3cfd4047a681f27e70c308a185/report.json
Terra,3,structured_ir:cuda_reduce_sum:amd_xdna2_npu2,structured_ir,amd_xdna2_npu2,1,code,completed,,89.2047858499991,,,,11146,4797,,7280,0,,,,False,,/home/justin/npu-playground/runs/case-study-v2-recovered/repeat-003/20260917T010434Z/structured_ir/f960bd3cfd4047a681f27e70c308a185/report.json
Terra,3,structured_ir:cuda_reduce_sum:intel_npu_4000,structured_ir,intel_npu_4000,1,intermediate,completed,,18.17788844200004,,,,11311,825,,4931,0,,,,False,,/home/justin/npu-playground/runs/case-study-v2-recovered/repeat-003/20260917T010434Z/structured_ir/c7e1d51593674431bb29df90b732ef11/report.json
Terra,3,structured_ir:cuda_reduce_sum:intel_npu_4000,structured_ir,intel_npu_4000,1,code,completed,,15.932348026999534,,,,10242,692,,4367,0,,,,False,,/home/justin/npu-playground/runs/case-study-v2-recovered/repeat-003/20260917T010434Z/structured_ir/c7e1d51593674431bb29df90b732ef11/report.json
Terra,3,structured_ir:cuda_tiled_matmul:amd_xdna2_npu2,structured_ir,amd_xdna2_npu2,1,intermediate,completed,,16.804388104999816,,,,11415,727,,5198,0,,,,False,,/home/justin/npu-playground/runs/case-study-v2-recovered/repeat-003/20260917T010434Z/structured_ir/0db3e477f1174d3690cd060d6d70fef6/report.json
Terra,3,structured_ir:cuda_tiled_matmul:amd_xdna2_npu2,structured_ir,amd_xdna2_npu2,1,code,completed,,47.2872443060005,,,,11266,2447,,7708,0,,,50203,False,,/home/justin/npu-playground/runs/case-study-v2-recovered/repeat-003/20260917T010434Z/structured_ir/0db3e477f1174d3690cd060d6d70fef6/report.json
Terra,3,structured_ir:cuda_tiled_matmul:amd_xdna2_npu2,structured_ir,amd_xdna2_npu2,2,code,completed,,87.62885644000016,,,,19422,4713,,50203,0,,,20535,False,,/home/justin/npu-playground/runs/case-study-v2-recovered/repeat-003/20260917T010434Z/structured_ir/0db3e477f1174d3690cd060d6d70fef6/report.json
Terra,3,structured_ir:cuda_tiled_matmul:amd_xdna2_npu2,structured_ir,amd_xdna2_npu2,3,code,completed,,57.814342159999796,,,,15656,2943,,20535,0,,,50144,False,,/home/justin/npu-playground/runs/case-study-v2-recovered/repeat-003/20260917T010434Z/structured_ir/0db3e477f1174d3690cd060d6d70fef6/report.json
Terra,3,structured_ir:cuda_tiled_matmul:amd_xdna2_npu2,structured_ir,amd_xdna2_npu2,4,code,completed,,153.39562203699825,,,,19406,8315,,50144,0,,,57447,False,,/home/justin/npu-playground/runs/case-study-v2-recovered/repeat-003/20260917T010434Z/structured_ir/0db3e477f1174d3690cd060d6d70fef6/report.json
Terra,3,structured_ir:cuda_tiled_matmul:amd_xdna2_npu2,structured_ir,amd_xdna2_npu2,5,code,completed,,87.66554948900011,,,,22114,4666,,57447,0,,,50213,False,,/home/justin/npu-playground/runs/case-study-v2-recovered/repeat-003/20260917T010434Z/structured_ir/0db3e477f1174d3690cd060d6d70fef6/report.json
Terra,3,structured_ir:cuda_tiled_matmul:amd_xdna2_npu2,structured_ir,amd_xdna2_npu2,6,code,completed,,137.9727467190005,,,,19401,7494,,50213,0,,,50304,False,,/home/justin/npu-playground/runs/case-study-v2-recovered/repeat-003/20260917T010434Z/structured_ir/0db3e477f1174d3690cd060d6d70fef6/report.json
Terra,3,structured_ir:cuda_tiled_matmul:amd_xdna2_npu2,structured_ir,amd_xdna2_npu2,7,code,completed,,83.97582118500031,,,,19454,4518,,50304,0,,,50258,False,,/home/justin/npu-playground/runs/case-study-v2-recovered/repeat-003/20260917T010434Z/structured_ir/0db3e477f1174d3690cd060d6d70fef6/report.json
Terra,3,structured_ir:cuda_tiled_matmul:amd_xdna2_npu2,structured_ir,amd_xdna2_npu2,8,code,completed,,79.5301631630009,,,,19431,4284,,50258,0,,,20889,False,,/home/justin/npu-playground/runs/case-study-v2-recovered/repeat-003/20260917T010434Z/structured_ir/0db3e477f1174d3690cd060d6d70fef6/report.json
Terra,3,structured_ir:cuda_tiled_matmul:amd_xdna2_npu2,structured_ir,amd_xdna2_npu2,9,code,completed,,56.47498407199964,,,,15896,2961,,20889,0,,,50239,False,,/home/justin/npu-playground/runs/case-study-v2-recovered/repeat-003/20260917T010434Z/structured_ir/0db3e477f1174d3690cd060d6d70fef6/report.json
Terra,3,structured_ir:cuda_tiled_matmul:amd_xdna2_npu2,structured_ir,amd_xdna2_npu2,10,code,completed,,80.5796152569983,,,,19422,4330,,50239,0,,,,False,,/home/justin/npu-playground/runs/case-study-v2-recovered/repeat-003/20260917T010434Z/structured_ir/0db3e477f1174d3690cd060d6d70fef6/report.json
Terra,3,structured_ir:cuda_tiled_matmul:intel_npu_4000,structured_ir,intel_npu_4000,1,intermediate,completed,,17.689825301999008,,,,11413,761,,5198,0,,,,False,,/home/justin/npu-playground/runs/case-study-v2-recovered/repeat-003/20260917T010434Z/structured_ir/58927c783898479e8b0e1a1789a02425/report.json
Terra,3,structured_ir:cuda_tiled_matmul:intel_npu_4000,structured_ir,intel_npu_4000,1,code,completed,,11.86791511500087,,,,10415,484,,4957,0,,,,False,,/home/justin/npu-playground/runs/case-study-v2-recovered/repeat-003/20260917T010434Z/structured_ir/58927c783898479e8b0e1a1789a02425/report.json
Terra,3,structured_ir:cuda_tiled_transpose:amd_xdna2_npu2,structured_ir,amd_xdna2_npu2,1,intermediate,completed,,12.574342844000057,,,,11268,400,,4728,0,,,,False,,/home/justin/npu-playground/runs/case-study-v2-recovered/repeat-003/20260917T010434Z/structured_ir/056a7c85c2314ccc8bae877b979bddbe/report.json
Terra,3,structured_ir:cuda_tiled_transpose:amd_xdna2_npu2,structured_ir,amd_xdna2_npu2,1,code,completed,,50.9631305640014,,,,11064,2644,,6981,0,,,,False,,/home/justin/npu-playground/runs/case-study-v2-recovered/repeat-003/20260917T010434Z/structured_ir/056a7c85c2314ccc8bae877b979bddbe/report.json
Terra,3,structured_ir:cuda_tiled_transpose:intel_npu_4000,structured_ir,intel_npu_4000,1,intermediate,completed,,10.288378820998332,,,,11266,378,,4728,0,,,,False,,/home/justin/npu-playground/runs/case-study-v2-recovered/repeat-003/20260917T010434Z/structured_ir/2724b94e7f1741c3a4cd08f14b7f97ba/report.json
Terra,3,structured_ir:cuda_tiled_transpose:intel_npu_4000,structured_ir,intel_npu_4000,1,code,completed,,10.536354523999762,,,,10162,409,,4016,0,,,,False,,/home/justin/npu-playground/runs/case-study-v2-recovered/repeat-003/20260917T010434Z/structured_ir/2724b94e7f1741c3a4cd08f14b7f97ba/report.json
Terra,3,structured_ir:cuda_vector_add:amd_xdna2_npu2,structured_ir,amd_xdna2_npu2,1,intermediate,completed,,13.197626570001376,,,,11236,570,,4670,0,,,,False,,/home/justin/npu-playground/runs/case-study-v2-recovered/repeat-003/20260917T010434Z/structured_ir/b8c56dce048440cbb0bf26bd259e7fb6/report.json
Terra,3,structured_ir:cuda_vector_add:amd_xdna2_npu2,structured_ir,amd_xdna2_npu2,1,code,completed,,69.9818362320002,,,,11794,2525,,7573,0,,,16031,False,,/home/justin/npu-playground/runs/case-study-v2-recovered/repeat-003/20260917T010434Z/structured_ir/b8c56dce048440cbb0bf26bd259e7fb6/report.json
Terra,3,structured_ir:cuda_vector_add:amd_xdna2_npu2,structured_ir,amd_xdna2_npu2,2,code,completed,,34.66032594599892,,,,13823,1731,,16031,0,,,,False,,/home/justin/npu-playground/runs/case-study-v2-recovered/repeat-003/20260917T010434Z/structured_ir/b8c56dce048440cbb0bf26bd259e7fb6/report.json
Terra,3,structured_ir:cuda_vector_add:intel_npu_4000,structured_ir,intel_npu_4000,1,intermediate,completed,,16.908399645999452,,,,11240,638,,4670,0,,,,False,,/home/justin/npu-playground/runs/case-study-v2-recovered/repeat-003/20260917T010434Z/structured_ir/d693e289ecd547c49ef7b4f219772c30/report.json
Terra,3,structured_ir:cuda_vector_add:intel_npu_4000,structured_ir,intel_npu_4000,1,code,completed,,19.834530207999705,,,,10325,924,,4467,0,,,,False,,/home/justin/npu-playground/runs/case-study-v2-recovered/repeat-003/20260917T010434Z/structured_ir/d693e289ecd547c49ef7b4f219772c30/report.json
Terra,3,structured_ir:hip_gamma_correction:amd_xdna2_npu2,structured_ir,amd_xdna2_npu2,1,intermediate,completed,,16.57739408999987,,,,11260,698,,4760,0,,,,False,,/home/justin/npu-playground/runs/case-study-v2-recovered/repeat-003/20260917T010434Z/structured_ir/d9c89c4ab5ed4cd798d89e2756f53e86/report.json
Terra,3,structured_ir:hip_gamma_correction:amd_xdna2_npu2,structured_ir,amd_xdna2_npu2,1,code,completed,,50.11548428700007,,,,11271,2621,,7555,0,,,,False,,/home/justin/npu-playground/runs/case-study-v2-recovered/repeat-003/20260917T010434Z/structured_ir/d9c89c4ab5ed4cd798d89e2756f53e86/report.json
Terra,3,structured_ir:hip_gamma_correction:intel_npu_4000,structured_ir,intel_npu_4000,1,intermediate,completed,,19.28362774999914,,,,11260,863,,4760,0,,,,False,,/home/justin/npu-playground/runs/case-study-v2-recovered/repeat-003/20260917T010434Z/structured_ir/782ee36a67a24b0abae327e264091cd4/report.json
Terra,3,structured_ir:hip_gamma_correction:intel_npu_4000,structured_ir,intel_npu_4000,1,code,completed,,20.926963126999908,,,,10352,948,,4568,0,,,,False,,/home/justin/npu-playground/runs/case-study-v2-recovered/repeat-003/20260917T010434Z/structured_ir/782ee36a67a24b0abae327e264091cd4/report.json
Terra,3,structured_ir:hip_image_convolution:amd_xdna2_npu2,structured_ir,amd_xdna2_npu2,1,intermediate,completed,,21.39531130999967,,,,11394,959,,5079,0,,,,False,,/home/justin/npu-playground/runs/case-study-v2-recovered/repeat-003/20260917T010434Z/structured_ir/34b11fb4565e4ee7a833b4614b06e751/report.json
Terra,3,structured_ir:hip_image_convolution:amd_xdna2_npu2,structured_ir,amd_xdna2_npu2,1,code,completed,,47.42617367999992,,,,11425,2472,,8131,0,,,16690,False,,/home/justin/npu-playground/runs/case-study-v2-recovered/repeat-003/20260917T010434Z/structured_ir/34b11fb4565e4ee7a833b4614b06e751/report.json
Terra,3,structured_ir:hip_image_convolution:amd_xdna2_npu2,structured_ir,amd_xdna2_npu2,2,code,completed,,52.899375756000154,,,,14013,2783,,16690,0,,,,False,,/home/justin/npu-playground/runs/case-study-v2-recovered/repeat-003/20260917T010434Z/structured_ir/34b11fb4565e4ee7a833b4614b06e751/report.json
Terra,3,structured_ir:hip_image_convolution:intel_npu_4000,structured_ir,intel_npu_4000,1,intermediate,completed,,19.09167363800043,,,,11394,895,,5079,0,,,,False,,/home/justin/npu-playground/runs/case-study-v2-recovered/repeat-003/20260917T010434Z/structured_ir/2820b8f650d4430e95c3a4cb51af67ca/report.json
Terra,3,structured_ir:hip_image_convolution:intel_npu_4000,structured_ir,intel_npu_4000,1,code,completed,,17.515988164999726,,,,10391,800,,4807,0,,,,False,,/home/justin/npu-playground/runs/case-study-v2-recovered/repeat-003/20260917T010434Z/structured_ir/2820b8f650d4430e95c3a4cb51af67ca/report.json
Terra,3,structured_ir:hip_moving_average:amd_xdna2_npu2,structured_ir,amd_xdna2_npu2,1,intermediate,completed,,16.72311622399866,,,,11258,773,,4763,0,,,,False,,/home/justin/npu-playground/runs/case-study-v2-recovered/repeat-003/20260917T010434Z/structured_ir/9037835e6e8d4dbcaeb5200f520d275e/report.json
Terra,3,structured_ir:hip_moving_average:amd_xdna2_npu2,structured_ir,amd_xdna2_npu2,1,code,completed,,39.98885238600087,,,,11252,2026,,7604,0,,,15586,False,,/home/justin/npu-playground/runs/case-study-v2-recovered/repeat-003/20260917T010434Z/structured_ir/9037835e6e8d4dbcaeb5200f520d275e/report.json
Terra,3,structured_ir:hip_moving_average:amd_xdna2_npu2,structured_ir,amd_xdna2_npu2,2,code,completed,,109.26730877599948,,,,13578,5899,,15586,0,,,44277,False,,/home/justin/npu-playground/runs/case-study-v2-recovered/repeat-003/20260917T010434Z/structured_ir/9037835e6e8d4dbcaeb5200f520d275e/report.json
Terra,3,structured_ir:hip_moving_average:amd_xdna2_npu2,structured_ir,amd_xdna2_npu2,3,code,completed,,60.98874962899936,,,,18831,3185,,44277,0,,,,False,,/home/justin/npu-playground/runs/case-study-v2-recovered/repeat-003/20260917T010434Z/structured_ir/9037835e6e8d4dbcaeb5200f520d275e/report.json
Terra,3,structured_ir:hip_moving_average:intel_npu_4000,structured_ir,intel_npu_4000,1,intermediate,completed,,15.80773676699937,,,,11260,681,,4763,0,,,,False,,/home/justin/npu-playground/runs/case-study-v2-recovered/repeat-003/20260917T010434Z/structured_ir/7eb65d5df18b4404b97656a673df07da/report.json
Terra,3,structured_ir:hip_moving_average:intel_npu_4000,structured_ir,intel_npu_4000,1,code,completed,,35.111996301000545,,,,10299,1761,,4507,0,,,,False,,/home/justin/npu-playground/runs/case-study-v2-recovered/repeat-003/20260917T010434Z/structured_ir/7eb65d5df18b4404b97656a673df07da/report.json
Terra,3,structured_ir:triton_fused_attention:amd_xdna2_npu2,structured_ir,amd_xdna2_npu2,1,intermediate,completed,,34.08118751300026,,,,11462,1730,,5566,0,,,,False,,/home/justin/npu-playground/runs/case-study-v2-recovered/repeat-003/20260917T010434Z/structured_ir/5ba9da9dd24a4f4a9e8570835fa9a90a/report.json
Terra,3,structured_ir:triton_fused_attention:amd_xdna2_npu2,structured_ir,amd_xdna2_npu2,1,code,completed,,103.99080784699981,,,,11534,5616,,8636,0,,,20841,False,,/home/justin/npu-playground/runs/case-study-v2-recovered/repeat-003/20260917T010434Z/structured_ir/5ba9da9dd24a4f4a9e8570835fa9a90a/report.json
Terra,3,structured_ir:triton_fused_attention:amd_xdna2_npu2,structured_ir,amd_xdna2_npu2,2,code,completed,,130.80798972600132,,,,15364,7120,,20841,0,,,,False,,/home/justin/npu-playground/runs/case-study-v2-recovered/repeat-003/20260917T010434Z/structured_ir/5ba9da9dd24a4f4a9e8570835fa9a90a/report.json
Terra,3,structured_ir:triton_fused_attention:intel_npu_4000,structured_ir,intel_npu_4000,1,intermediate,completed,,63.40113658500013,,,,11462,3368,,5566,0,,,,False,,/home/justin/npu-playground/runs/case-study-v2-recovered/repeat-003/20260917T010434Z/structured_ir/27c39f7e541847d1a1a102c89ee4ae8b/report.json
Terra,3,structured_ir:triton_fused_attention:intel_npu_4000,structured_ir,intel_npu_4000,1,code,completed,,23.498387335999723,,,,12169,1069,,11644,0,,,,False,,/home/justin/npu-playground/runs/case-study-v2-recovered/repeat-003/20260917T010434Z/structured_ir/27c39f7e541847d1a1a102c89ee4ae8b/report.json
Terra,3,structured_ir:triton_fused_softmax:amd_xdna2_npu2,structured_ir,amd_xdna2_npu2,1,intermediate,completed,,18.7144067420013,,,,11240,846,,4808,0,,,,False,,/home/justin/npu-playground/runs/case-study-v2-recovered/repeat-003/20260917T010434Z/structured_ir/564ad142d6d942cd81ceff730d73e90f/report.json
Terra,3,structured_ir:triton_fused_softmax:amd_xdna2_npu2,structured_ir,amd_xdna2_npu2,1,code,completed,,64.16723056299998,,,,11173,3230,,7443,0,,,,False,,/home/justin/npu-playground/runs/case-study-v2-recovered/repeat-003/20260917T010434Z/structured_ir/564ad142d6d942cd81ceff730d73e90f/report.json
Terra,3,structured_ir:triton_fused_softmax:intel_npu_4000,structured_ir,intel_npu_4000,1,intermediate,completed,,12.57831279200036,,,,11236,515,,4808,0,,,,False,,/home/justin/npu-playground/runs/case-study-v2-recovered/repeat-003/20260917T010434Z/structured_ir/953669c0d5ac430fb34b166a8b2e636d/report.json
Terra,3,structured_ir:triton_fused_softmax:intel_npu_4000,structured_ir,intel_npu_4000,1,code,completed,,13.134198036999805,,,,10150,510,,4068,0,,,,False,,/home/justin/npu-playground/runs/case-study-v2-recovered/repeat-003/20260917T010434Z/structured_ir/953669c0d5ac430fb34b166a8b2e636d/report.json
Terra,3,structured_ir:triton_layer_norm:amd_xdna2_npu2,structured_ir,amd_xdna2_npu2,1,intermediate,completed,,46.487936251000065,,,,11422,2388,,5388,0,,,,False,,/home/justin/npu-playground/runs/case-study-v2-recovered/repeat-003/20260917T010434Z/structured_ir/733cdbc757a54fb1ae67ae3e5525c87a/report.json
Terra,3,structured_ir:triton_layer_norm:amd_xdna2_npu2,structured_ir,amd_xdna2_npu2,1,code,completed,,112.3025430889993,,,,13096,5967,,14846,0,,,32592,False,,/home/justin/npu-playground/runs/case-study-v2-recovered/repeat-003/20260917T010434Z/structured_ir/733cdbc757a54fb1ae67ae3e5525c87a/report.json
Terra,3,structured_ir:triton_layer_norm:amd_xdna2_npu2,structured_ir,amd_xdna2_npu2,2,code,completed,,101.80212102900077,,,,18120,5462,,32592,0,,,,False,,/home/justin/npu-playground/runs/case-study-v2-recovered/repeat-003/20260917T010434Z/structured_ir/733cdbc757a54fb1ae67ae3e5525c87a/report.json
Terra,3,structured_ir:triton_layer_norm:intel_npu_4000,structured_ir,intel_npu_4000,1,intermediate,completed,,36.01598147100049,,,,11424,1778,,5388,0,,,,False,,/home/justin/npu-playground/runs/case-study-v2-recovered/repeat-003/20260917T010434Z/structured_ir/8abb537b4ea140fa805f92511507263d/report.json
Terra,3,structured_ir:triton_layer_norm:intel_npu_4000,structured_ir,intel_npu_4000,1,code,completed,,49.57111493600132,,,,12041,2281,,11359,0,,,,False,,/home/justin/npu-playground/runs/case-study-v2-recovered/repeat-003/20260917T010434Z/structured_ir/8abb537b4ea140fa805f92511507263d/report.json
Terra,3,structured_ir_no_reuse:cuda_reduce_sum:amd_xdna2_npu2,structured_ir_no_reuse,amd_xdna2_npu2,1,intermediate,completed,,13.776825015998838,,,,11311,594,,4931,0,,,,False,,/home/justin/npu-playground/runs/case-study-v2-recovered/repeat-003/20260917T010434Z/structured_ir_no_reuse/8365e260224c46dba97098ceb5266869/report.json
Terra,3,structured_ir_no_reuse:cuda_reduce_sum:amd_xdna2_npu2,structured_ir_no_reuse,amd_xdna2_npu2,1,code,completed,,52.33686347100047,,,,11184,2727,,7384,0,,,,False,,/home/justin/npu-playground/runs/case-study-v2-recovered/repeat-003/20260917T010434Z/structured_ir_no_reuse/8365e260224c46dba97098ceb5266869/report.json
Terra,3,structured_ir_no_reuse:cuda_reduce_sum:intel_npu_4000,structured_ir_no_reuse,intel_npu_4000,1,intermediate,completed,,13.506633568000325,,,,11317,499,,4931,0,,,,False,,/home/justin/npu-playground/runs/case-study-v2-recovered/repeat-003/20260917T010434Z/structured_ir_no_reuse/0768d9bd28a54520a81ce3e139cc1b1d/report.json
Terra,3,structured_ir_no_reuse:cuda_reduce_sum:intel_npu_4000,structured_ir_no_reuse,intel_npu_4000,1,code,completed,,9.150391246999789,,,,10241,326,,4392,0,,,,False,,/home/justin/npu-playground/runs/case-study-v2-recovered/repeat-003/20260917T010434Z/structured_ir_no_reuse/0768d9bd28a54520a81ce3e139cc1b1d/report.json
Terra,3,structured_ir_no_reuse:cuda_tiled_matmul:amd_xdna2_npu2,structured_ir_no_reuse,amd_xdna2_npu2,1,intermediate,completed,,18.43767495099928,,,,11413,816,,5198,0,,,,False,,/home/justin/npu-playground/runs/case-study-v2-recovered/repeat-003/20260917T010434Z/structured_ir_no_reuse/bbe4a6b51efe418d829c2c9a4c7af2cd/report.json
Terra,3,structured_ir_no_reuse:cuda_tiled_matmul:amd_xdna2_npu2,structured_ir_no_reuse,amd_xdna2_npu2,1,code,completed,,59.76596992499981,,,,11347,2997,,8011,0,,,,False,,/home/justin/npu-playground/runs/case-study-v2-recovered/repeat-003/20260917T010434Z/structured_ir_no_reuse/bbe4a6b51efe418d829c2c9a4c7af2cd/report.json
Terra,3,structured_ir_no_reuse:cuda_tiled_matmul:intel_npu_4000,structured_ir_no_reuse,intel_npu_4000,1,intermediate,completed,,21.17970964000051,,,,11411,831,,5198,0,,,,False,,/home/justin/npu-playground/runs/case-study-v2-recovered/repeat-003/20260917T010434Z/structured_ir_no_reuse/b11d8c14093b4fc4b6e565cb43d9b6a3/report.json
Terra,3,structured_ir_no_reuse:cuda_tiled_matmul:intel_npu_4000,structured_ir_no_reuse,intel_npu_4000,1,code,completed,,12.565966022999419,,,,10402,511,,4827,0,,,,False,,/home/justin/npu-playground/runs/case-study-v2-recovered/repeat-003/20260917T010434Z/structured_ir_no_reuse/b11d8c14093b4fc4b6e565cb43d9b6a3/report.json
Terra,3,structured_ir_no_reuse:cuda_tiled_transpose:amd_xdna2_npu2,structured_ir_no_reuse,amd_xdna2_npu2,1,intermediate,completed,,10.801110835000145,,,,11270,409,,4728,0,,,33960,False,,/home/justin/npu-playground/runs/case-study-v2-recovered/repeat-003/20260917T010434Z/structured_ir_no_reuse/0adec019c6d8489d8aa075c6c1231f14/report.json
Terra,3,structured_ir_no_reuse:cuda_tiled_transpose:amd_xdna2_npu2,structured_ir_no_reuse,amd_xdna2_npu2,1,code,completed,,100.63498705299935,,,,11058,5435,,6914,0,,,36143,False,,/home/justin/npu-playground/runs/case-study-v2-recovered/repeat-003/20260917T010434Z/structured_ir_no_reuse/0adec019c6d8489d8aa075c6c1231f14/report.json
Terra,3,structured_ir_no_reuse:cuda_tiled_transpose:amd_xdna2_npu2,structured_ir_no_reuse,amd_xdna2_npu2,2,intermediate,completed,,9.210488878999968,,,,17099,330,,33960,0,,,,False,,/home/justin/npu-playground/runs/case-study-v2-recovered/repeat-003/20260917T010434Z/structured_ir_no_reuse/0adec019c6d8489d8aa075c6c1231f14/report.json
Terra,3,structured_ir_no_reuse:cuda_tiled_transpose:amd_xdna2_npu2,structured_ir_no_reuse,amd_xdna2_npu2,2,code,completed,,63.57976261099975,,,,16889,3373,,36143,0,,,,False,,/home/justin/npu-playground/runs/case-study-v2-recovered/repeat-003/20260917T010434Z/structured_ir_no_reuse/0adec019c6d8489d8aa075c6c1231f14/report.json
Terra,3,structured_ir_no_reuse:cuda_tiled_transpose:intel_npu_4000,structured_ir_no_reuse,intel_npu_4000,1,intermediate,completed,,10.357220781999786,,,,11268,391,,4728,0,,,,False,,/home/justin/npu-playground/runs/case-study-v2-recovered/repeat-003/20260917T010434Z/structured_ir_no_reuse/e332ca0507fc4d088f99824e3dff206d/report.json
Terra,3,structured_ir_no_reuse:cuda_tiled_transpose:intel_npu_4000,structured_ir_no_reuse,intel_npu_4000,1,code,completed,,18.180381164998835,,,,10155,842,,3972,0,,,,False,,/home/justin/npu-playground/runs/case-study-v2-recovered/repeat-003/20260917T010434Z/structured_ir_no_reuse/e332ca0507fc4d088f99824e3dff206d/report.json
Terra,3,structured_ir_no_reuse:cuda_vector_add:amd_xdna2_npu2,structured_ir_no_reuse,amd_xdna2_npu2,1,intermediate,completed,,15.319658539001466,,,,11238,692,,4670,0,,,12944,False,,/home/justin/npu-playground/runs/case-study-v2-recovered/repeat-003/20260917T010434Z/structured_ir_no_reuse/0f75655ed5304831b0798d18a68c14af/report.json
Terra,3,structured_ir_no_reuse:cuda_vector_add:amd_xdna2_npu2,structured_ir_no_reuse,amd_xdna2_npu2,1,code,completed,,50.784587035001096,,,,11262,2653,,7531,0,,,15805,False,,/home/justin/npu-playground/runs/case-study-v2-recovered/repeat-003/20260917T010434Z/structured_ir_no_reuse/0f75655ed5304831b0798d18a68c14af/report.json
Terra,3,structured_ir_no_reuse:cuda_vector_add:amd_xdna2_npu2,structured_ir_no_reuse,amd_xdna2_npu2,2,intermediate,completed,,11.547240407000572,,,,13728,480,,12944,0,,,,False,,/home/justin/npu-playground/runs/case-study-v2-recovered/repeat-003/20260917T010434Z/structured_ir_no_reuse/0f75655ed5304831b0798d18a68c14af/report.json
Terra,3,structured_ir_no_reuse:cuda_vector_add:amd_xdna2_npu2,structured_ir_no_reuse,amd_xdna2_npu2,2,code,completed,,72.21794688799855,,,,13754,3843,,15805,0,,,,False,,/home/justin/npu-playground/runs/case-study-v2-recovered/repeat-003/20260917T010434Z/structured_ir_no_reuse/0f75655ed5304831b0798d18a68c14af/report.json
Terra,3,structured_ir_no_reuse:cuda_vector_add:intel_npu_4000,structured_ir_no_reuse,intel_npu_4000,1,intermediate,completed,,12.515792912001416,,,,11240,529,,4670,0,,,,False,,/home/justin/npu-playground/runs/case-study-v2-recovered/repeat-003/20260917T010434Z/structured_ir_no_reuse/f361de2f3d954ee99dcb5b5e01eb23b0/report.json
Terra,3,structured_ir_no_reuse:cuda_vector_add:intel_npu_4000,structured_ir_no_reuse,intel_npu_4000,1,code,completed,,10.326463661000162,,,,10348,362,,4563,0,,,,False,,/home/justin/npu-playground/runs/case-study-v2-recovered/repeat-003/20260917T010434Z/structured_ir_no_reuse/f361de2f3d954ee99dcb5b5e01eb23b0/report.json
Terra,3,structured_ir_no_reuse:hip_gamma_correction:amd_xdna2_npu2,structured_ir_no_reuse,amd_xdna2_npu2,1,intermediate,completed,,14.43075480099833,,,,11258,611,,4760,0,,,12869,False,,/home/justin/npu-playground/runs/case-study-v2-recovered/repeat-003/20260917T010434Z/structured_ir_no_reuse/4d2c790500204b05a9c97ceb4ca9d743/report.json
Terra,3,structured_ir_no_reuse:hip_gamma_correction:amd_xdna2_npu2,structured_ir_no_reuse,amd_xdna2_npu2,1,code,completed,,43.94909523100068,,,,11292,2289,,7619,0,,,15720,False,,/home/justin/npu-playground/runs/case-study-v2-recovered/repeat-003/20260917T010434Z/structured_ir_no_reuse/4d2c790500204b05a9c97ceb4ca9d743/report.json
Terra,3,structured_ir_no_reuse:hip_gamma_correction:amd_xdna2_npu2,structured_ir_no_reuse,amd_xdna2_npu2,2,intermediate,completed,,11.976945589000024,,,,13636,484,,12869,0,,,,False,,/home/justin/npu-playground/runs/case-study-v2-recovered/repeat-003/20260917T010434Z/structured_ir_no_reuse/4d2c790500204b05a9c97ceb4ca9d743/report.json
Terra,3,structured_ir_no_reuse:hip_gamma_correction:amd_xdna2_npu2,structured_ir_no_reuse,amd_xdna2_npu2,2,code,completed,,38.23656925400064,,,,13663,1902,,15720,0,,,,False,,/home/justin/npu-playground/runs/case-study-v2-recovered/repeat-003/20260917T010434Z/structured_ir_no_reuse/4d2c790500204b05a9c97ceb4ca9d743/report.json
Terra,3,structured_ir_no_reuse:hip_gamma_correction:intel_npu_4000,structured_ir_no_reuse,intel_npu_4000,1,intermediate,completed,,16.537627339999744,,,,11258,724,,4760,0,,,,False,,/home/justin/npu-playground/runs/case-study-v2-recovered/repeat-003/20260917T010434Z/structured_ir_no_reuse/1b65ac5f7d1240a2be24d3bb29d3982d/report.json
Terra,3,structured_ir_no_reuse:hip_gamma_correction:intel_npu_4000,structured_ir_no_reuse,intel_npu_4000,1,code,completed,,12.049118310000267,,,,10289,444,,4383,0,,,,False,,/home/justin/npu-playground/runs/case-study-v2-recovered/repeat-003/20260917T010434Z/structured_ir_no_reuse/1b65ac5f7d1240a2be24d3bb29d3982d/report.json
Terra,3,structured_ir_no_reuse:hip_image_convolution:amd_xdna2_npu2,structured_ir_no_reuse,amd_xdna2_npu2,1,intermediate,completed,,17.03747751300034,,,,11394,753,,5079,0,,,,False,,/home/justin/npu-playground/runs/case-study-v2-recovered/repeat-003/20260917T010434Z/structured_ir_no_reuse/23cfe8acd97d428887795e57ef452117/report.json
Terra,3,structured_ir_no_reuse:hip_image_convolution:amd_xdna2_npu2,structured_ir_no_reuse,amd_xdna2_npu2,1,code,completed,,54.7705414969987,,,,11413,2883,,8098,0,,,,False,,/home/justin/npu-playground/runs/case-study-v2-recovered/repeat-003/20260917T010434Z/structured_ir_no_reuse/23cfe8acd97d428887795e57ef452117/report.json
Terra,3,structured_ir_no_reuse:hip_image_convolution:intel_npu_4000,structured_ir_no_reuse,intel_npu_4000,1,intermediate,completed,,16.323312546001034,,,,11392,736,,5079,0,,,,False,,/home/justin/npu-playground/runs/case-study-v2-recovered/repeat-003/20260917T010434Z/structured_ir_no_reuse/e1b46b4642ea402ab8b60facc2cc624c/report.json
Terra,3,structured_ir_no_reuse:hip_image_convolution:intel_npu_4000,structured_ir_no_reuse,intel_npu_4000,1,code,completed,,13.00514682100038,,,,10506,557,,5193,0,,,,False,,/home/justin/npu-playground/runs/case-study-v2-recovered/repeat-003/20260917T010434Z/structured_ir_no_reuse/e1b46b4642ea402ab8b60facc2cc624c/report.json
Terra,3,structured_ir_no_reuse:hip_moving_average:amd_xdna2_npu2,structured_ir_no_reuse,amd_xdna2_npu2,1,intermediate,completed,,15.856037686999116,,,,11258,634,,4763,0,,,11170,False,,/home/justin/npu-playground/runs/case-study-v2-recovered/repeat-003/20260917T010434Z/structured_ir_no_reuse/f6e47a5d22134d419694656bd8197933/report.json
Terra,3,structured_ir_no_reuse:hip_moving_average:amd_xdna2_npu2,structured_ir_no_reuse,amd_xdna2_npu2,1,code,completed,,78.50229417999981,,,,11232,4134,,7499,0,,,13906,False,,/home/justin/npu-playground/runs/case-study-v2-recovered/repeat-003/20260917T010434Z/structured_ir_no_reuse/f6e47a5d22134d419694656bd8197933/report.json
Terra,3,structured_ir_no_reuse:hip_moving_average:amd_xdna2_npu2,structured_ir_no_reuse,amd_xdna2_npu2,2,intermediate,completed,,10.869350690001738,,,,13183,434,,11170,0,,,13479,False,,/home/justin/npu-playground/runs/case-study-v2-recovered/repeat-003/20260917T010434Z/structured_ir_no_reuse/f6e47a5d22134d419694656bd8197933/report.json
Terra,3,structured_ir_no_reuse:hip_moving_average:amd_xdna2_npu2,structured_ir_no_reuse,amd_xdna2_npu2,2,code,completed,,37.92274510599964,,,,13151,1906,,13906,0,,,16316,False,,/home/justin/npu-playground/runs/case-study-v2-recovered/repeat-003/20260917T010434Z/structured_ir_no_reuse/f6e47a5d22134d419694656bd8197933/report.json
Terra,3,structured_ir_no_reuse:hip_moving_average:amd_xdna2_npu2,structured_ir_no_reuse,amd_xdna2_npu2,3,intermediate,completed,,13.966118518001167,,,,13834,591,,13479,0,,,11271,False,,/home/justin/npu-playground/runs/case-study-v2-recovered/repeat-003/20260917T010434Z/structured_ir_no_reuse/f6e47a5d22134d419694656bd8197933/report.json
Terra,3,structured_ir_no_reuse:hip_moving_average:amd_xdna2_npu2,structured_ir_no_reuse,amd_xdna2_npu2,3,code,completed,,33.14551792400016,,,,13821,1667,,16316,0,,,14060,False,,/home/justin/npu-playground/runs/case-study-v2-recovered/repeat-003/20260917T010434Z/structured_ir_no_reuse/f6e47a5d22134d419694656bd8197933/report.json
Terra,3,structured_ir_no_reuse:hip_moving_average:amd_xdna2_npu2,structured_ir_no_reuse,amd_xdna2_npu2,4,intermediate,completed,,11.829747624000447,,,,13194,483,,11271,0,,,13534,False,,/home/justin/npu-playground/runs/case-study-v2-recovered/repeat-003/20260917T010434Z/structured_ir_no_reuse/f6e47a5d22134d419694656bd8197933/report.json
Terra,3,structured_ir_no_reuse:hip_moving_average:amd_xdna2_npu2,structured_ir_no_reuse,amd_xdna2_npu2,4,code,completed,,64.53319483100131,,,,13177,3416,,14060,0,,,16323,False,,/home/justin/npu-playground/runs/case-study-v2-recovered/repeat-003/20260917T010434Z/structured_ir_no_reuse/f6e47a5d22134d419694656bd8197933/report.json
Terra,3,structured_ir_no_reuse:hip_moving_average:amd_xdna2_npu2,structured_ir_no_reuse,amd_xdna2_npu2,5,intermediate,completed,,11.425130481999076,,,,13840,409,,13534,0,,,11225,False,,/home/justin/npu-playground/runs/case-study-v2-recovered/repeat-003/20260917T010434Z/structured_ir_no_reuse/f6e47a5d22134d419694656bd8197933/report.json
Terra,3,structured_ir_no_reuse:hip_moving_average:amd_xdna2_npu2,structured_ir_no_reuse,amd_xdna2_npu2,5,code,completed,,51.086956997000016,,,,13819,2665,,16323,0,,,14014,False,,/home/justin/npu-playground/runs/case-study-v2-recovered/repeat-003/20260917T010434Z/structured_ir_no_reuse/f6e47a5d22134d419694656bd8197933/report.json
Terra,3,structured_ir_no_reuse:hip_moving_average:amd_xdna2_npu2,structured_ir_no_reuse,amd_xdna2_npu2,6,intermediate,completed,,15.655860570001096,,,,13189,556,,11225,0,,,,False,,/home/justin/npu-playground/runs/case-study-v2-recovered/repeat-003/20260917T010434Z/structured_ir_no_reuse/f6e47a5d22134d419694656bd8197933/report.json
Terra,3,structured_ir_no_reuse:hip_moving_average:amd_xdna2_npu2,structured_ir_no_reuse,amd_xdna2_npu2,6,code,completed,,87.9188825199999,,,,13174,4708,,14014,0,,,,False,,/home/justin/npu-playground/runs/case-study-v2-recovered/repeat-003/20260917T010434Z/structured_ir_no_reuse/f6e47a5d22134d419694656bd8197933/report.json
Terra,3,structured_ir_no_reuse:hip_moving_average:intel_npu_4000,structured_ir_no_reuse,intel_npu_4000,1,intermediate,completed,,16.10098440799993,,,,11260,667,,4763,0,,,10586,False,,/home/justin/npu-playground/runs/case-study-v2-recovered/repeat-003/20260917T010434Z/structured_ir_no_reuse/bd5c6c7c370a47148f8c799556c5621f/report.json
Terra,3,structured_ir_no_reuse:hip_moving_average:intel_npu_4000,structured_ir_no_reuse,intel_npu_4000,1,code,completed,,24.890211792999253,,,,10337,1205,,4655,0,,,10412,False,,/home/justin/npu-playground/runs/case-study-v2-recovered/repeat-003/20260917T010434Z/structured_ir_no_reuse/bd5c6c7c370a47148f8c799556c5621f/report.json
Terra,3,structured_ir_no_reuse:hip_moving_average:intel_npu_4000,structured_ir_no_reuse,intel_npu_4000,2,intermediate,completed,,15.083756398998958,,,,12874,587,,10586,0,,,,False,,/home/justin/npu-playground/runs/case-study-v2-recovered/repeat-003/20260917T010434Z/structured_ir_no_reuse/bd5c6c7c370a47148f8c799556c5621f/report.json
Terra,3,structured_ir_no_reuse:hip_moving_average:intel_npu_4000,structured_ir_no_reuse,intel_npu_4000,2,code,completed,,29.751968845999727,,,,11938,1460,,10412,0,,,,False,,/home/justin/npu-playground/runs/case-study-v2-recovered/repeat-003/20260917T010434Z/structured_ir_no_reuse/bd5c6c7c370a47148f8c799556c5621f/report.json
Terra,3,structured_ir_no_reuse:triton_fused_attention:amd_xdna2_npu2,structured_ir_no_reuse,amd_xdna2_npu2,1,intermediate,completed,,89.65854456700072,,,,11462,4816,,5566,0,,,24656,False,,/home/justin/npu-playground/runs/case-study-v2-recovered/repeat-003/20260917T010434Z/structured_ir_no_reuse/e92ad30aa1b348188c386b44555475c4/report.json
Terra,3,structured_ir_no_reuse:triton_fused_attention:amd_xdna2_npu2,structured_ir_no_reuse,amd_xdna2_npu2,1,code,completed,,122.89630966000004,,,,17090,2203,,14905,0,,,33995,False,,/home/justin/npu-playground/runs/case-study-v2-recovered/repeat-003/20260917T010434Z/structured_ir_no_reuse/e92ad30aa1b348188c386b44555475c4/report.json
Terra,3,structured_ir_no_reuse:triton_fused_attention:amd_xdna2_npu2,structured_ir_no_reuse,amd_xdna2_npu2,2,intermediate,completed,,34.58677495600023,,,,16954,1740,,24656,0,,,25134,False,,/home/justin/npu-playground/runs/case-study-v2-recovered/repeat-003/20260917T010434Z/structured_ir_no_reuse/e92ad30aa1b348188c386b44555475c4/report.json
Terra,3,structured_ir_no_reuse:triton_fused_attention:amd_xdna2_npu2,structured_ir_no_reuse,amd_xdna2_npu2,2,code,completed,,94.62266655799976,,,,18628,5039,,33995,0,,,34589,False,,/home/justin/npu-playground/runs/case-study-v2-recovered/repeat-003/20260917T010434Z/structured_ir_no_reuse/e92ad30aa1b348188c386b44555475c4/report.json
Terra,3,structured_ir_no_reuse:triton_fused_attention:amd_xdna2_npu2,structured_ir_no_reuse,amd_xdna2_npu2,3,intermediate,completed,,38.91153043399936,,,,17027,1991,,25134,0,,,24599,False,,/home/justin/npu-playground/runs/case-study-v2-recovered/repeat-003/20260917T010434Z/structured_ir_no_reuse/e92ad30aa1b348188c386b44555475c4/report.json
Terra,3,structured_ir_no_reuse:triton_fused_attention:amd_xdna2_npu2,structured_ir_no_reuse,amd_xdna2_npu2,3,code,completed,,53.48518877300012,,,,18717,2780,,34589,0,,,34054,False,,/home/justin/npu-playground/runs/case-study-v2-recovered/repeat-003/20260917T010434Z/structured_ir_no_reuse/e92ad30aa1b348188c386b44555475c4/report.json
Terra,3,structured_ir_no_reuse:triton_fused_attention:amd_xdna2_npu2,structured_ir_no_reuse,amd_xdna2_npu2,4,intermediate,completed,,35.275639363000664,,,,16845,1796,,24599,0,,,24635,False,,/home/justin/npu-playground/runs/case-study-v2-recovered/repeat-003/20260917T010434Z/structured_ir_no_reuse/e92ad30aa1b348188c386b44555475c4/report.json
Terra,3,structured_ir_no_reuse:triton_fused_attention:amd_xdna2_npu2,structured_ir_no_reuse,amd_xdna2_npu2,4,code,completed,,65.15604306100067,,,,18537,3394,,34054,0,,,34090,False,,/home/justin/npu-playground/runs/case-study-v2-recovered/repeat-003/20260917T010434Z/structured_ir_no_reuse/e92ad30aa1b348188c386b44555475c4/report.json
Terra,3,structured_ir_no_reuse:triton_fused_attention:amd_xdna2_npu2,structured_ir_no_reuse,amd_xdna2_npu2,5,intermediate,completed,,43.2167599100012,,,,16863,2212,,24635,0,,,22265,False,,/home/justin/npu-playground/runs/case-study-v2-recovered/repeat-003/20260917T010434Z/structured_ir_no_reuse/e92ad30aa1b348188c386b44555475c4/report.json
Terra,3,structured_ir_no_reuse:triton_fused_attention:amd_xdna2_npu2,structured_ir_no_reuse,amd_xdna2_npu2,5,code,completed,,86.81133604999923,,,,18553,4679,,34090,0,,,31720,False,,/home/justin/npu-playground/runs/case-study-v2-recovered/repeat-003/20260917T010434Z/structured_ir_no_reuse/e92ad30aa1b348188c386b44555475c4/report.json
Terra,3,structured_ir_no_reuse:triton_fused_attention:amd_xdna2_npu2,structured_ir_no_reuse,amd_xdna2_npu2,6,intermediate,completed,,34.868216779999784,,,,16033,1745,,22265,0,,,24642,False,,/home/justin/npu-playground/runs/case-study-v2-recovered/repeat-003/20260917T010434Z/structured_ir_no_reuse/e92ad30aa1b348188c386b44555475c4/report.json
Terra,3,structured_ir_no_reuse:triton_fused_attention:amd_xdna2_npu2,structured_ir_no_reuse,amd_xdna2_npu2,6,code,completed,,48.54544160200021,,,,17721,2518,,31720,0,,,34097,False,,/home/justin/npu-playground/runs/case-study-v2-recovered/repeat-003/20260917T010434Z/structured_ir_no_reuse/e92ad30aa1b348188c386b44555475c4/report.json
Terra,3,structured_ir_no_reuse:triton_fused_attention:amd_xdna2_npu2,structured_ir_no_reuse,amd_xdna2_npu2,7,intermediate,completed,,37.89898146500127,,,,16853,1913,,24642,0,,,,False,,/home/justin/npu-playground/runs/case-study-v2-recovered/repeat-003/20260917T010434Z/structured_ir_no_reuse/e92ad30aa1b348188c386b44555475c4/report.json
Terra,3,structured_ir_no_reuse:triton_fused_attention:amd_xdna2_npu2,structured_ir_no_reuse,amd_xdna2_npu2,7,code,completed,,132.55168832299933,,,,18541,7177,,34097,0,,,,False,,/home/justin/npu-playground/runs/case-study-v2-recovered/repeat-003/20260917T010434Z/structured_ir_no_reuse/e92ad30aa1b348188c386b44555475c4/report.json
Terra,3,structured_ir_no_reuse:triton_fused_attention:intel_npu_4000,structured_ir_no_reuse,intel_npu_4000,1,intermediate,completed,,20.399685194000995,,,,11460,965,,5566,0,,,,False,,/home/justin/npu-playground/runs/case-study-v2-recovered/repeat-003/20260917T010434Z/structured_ir_no_reuse/3014fa7e5b3a458891a3aa1d6bee6cfa/report.json
Terra,3,structured_ir_no_reuse:triton_fused_attention:intel_npu_4000,structured_ir_no_reuse,intel_npu_4000,1,code,completed,,26.146553036000114,,,,10583,1237,,5500,0,,,,False,,/home/justin/npu-playground/runs/case-study-v2-recovered/repeat-003/20260917T010434Z/structured_ir_no_reuse/3014fa7e5b3a458891a3aa1d6bee6cfa/report.json
Terra,3,structured_ir_no_reuse:triton_fused_softmax:amd_xdna2_npu2,structured_ir_no_reuse,amd_xdna2_npu2,1,intermediate,completed,,17.887827573998948,,,,11240,773,,4808,0,,,13035,False,,/home/justin/npu-playground/runs/case-study-v2-recovered/repeat-003/20260917T010434Z/structured_ir_no_reuse/b14e84198f074f44acbc926ae7c6db01/report.json
Terra,3,structured_ir_no_reuse:triton_fused_softmax:amd_xdna2_npu2,structured_ir_no_reuse,amd_xdna2_npu2,1,code,completed,,32.53236847500011,,,,11183,1579,,7459,0,,,15686,False,,/home/justin/npu-playground/runs/case-study-v2-recovered/repeat-003/20260917T010434Z/structured_ir_no_reuse/b14e84198f074f44acbc926ae7c6db01/report.json
Terra,3,structured_ir_no_reuse:triton_fused_softmax:amd_xdna2_npu2,structured_ir_no_reuse,amd_xdna2_npu2,2,intermediate,completed,,15.226476642999842,,,,13619,560,,13035,0,,,,False,,/home/justin/npu-playground/runs/case-study-v2-recovered/repeat-003/20260917T010434Z/structured_ir_no_reuse/b14e84198f074f44acbc926ae7c6db01/report.json
Terra,3,structured_ir_no_reuse:triton_fused_softmax:amd_xdna2_npu2,structured_ir_no_reuse,amd_xdna2_npu2,2,code,completed,,61.02909847199953,,,,13568,3210,,15686,0,,,,False,,/home/justin/npu-playground/runs/case-study-v2-recovered/repeat-003/20260917T010434Z/structured_ir_no_reuse/b14e84198f074f44acbc926ae7c6db01/report.json
Terra,3,structured_ir_no_reuse:triton_fused_softmax:intel_npu_4000,structured_ir_no_reuse,intel_npu_4000,1,intermediate,completed,,18.547636229999625,,,,11240,851,,4808,0,,,,False,,/home/justin/npu-playground/runs/case-study-v2-recovered/repeat-003/20260917T010434Z/structured_ir_no_reuse/a685066bf0d94284924c399750cbaa02/report.json
Terra,3,structured_ir_no_reuse:triton_fused_softmax:intel_npu_4000,structured_ir_no_reuse,intel_npu_4000,1,code,completed,,21.254017425999336,,,,10224,997,,4353,0,,,,False,,/home/justin/npu-playground/runs/case-study-v2-recovered/repeat-003/20260917T010434Z/structured_ir_no_reuse/a685066bf0d94284924c399750cbaa02/report.json
Terra,3,structured_ir_no_reuse:triton_layer_norm:amd_xdna2_npu2,structured_ir_no_reuse,amd_xdna2_npu2,1,intermediate,completed,,42.08565963100045,,,,11420,2173,,5388,0,,,22547,False,,/home/justin/npu-playground/runs/case-study-v2-recovered/repeat-003/20260917T010434Z/structured_ir_no_reuse/aaeae1f115f04a05b6bd788e54295925/report.json
Terra,3,structured_ir_no_reuse:triton_layer_norm:amd_xdna2_npu2,structured_ir_no_reuse,amd_xdna2_npu2,1,code,completed,,145.81495642700065,,,,13042,7938,,14701,0,,,31860,False,,/home/justin/npu-playground/runs/case-study-v2-recovered/repeat-003/20260917T010434Z/structured_ir_no_reuse/aaeae1f115f04a05b6bd788e54295925/report.json
Terra,3,structured_ir_no_reuse:triton_layer_norm:amd_xdna2_npu2,structured_ir_no_reuse,amd_xdna2_npu2,2,intermediate,completed,,34.5690158540001,,,,16312,1728,,22547,0,,,23304,False,,/home/justin/npu-playground/runs/case-study-v2-recovered/repeat-003/20260917T010434Z/structured_ir_no_reuse/aaeae1f115f04a05b6bd788e54295925/report.json
Terra,3,structured_ir_no_reuse:triton_layer_norm:amd_xdna2_npu2,structured_ir_no_reuse,amd_xdna2_npu2,2,code,completed,,58.493865860998994,,,,17936,3033,,31860,0,,,32617,False,,/home/justin/npu-playground/runs/case-study-v2-recovered/repeat-003/20260917T010434Z/structured_ir_no_reuse/aaeae1f115f04a05b6bd788e54295925/report.json
Terra,3,structured_ir_no_reuse:triton_layer_norm:amd_xdna2_npu2,structured_ir_no_reuse,amd_xdna2_npu2,3,intermediate,completed,,29.505830392999997,,,,16499,1478,,23304,0,,,22675,False,,/home/justin/npu-playground/runs/case-study-v2-recovered/repeat-003/20260917T010434Z/structured_ir_no_reuse/aaeae1f115f04a05b6bd788e54295925/report.json
Terra,3,structured_ir_no_reuse:triton_layer_norm:amd_xdna2_npu2,structured_ir_no_reuse,amd_xdna2_npu2,3,code,completed,,70.74916235000092,,,,18121,3777,,32617,0,,,31988,False,,/home/justin/npu-playground/runs/case-study-v2-recovered/repeat-003/20260917T010434Z/structured_ir_no_reuse/aaeae1f115f04a05b6bd788e54295925/report.json
Terra,3,structured_ir_no_reuse:triton_layer_norm:amd_xdna2_npu2,structured_ir_no_reuse,amd_xdna2_npu2,4,intermediate,completed,,29.789941605000422,,,,16306,1487,,22675,0,,,22669,False,,/home/justin/npu-playground/runs/case-study-v2-recovered/repeat-003/20260917T010434Z/structured_ir_no_reuse/aaeae1f115f04a05b6bd788e54295925/report.json
Terra,3,structured_ir_no_reuse:triton_layer_norm:amd_xdna2_npu2,structured_ir_no_reuse,amd_xdna2_npu2,4,code,completed,,64.08955978999984,,,,17928,3384,,31988,0,,,31980,False,,/home/justin/npu-playground/runs/case-study-v2-recovered/repeat-003/20260917T010434Z/structured_ir_no_reuse/aaeae1f115f04a05b6bd788e54295925/report.json
Terra,3,structured_ir_no_reuse:triton_layer_norm:amd_xdna2_npu2,structured_ir_no_reuse,amd_xdna2_npu2,5,intermediate,completed,,34.46322539999892,,,,16312,1668,,22669,0,,,,False,,/home/justin/npu-playground/runs/case-study-v2-recovered/repeat-003/20260917T010434Z/structured_ir_no_reuse/aaeae1f115f04a05b6bd788e54295925/report.json
Terra,3,structured_ir_no_reuse:triton_layer_norm:amd_xdna2_npu2,structured_ir_no_reuse,amd_xdna2_npu2,5,code,completed,,98.93481468900063,,,,17933,5355,,31980,0,,,,False,,/home/justin/npu-playground/runs/case-study-v2-recovered/repeat-003/20260917T010434Z/structured_ir_no_reuse/aaeae1f115f04a05b6bd788e54295925/report.json
Terra,3,structured_ir_no_reuse:triton_layer_norm:intel_npu_4000,structured_ir_no_reuse,intel_npu_4000,1,intermediate,completed,,35.370498328000394,,,,11422,1788,,5388,0,,,,False,,/home/justin/npu-playground/runs/case-study-v2-recovered/repeat-003/20260917T010434Z/structured_ir_no_reuse/a089e0db32de4294a2a4275f8887303f/report.json
Terra,3,structured_ir_no_reuse:triton_layer_norm:intel_npu_4000,structured_ir_no_reuse,intel_npu_4000,1,code,completed,,20.742093828999714,,,,12060,982,,11514,0,,,,False,,/home/justin/npu-playground/runs/case-study-v2-recovered/repeat-003/20260917T010434Z/structured_ir_no_reuse/a089e0db32de4294a2a4275f8887303f/report.json
Terra,3,structured_ir_no_validation:cuda_reduce_sum:amd_xdna2_npu2,structured_ir_no_validation,amd_xdna2_npu2,1,intermediate,completed,,14.336843121000129,,,,11313,613,,4931,0,,,,False,,/home/justin/npu-playground/runs/case-study-v2-recovered/repeat-003/20260917T010434Z/structured_ir_no_validation/86dc9d84d28844f480c36a696b1e958f/report.json
Terra,3,structured_ir_no_validation:cuda_reduce_sum:amd_xdna2_npu2,structured_ir_no_validation,amd_xdna2_npu2,1,code,completed,,52.507613333000336,,,,11179,2758,,7384,0,,,,False,,/home/justin/npu-playground/runs/case-study-v2-recovered/repeat-003/20260917T010434Z/structured_ir_no_validation/86dc9d84d28844f480c36a696b1e958f/report.json
Terra,3,structured_ir_no_validation:cuda_reduce_sum:intel_npu_4000,structured_ir_no_validation,intel_npu_4000,1,intermediate,completed,,16.638404273999186,,,,11311,591,,4931,0,,,,False,,/home/justin/npu-playground/runs/case-study-v2-recovered/repeat-003/20260917T010434Z/structured_ir_no_validation/5b954fd1733e4978b59a5c0031050775/report.json
Terra,3,structured_ir_no_validation:cuda_reduce_sum:intel_npu_4000,structured_ir_no_validation,intel_npu_4000,1,code,completed,,14.063505412999803,,,,10221,514,,4318,0,,,,False,,/home/justin/npu-playground/runs/case-study-v2-recovered/repeat-003/20260917T010434Z/structured_ir_no_validation/5b954fd1733e4978b59a5c0031050775/report.json
Terra,3,structured_ir_no_validation:cuda_tiled_matmul:amd_xdna2_npu2,structured_ir_no_validation,amd_xdna2_npu2,1,intermediate,completed,,17.406621031001123,,,,11413,755,,5198,0,,,,False,,/home/justin/npu-playground/runs/case-study-v2-recovered/repeat-003/20260917T010434Z/structured_ir_no_validation/379f4042909c4119ad080218d60afa8a/report.json
Terra,3,structured_ir_no_validation:cuda_tiled_matmul:amd_xdna2_npu2,structured_ir_no_validation,amd_xdna2_npu2,1,code,completed,,93.8170837359994,,,,11313,5048,,7821,0,,,,False,,/home/justin/npu-playground/runs/case-study-v2-recovered/repeat-003/20260917T010434Z/structured_ir_no_validation/379f4042909c4119ad080218d60afa8a/report.json
Terra,3,structured_ir_no_validation:cuda_tiled_matmul:intel_npu_4000,structured_ir_no_validation,intel_npu_4000,1,intermediate,completed,,14.563399163000213,,,,11411,622,,5198,0,,,,False,,/home/justin/npu-playground/runs/case-study-v2-recovered/repeat-003/20260917T010434Z/structured_ir_no_validation/4fcf6692bea14af2aff4aa296323236f/report.json
Terra,3,structured_ir_no_validation:cuda_tiled_matmul:intel_npu_4000,structured_ir_no_validation,intel_npu_4000,1,code,completed,,17.240911357001096,,,,10359,717,,4749,0,,,,False,,/home/justin/npu-playground/runs/case-study-v2-recovered/repeat-003/20260917T010434Z/structured_ir_no_validation/4fcf6692bea14af2aff4aa296323236f/report.json
Terra,3,structured_ir_no_validation:cuda_tiled_transpose:amd_xdna2_npu2,structured_ir_no_validation,amd_xdna2_npu2,1,intermediate,completed,,13.948228520999692,,,,11268,506,,4728,0,,,,False,,/home/justin/npu-playground/runs/case-study-v2-recovered/repeat-003/20260917T010434Z/structured_ir_no_validation/bdfc06ac95124cd5ac25cccdb8723bbb/report.json
Terra,3,structured_ir_no_validation:cuda_tiled_transpose:amd_xdna2_npu2,structured_ir_no_validation,amd_xdna2_npu2,1,code,completed,,60.576125846999275,,,,11055,3177,,6902,0,,,,False,,/home/justin/npu-playground/runs/case-study-v2-recovered/repeat-003/20260917T010434Z/structured_ir_no_validation/bdfc06ac95124cd5ac25cccdb8723bbb/report.json
Terra,3,structured_ir_no_validation:cuda_tiled_transpose:intel_npu_4000,structured_ir_no_validation,intel_npu_4000,1,intermediate,completed,,12.06021044299996,,,,11266,448,,4728,0,,,,False,,/home/justin/npu-playground/runs/case-study-v2-recovered/repeat-003/20260917T010434Z/structured_ir_no_validation/8e8199113bf7405b9bd20bd8fdf75ade/report.json
Terra,3,structured_ir_no_validation:cuda_tiled_transpose:intel_npu_4000,structured_ir_no_validation,intel_npu_4000,1,code,completed,,13.923664336000002,,,,10174,617,,4008,0,,,,False,,/home/justin/npu-playground/runs/case-study-v2-recovered/repeat-003/20260917T010434Z/structured_ir_no_validation/8e8199113bf7405b9bd20bd8fdf75ade/report.json
Terra,3,structured_ir_no_validation:cuda_vector_add:amd_xdna2_npu2,structured_ir_no_validation,amd_xdna2_npu2,1,intermediate,completed,,18.64093110199974,,,,11238,695,,4670,0,,,,False,,/home/justin/npu-playground/runs/case-study-v2-recovered/repeat-003/20260917T010434Z/structured_ir_no_validation/ef9203b226d441a5be04e6a63989c7b4/report.json
Terra,3,structured_ir_no_validation:cuda_vector_add:amd_xdna2_npu2,structured_ir_no_validation,amd_xdna2_npu2,1,code,completed,,67.05748953500006,,,,11268,3566,,7543,0,,,,False,,/home/justin/npu-playground/runs/case-study-v2-recovered/repeat-003/20260917T010434Z/structured_ir_no_validation/ef9203b226d441a5be04e6a63989c7b4/report.json
Terra,3,structured_ir_no_validation:cuda_vector_add:intel_npu_4000,structured_ir_no_validation,intel_npu_4000,1,intermediate,completed,,13.188908232999893,,,,11240,576,,4670,0,,,,False,,/home/justin/npu-playground/runs/case-study-v2-recovered/repeat-003/20260917T010434Z/structured_ir_no_validation/fcbb93db2ae447fb8a4cb4bc1be77de8/report.json
Terra,3,structured_ir_no_validation:cuda_vector_add:intel_npu_4000,structured_ir_no_validation,intel_npu_4000,1,code,completed,,10.665749604000666,,,,10311,429,,4436,0,,,,False,,/home/justin/npu-playground/runs/case-study-v2-recovered/repeat-003/20260917T010434Z/structured_ir_no_validation/fcbb93db2ae447fb8a4cb4bc1be77de8/report.json
Terra,3,structured_ir_no_validation:hip_gamma_correction:amd_xdna2_npu2,structured_ir_no_validation,amd_xdna2_npu2,1,intermediate,completed,,15.940178164999452,,,,11260,635,,4760,0,,,,False,,/home/justin/npu-playground/runs/case-study-v2-recovered/repeat-003/20260917T010434Z/structured_ir_no_validation/0d39116276bb48648d6b59924cc98277/report.json
Terra,3,structured_ir_no_validation:hip_gamma_correction:amd_xdna2_npu2,structured_ir_no_validation,amd_xdna2_npu2,1,code,completed,,59.629260282999894,,,,11277,3127,,7582,0,,,,False,,/home/justin/npu-playground/runs/case-study-v2-recovered/repeat-003/20260917T010434Z/structured_ir_no_validation/0d39116276bb48648d6b59924cc98277/report.json
Terra,3,structured_ir_no_validation:hip_gamma_correction:intel_npu_4000,structured_ir_no_validation,intel_npu_4000,1,intermediate,completed,,15.584435542999927,,,,11258,678,,4760,0,,,,False,,/home/justin/npu-playground/runs/case-study-v2-recovered/repeat-003/20260917T010434Z/structured_ir_no_validation/f0bc7f9dea9e4080a8f44c25c683f82c/report.json
Terra,3,structured_ir_no_validation:hip_gamma_correction:intel_npu_4000,structured_ir_no_validation,intel_npu_4000,1,code,completed,,19.992698803000167,,,,10338,879,,4510,0,,,,False,,/home/justin/npu-playground/runs/case-study-v2-recovered/repeat-003/20260917T010434Z/structured_ir_no_validation/f0bc7f9dea9e4080a8f44c25c683f82c/report.json
Terra,3,structured_ir_no_validation:hip_image_convolution:amd_xdna2_npu2,structured_ir_no_validation,amd_xdna2_npu2,1,intermediate,completed,,15.111618136999823,,,,11396,631,,5079,0,,,,False,,/home/justin/npu-playground/runs/case-study-v2-recovered/repeat-003/20260917T010434Z/structured_ir_no_validation/6047cb4dd03e4d4ea60fdf7c8f483ebf/report.json
Terra,3,structured_ir_no_validation:hip_image_convolution:amd_xdna2_npu2,structured_ir_no_validation,amd_xdna2_npu2,1,code,completed,,92.34342821199971,,,,11442,4962,,8193,0,,,,False,,/home/justin/npu-playground/runs/case-study-v2-recovered/repeat-003/20260917T010434Z/structured_ir_no_validation/6047cb4dd03e4d4ea60fdf7c8f483ebf/report.json
Terra,3,structured_ir_no_validation:hip_image_convolution:intel_npu_4000,structured_ir_no_validation,intel_npu_4000,1,intermediate,completed,,14.282662153000274,,,,11394,570,,5079,0,,,,False,,/home/justin/npu-playground/runs/case-study-v2-recovered/repeat-003/20260917T010434Z/structured_ir_no_validation/241ff067ab42404ca34eebb6058712d2/report.json
Terra,3,structured_ir_no_validation:hip_image_convolution:intel_npu_4000,structured_ir_no_validation,intel_npu_4000,1,code,completed,,16.17546794699956,,,,10375,647,,4727,0,,,,False,,/home/justin/npu-playground/runs/case-study-v2-recovered/repeat-003/20260917T010434Z/structured_ir_no_validation/241ff067ab42404ca34eebb6058712d2/report.json
Terra,3,structured_ir_no_validation:hip_moving_average:amd_xdna2_npu2,structured_ir_no_validation,amd_xdna2_npu2,1,intermediate,completed,,14.637750027000948,,,,11260,608,,4763,0,,,,False,,/home/justin/npu-playground/runs/case-study-v2-recovered/repeat-003/20260917T010434Z/structured_ir_no_validation/35b4e241238b497da290d4e358fc6b2c/report.json
Terra,3,structured_ir_no_validation:hip_moving_average:amd_xdna2_npu2,structured_ir_no_validation,amd_xdna2_npu2,1,code,completed,,66.98191090600085,,,,11237,3591,,7580,0,,,,False,,/home/justin/npu-playground/runs/case-study-v2-recovered/repeat-003/20260917T010434Z/structured_ir_no_validation/35b4e241238b497da290d4e358fc6b2c/report.json
Terra,3,structured_ir_no_validation:hip_moving_average:intel_npu_4000,structured_ir_no_validation,intel_npu_4000,1,intermediate,completed,,16.478545502999623,,,,11260,742,,4763,0,,,,False,,/home/justin/npu-playground/runs/case-study-v2-recovered/repeat-003/20260917T010434Z/structured_ir_no_validation/ca3a1530df5f4c5a927a9141910e81e0/report.json
Terra,3,structured_ir_no_validation:hip_moving_average:intel_npu_4000,structured_ir_no_validation,intel_npu_4000,1,code,completed,,56.130138108999745,,,,10299,2745,,4494,0,,,,False,,/home/justin/npu-playground/runs/case-study-v2-recovered/repeat-003/20260917T010434Z/structured_ir_no_validation/ca3a1530df5f4c5a927a9141910e81e0/report.json
Terra,3,structured_ir_no_validation:triton_fused_attention:amd_xdna2_npu2,structured_ir_no_validation,amd_xdna2_npu2,1,intermediate,completed,,59.271759594001196,,,,11460,3120,,5566,0,,,,False,,/home/justin/npu-playground/runs/case-study-v2-recovered/repeat-003/20260917T010434Z/structured_ir_no_validation/2bfc772a45ea470c9de866207b17203d/report.json
Terra,3,structured_ir_no_validation:triton_fused_attention:amd_xdna2_npu2,structured_ir_no_validation,amd_xdna2_npu2,1,code,completed,,170.4165157389998,,,,12490,9203,,12360,0,,,,False,,/home/justin/npu-playground/runs/case-study-v2-recovered/repeat-003/20260917T010434Z/structured_ir_no_validation/2bfc772a45ea470c9de866207b17203d/report.json
Terra,3,structured_ir_no_validation:triton_fused_attention:intel_npu_4000,structured_ir_no_validation,intel_npu_4000,1,intermediate,completed,,22.513654237000083,,,,11464,975,,5566,0,,,,False,,/home/justin/npu-playground/runs/case-study-v2-recovered/repeat-003/20260917T010434Z/structured_ir_no_validation/dd595653e0ae4645849f9fbf91feb840/report.json
Terra,3,structured_ir_no_validation:triton_fused_attention:intel_npu_4000,structured_ir_no_validation,intel_npu_4000,1,code,completed,,24.965139534999253,,,,10592,1229,,5603,0,,,,False,,/home/justin/npu-playground/runs/case-study-v2-recovered/repeat-003/20260917T010434Z/structured_ir_no_validation/dd595653e0ae4645849f9fbf91feb840/report.json
Terra,3,structured_ir_no_validation:triton_fused_softmax:amd_xdna2_npu2,structured_ir_no_validation,amd_xdna2_npu2,1,intermediate,completed,,19.72415230400111,,,,11234,839,,4808,0,,,,False,,/home/justin/npu-playground/runs/case-study-v2-recovered/repeat-003/20260917T010434Z/structured_ir_no_validation/a2298f8c69734f47bb9b9a3ed407de4c/report.json
Terra,3,structured_ir_no_validation:triton_fused_softmax:amd_xdna2_npu2,structured_ir_no_validation,amd_xdna2_npu2,1,code,completed,,46.15365876999931,,,,11151,2371,,7309,0,,,14801,False,,/home/justin/npu-playground/runs/case-study-v2-recovered/repeat-003/20260917T010434Z/structured_ir_no_validation/a2298f8c69734f47bb9b9a3ed407de4c/report.json
Terra,3,structured_ir_no_validation:triton_fused_softmax:amd_xdna2_npu2,structured_ir_no_validation,amd_xdna2_npu2,2,code,completed,,32.77484985400042,,,,13397,1655,,14801,0,,,,False,,/home/justin/npu-playground/runs/case-study-v2-recovered/repeat-003/20260917T010434Z/structured_ir_no_validation/a2298f8c69734f47bb9b9a3ed407de4c/report.json
Terra,3,structured_ir_no_validation:triton_fused_softmax:intel_npu_4000,structured_ir_no_validation,intel_npu_4000,1,intermediate,completed,,18.82486890600012,,,,11238,825,,4808,0,,,,False,,/home/justin/npu-playground/runs/case-study-v2-recovered/repeat-003/20260917T010434Z/structured_ir_no_validation/f7cf59f2119f4e15bb87e24340489f68/report.json
Terra,3,structured_ir_no_validation:triton_fused_softmax:intel_npu_4000,structured_ir_no_validation,intel_npu_4000,1,code,completed,,29.430937230999916,,,,10193,1442,,4175,0,,,,False,,/home/justin/npu-playground/runs/case-study-v2-recovered/repeat-003/20260917T010434Z/structured_ir_no_validation/f7cf59f2119f4e15bb87e24340489f68/report.json
Terra,3,structured_ir_no_validation:triton_layer_norm:amd_xdna2_npu2,structured_ir_no_validation,amd_xdna2_npu2,1,intermediate,completed,,37.95129295600054,,,,11424,1818,,5388,0,,,,False,,/home/justin/npu-playground/runs/case-study-v2-recovered/repeat-003/20260917T010434Z/structured_ir_no_validation/7eb0897d145846319fab5501ad75d326/report.json
Terra,3,structured_ir_no_validation:triton_layer_norm:amd_xdna2_npu2,structured_ir_no_validation,amd_xdna2_npu2,1,code,completed,,95.11356458599948,,,,13024,5111,,14620,0,,,32087,False,,/home/justin/npu-playground/runs/case-study-v2-recovered/repeat-003/20260917T010434Z/structured_ir_no_validation/7eb0897d145846319fab5501ad75d326/report.json
Terra,3,structured_ir_no_validation:triton_layer_norm:amd_xdna2_npu2,structured_ir_no_validation,amd_xdna2_npu2,2,code,completed,,63.10032288399998,,,,17991,3337,,32087,0,,,31567,False,,/home/justin/npu-playground/runs/case-study-v2-recovered/repeat-003/20260917T010434Z/structured_ir_no_validation/7eb0897d145846319fab5501ad75d326/report.json
Terra,3,structured_ir_no_validation:triton_layer_norm:amd_xdna2_npu2,structured_ir_no_validation,amd_xdna2_npu2,3,code,completed,,79.66331496699968,,,,17844,4270,,31567,0,,,32214,False,,/home/justin/npu-playground/runs/case-study-v2-recovered/repeat-003/20260917T010434Z/structured_ir_no_validation/7eb0897d145846319fab5501ad75d326/report.json
Terra,3,structured_ir_no_validation:triton_layer_norm:amd_xdna2_npu2,structured_ir_no_validation,amd_xdna2_npu2,4,code,completed,,50.98151568399953,,,,18006,2665,,32214,0,,,31534,False,,/home/justin/npu-playground/runs/case-study-v2-recovered/repeat-003/20260917T010434Z/structured_ir_no_validation/7eb0897d145846319fab5501ad75d326/report.json
Terra,3,structured_ir_no_validation:triton_layer_norm:amd_xdna2_npu2,structured_ir_no_validation,amd_xdna2_npu2,5,code,completed,,73.2698311059994,,,,17818,3861,,31534,0,,,31595,False,,/home/justin/npu-playground/runs/case-study-v2-recovered/repeat-003/20260917T010434Z/structured_ir_no_validation/7eb0897d145846319fab5501ad75d326/report.json
Terra,3,structured_ir_no_validation:triton_layer_norm:amd_xdna2_npu2,structured_ir_no_validation,amd_xdna2_npu2,6,code,completed,,78.98595680000108,,,,17846,4187,,31595,0,,,32131,False,,/home/justin/npu-playground/runs/case-study-v2-recovered/repeat-003/20260917T010434Z/structured_ir_no_validation/7eb0897d145846319fab5501ad75d326/report.json
Terra,3,structured_ir_no_validation:triton_layer_norm:amd_xdna2_npu2,structured_ir_no_validation,amd_xdna2_npu2,7,code,completed,,61.777229098001044,,,,18006,3146,,32131,0,,,31534,False,,/home/justin/npu-playground/runs/case-study-v2-recovered/repeat-003/20260917T010434Z/structured_ir_no_validation/7eb0897d145846319fab5501ad75d326/report.json
Terra,3,structured_ir_no_validation:triton_layer_norm:amd_xdna2_npu2,structured_ir_no_validation,amd_xdna2_npu2,8,code,completed,,81.70351549599945,,,,17819,4367,,31534,0,,,31577,False,,/home/justin/npu-playground/runs/case-study-v2-recovered/repeat-003/20260917T010434Z/structured_ir_no_validation/7eb0897d145846319fab5501ad75d326/report.json
Terra,3,structured_ir_no_validation:triton_layer_norm:amd_xdna2_npu2,structured_ir_no_validation,amd_xdna2_npu2,9,code,completed,,82.7111158939988,,,,17845,4429,,31577,0,,,,False,,/home/justin/npu-playground/runs/case-study-v2-recovered/repeat-003/20260917T010434Z/structured_ir_no_validation/7eb0897d145846319fab5501ad75d326/report.json
Terra,3,structured_ir_no_validation:triton_layer_norm:intel_npu_4000,structured_ir_no_validation,intel_npu_4000,1,intermediate,completed,,36.645077514998775,,,,11420,1838,,5388,0,,,,False,,/home/justin/npu-playground/runs/case-study-v2-recovered/repeat-003/20260917T010434Z/structured_ir_no_validation/8aaf5636172e4fe3898b8e748b54fbe1/report.json
Terra,3,structured_ir_no_validation:triton_layer_norm:intel_npu_4000,structured_ir_no_validation,intel_npu_4000,1,code,completed,,45.914254180999706,,,,12109,2370,,11705,0,,,,False,,/home/justin/npu-playground/runs/case-study-v2-recovered/repeat-003/20260917T010434Z/structured_ir_no_validation/8aaf5636172e4fe3898b8e748b54fbe1/report.json
