model,repetition,key,method,target,kernel,outcome,cycles,first_cycle_success,semantic_pass,target_compile_pass,repeated_adjacent_bundles,bundle_transitions,recorded_case_seconds,recorded_provider_seconds,known_tokens,usage_complete,failure_category,report
Qwen,1,baseline:cuda_reduce_sum:amd_xdna2_npu2,baseline,amd_xdna2_npu2,cuda_reduce_sum,completed,1,True,False,True,0,0,28.771722134999436,19.692393557998003,2844,True,,/home/justin/npu-playground/runs/case-study-v3-openrouter-interrupted-backup-20260917T031835Z/repeat-001/20260917T023536Z/baseline/3dba1c51fff04553927e22d8ba3161c4/report.json
Qwen,1,baseline:cuda_reduce_sum:intel_npu_4000,baseline,intel_npu_4000,cuda_reduce_sum,completed,3,False,False,True,0,2,26.164900756997667,21.164594849000423,5553,True,,/home/justin/npu-playground/runs/case-study-v3-openrouter-interrupted-backup-20260917T031835Z/repeat-001/20260917T023536Z/baseline/74efa7753df744778407bf275cd8cace/report.json
Qwen,1,baseline:cuda_tiled_matmul:amd_xdna2_npu2,baseline,amd_xdna2_npu2,cuda_tiled_matmul,failed,10,False,False,True,5,9,537.7435675230008,520.1889122459979,56835,True,source_compile,/home/justin/npu-playground/runs/case-study-v3-openrouter-interrupted-backup-20260917T031835Z/repeat-001/20260917T023536Z/baseline/6399fad4570b4766a2f2a86ad07c8353/report.json
Qwen,1,baseline:cuda_tiled_matmul:intel_npu_4000,baseline,intel_npu_4000,cuda_tiled_matmul,completed,1,True,False,True,0,0,16.1469843340019,11.68847676599762,1397,True,,/home/justin/npu-playground/runs/case-study-v3-openrouter-interrupted-backup-20260917T031835Z/repeat-001/20260917T023536Z/baseline/8ca4faad023c4384a1257b41c0fb3c23/report.json
Qwen,1,baseline:cuda_tiled_transpose:amd_xdna2_npu2,baseline,amd_xdna2_npu2,cuda_tiled_transpose,failed,10,False,False,False,8,9,419.0567315670014,358.4866419509999,59355,True,target_compile,/home/justin/npu-playground/runs/case-study-v3-openrouter-interrupted-backup-20260917T031835Z/repeat-001/20260917T023536Z/baseline/92b699081a67466eb9be141122f891b5/report.json
Qwen,1,baseline:cuda_tiled_transpose:intel_npu_4000,baseline,intel_npu_4000,cuda_tiled_transpose,completed,1,True,False,True,0,0,9.982654569997976,6.752034414999798,1163,True,,/home/justin/npu-playground/runs/case-study-v3-openrouter-interrupted-backup-20260917T031835Z/repeat-001/20260917T023536Z/baseline/239f8e4889ab4cbba3bc22c946c3e54a/report.json
Qwen,1,baseline:cuda_vector_add:amd_xdna2_npu2,baseline,amd_xdna2_npu2,cuda_vector_add,failed,10,False,False,True,8,9,382.247902436,347.09301481599687,50622,True,target_compile,/home/justin/npu-playground/runs/case-study-v3-openrouter-interrupted-backup-20260917T031835Z/repeat-001/20260917T023536Z/baseline/7e41721485424b6d87854dc3250a623a/report.json
Qwen,1,baseline:cuda_vector_add:intel_npu_4000,baseline,intel_npu_4000,cuda_vector_add,completed,1,True,False,True,0,0,10.387539670999104,6.452855699997599,1123,True,,/home/justin/npu-playground/runs/case-study-v3-openrouter-interrupted-backup-20260917T031835Z/repeat-001/20260917T023536Z/baseline/87ecb74185d54cf8a9883c2aabb34983/report.json
Qwen,1,baseline:hip_gamma_correction:amd_xdna2_npu2,baseline,amd_xdna2_npu2,hip_gamma_correction,failed,10,False,False,True,5,9,332.6980998789986,278.77994528300405,41885,True,source_execution,/home/justin/npu-playground/runs/case-study-v3-openrouter-interrupted-backup-20260917T031835Z/repeat-001/20260917T023536Z/baseline/6107c2c0314f4846bbb0b75c8b776c97/report.json
Qwen,1,baseline:hip_gamma_correction:intel_npu_4000,baseline,intel_npu_4000,hip_gamma_correction,completed,1,True,False,True,0,0,12.28760075000173,8.194031229999382,1230,True,,/home/justin/npu-playground/runs/case-study-v3-openrouter-interrupted-backup-20260917T031835Z/repeat-001/20260917T023536Z/baseline/6f2ef401502c40fbb385848afd0bdb2e/report.json
Qwen,1,baseline:hip_image_convolution:amd_xdna2_npu2,baseline,amd_xdna2_npu2,hip_image_convolution,failed,10,False,False,True,9,9,423.0556016199989,352.4717471590084,50578,True,source_execution,/home/justin/npu-playground/runs/case-study-v3-openrouter-interrupted-backup-20260917T031835Z/repeat-001/20260917T023536Z/baseline/66cbad00bdfa4e69845f5437975d023b/report.json
Qwen,1,baseline:hip_image_convolution:intel_npu_4000,baseline,intel_npu_4000,hip_image_convolution,completed,4,False,False,True,0,3,72.5324516619985,66.15938414699485,12040,True,,/home/justin/npu-playground/runs/case-study-v3-openrouter-interrupted-backup-20260917T031835Z/repeat-001/20260917T023536Z/baseline/aa352c66a739429c9752f8037d6fe200/report.json
Qwen,1,baseline:hip_moving_average:amd_xdna2_npu2,baseline,amd_xdna2_npu2,hip_moving_average,failed,10,False,False,False,9,9,377.0016617830006,366.8386871350049,48635,True,source_compile,/home/justin/npu-playground/runs/case-study-v3-openrouter-interrupted-backup-20260917T031835Z/repeat-001/20260917T023536Z/baseline/99d1ae3d51ef4643bf7fe57ea4ec805e/report.json
Qwen,1,baseline:hip_moving_average:intel_npu_4000,baseline,intel_npu_4000,hip_moving_average,failed,10,False,False,False,0,9,228.26391185900138,210.52057615100057,26662,True,source_compile,/home/justin/npu-playground/runs/case-study-v3-openrouter-interrupted-backup-20260917T031835Z/repeat-001/20260917T023536Z/baseline/da3f884231d84197b6269504983b7714/report.json
Qwen,1,baseline:triton_fused_attention:amd_xdna2_npu2,baseline,amd_xdna2_npu2,triton_fused_attention,failed,10,False,False,False,8,9,273.1429639609996,263.6218785980127,44814,True,source_compile,/home/justin/npu-playground/runs/case-study-v3-openrouter-interrupted-backup-20260917T031835Z/repeat-001/20260917T023536Z/baseline/add94c0894bb487792365422985f8d09/report.json
Qwen,1,baseline:triton_fused_attention:intel_npu_4000,baseline,intel_npu_4000,triton_fused_attention,completed,3,False,False,True,0,2,50.13746668599924,43.659586514000694,7200,True,,/home/justin/npu-playground/runs/case-study-v3-openrouter-interrupted-backup-20260917T031835Z/repeat-001/20260917T023536Z/baseline/8fd2dd5039fe45a8867edbcab322704a/report.json
Qwen,1,baseline:triton_fused_softmax:amd_xdna2_npu2,baseline,amd_xdna2_npu2,triton_fused_softmax,failed,10,False,False,True,4,9,442.9144092099996,371.21799469300095,50309,True,source_execution,/home/justin/npu-playground/runs/case-study-v3-openrouter-interrupted-backup-20260917T031835Z/repeat-001/20260917T023536Z/baseline/8f1234a5a0c54423bffefe4d3ee6beca/report.json
Qwen,1,baseline:triton_fused_softmax:intel_npu_4000,baseline,intel_npu_4000,triton_fused_softmax,completed,2,False,False,True,0,1,34.23396380399936,29.210806642000534,3713,True,,/home/justin/npu-playground/runs/case-study-v3-openrouter-interrupted-backup-20260917T031835Z/repeat-001/20260917T023536Z/baseline/217bc11f52d447439db8aa31e10e5381/report.json
Qwen,1,baseline:triton_layer_norm:amd_xdna2_npu2,baseline,amd_xdna2_npu2,triton_layer_norm,failed,10,False,False,False,5,9,626.1722457630021,555.3444124270063,73861,True,target_compile,/home/justin/npu-playground/runs/case-study-v3-openrouter-interrupted-backup-20260917T031835Z/repeat-001/20260917T023536Z/baseline/488aaa0e63314d84bb7e257c36f09442/report.json
Qwen,1,baseline:triton_layer_norm:intel_npu_4000,baseline,intel_npu_4000,triton_layer_norm,failed,10,False,False,True,0,9,195.98544720599966,183.2676055329939,28869,True,numerical_mismatch,/home/justin/npu-playground/runs/case-study-v3-openrouter-interrupted-backup-20260917T031835Z/repeat-001/20260917T023536Z/baseline/782ffaf0ffe549298a69ddde0af18048/report.json
Qwen,1,baseline_minimal:cuda_reduce_sum:amd_xdna2_npu2,baseline_minimal,amd_xdna2_npu2,cuda_reduce_sum,failed,10,False,False,False,6,9,291.78992284500055,282.19107776300007,35878,True,source_compile,/home/justin/npu-playground/runs/case-study-v3-openrouter-interrupted-backup-20260917T031835Z/repeat-001/20260917T023536Z/baseline_minimal/3680ee4260144d1d8c5b5c935e1a651f/report.json
Qwen,1,baseline_minimal:cuda_reduce_sum:intel_npu_4000,baseline_minimal,intel_npu_4000,cuda_reduce_sum,completed,3,False,False,True,0,2,32.50928303099863,26.363572992999252,5322,True,,/home/justin/npu-playground/runs/case-study-v3-openrouter-interrupted-backup-20260917T031835Z/repeat-001/20260917T023536Z/baseline_minimal/779e94ee5cf245e6bba4b3ac7259ba75/report.json
Qwen,1,baseline_minimal:cuda_tiled_matmul:amd_xdna2_npu2,baseline_minimal,amd_xdna2_npu2,cuda_tiled_matmul,failed,10,False,False,False,8,9,467.6549570040006,458.7511785290044,44296,True,malformed_report,/home/justin/npu-playground/runs/case-study-v3-openrouter-interrupted-backup-20260917T031835Z/repeat-001/20260917T023536Z/baseline_minimal/b5590dcd8d7348b199ad066b8cebd77d/report.json
Qwen,1,baseline_minimal:cuda_tiled_matmul:intel_npu_4000,baseline_minimal,intel_npu_4000,cuda_tiled_matmul,completed,3,False,False,True,0,2,39.33199219200105,30.88483907999762,7687,True,,/home/justin/npu-playground/runs/case-study-v3-openrouter-interrupted-backup-20260917T031835Z/repeat-001/20260917T023536Z/baseline_minimal/3a16804108424e86a30b8fceb70ae486/report.json
Qwen,1,baseline_minimal:cuda_tiled_transpose:amd_xdna2_npu2,baseline_minimal,amd_xdna2_npu2,cuda_tiled_transpose,failed,10,False,False,False,7,9,347.4705951219985,335.59064765299627,37814,True,source_compile,/home/justin/npu-playground/runs/case-study-v3-openrouter-interrupted-backup-20260917T031835Z/repeat-001/20260917T023536Z/baseline_minimal/833724d1d7b54d66854a000e5d43c9ce/report.json
Qwen,1,baseline_minimal:cuda_tiled_transpose:intel_npu_4000,baseline_minimal,intel_npu_4000,cuda_tiled_transpose,completed,7,False,False,True,0,6,78.15384304799954,67.87326923900036,14629,True,,/home/justin/npu-playground/runs/case-study-v3-openrouter-interrupted-backup-20260917T031835Z/repeat-001/20260917T023536Z/baseline_minimal/9c9a5f2bafc9411c8beaa0d434b49112/report.json
Qwen,1,baseline_minimal:cuda_vector_add:amd_xdna2_npu2,baseline_minimal,amd_xdna2_npu2,cuda_vector_add,failed,10,False,False,False,8,9,345.29653234799844,336.3595927860006,31611,True,source_compile,/home/justin/npu-playground/runs/case-study-v3-openrouter-interrupted-backup-20260917T031835Z/repeat-001/20260917T023536Z/baseline_minimal/26ad449c49d7460f8ae76144efcd64ec/report.json
Qwen,1,baseline_minimal:cuda_vector_add:intel_npu_4000,baseline_minimal,intel_npu_4000,cuda_vector_add,completed,2,False,False,True,0,1,21.591354539999884,16.60684069200215,4853,True,,/home/justin/npu-playground/runs/case-study-v3-openrouter-interrupted-backup-20260917T031835Z/repeat-001/20260917T023536Z/baseline_minimal/f0ec2852b5344c8c990db55348525fc2/report.json
Qwen,1,baseline_minimal:hip_gamma_correction:amd_xdna2_npu2,baseline_minimal,amd_xdna2_npu2,hip_gamma_correction,blocked,3,False,False,False,0,0,0.04831052500230726,1568.036446959999,103279,False,translation,/home/justin/npu-playground/runs/case-study-v3-openrouter-interrupted-backup-20260917T031835Z/repeat-001/20260917T023536Z/baseline_minimal/9c46877d98574863929b9be1f4182631/report.json
Qwen,1,baseline_minimal:hip_gamma_correction:intel_npu_4000,baseline_minimal,intel_npu_4000,hip_gamma_correction,completed,1,True,False,True,0,0,12.56487526500132,9.630207494999922,1223,True,,/home/justin/npu-playground/runs/case-study-v3-openrouter-interrupted-backup-20260917T031835Z/repeat-001/20260917T023536Z/baseline_minimal/c40276b930dd40bfb82acf6ff6af2811/report.json
Qwen,1,baseline_minimal:hip_image_convolution:amd_xdna2_npu2,baseline_minimal,amd_xdna2_npu2,hip_image_convolution,failed,10,False,False,False,6,9,233.2507369390005,223.94288175999827,30640,True,source_compile,/home/justin/npu-playground/runs/case-study-v3-openrouter-interrupted-backup-20260917T031835Z/repeat-001/20260917T023536Z/baseline_minimal/dc455e73ffff4a92903dd21e48917906/report.json
Qwen,1,baseline_minimal:hip_image_convolution:intel_npu_4000,baseline_minimal,intel_npu_4000,hip_image_convolution,failed,10,False,False,False,9,9,168.32820096299838,157.03527628999655,21116,True,source_compile,/home/justin/npu-playground/runs/case-study-v3-openrouter-interrupted-backup-20260917T031835Z/repeat-001/20260917T023536Z/baseline_minimal/2630f4c2e55e43148e3d3d20763466c0/report.json
Qwen,1,baseline_minimal:hip_moving_average:amd_xdna2_npu2,baseline_minimal,amd_xdna2_npu2,hip_moving_average,failed,10,False,False,False,6,8,1077.2047441769973,1068.7982403540009,101298,True,source_compile,/home/justin/npu-playground/runs/case-study-v3-openrouter-interrupted-backup-20260917T031835Z/repeat-001/20260917T023536Z/baseline_minimal/051740ba516a4fb09cd815d54145c7cb/report.json
Qwen,1,baseline_minimal:hip_moving_average:intel_npu_4000,baseline_minimal,intel_npu_4000,hip_moving_average,failed,10,False,False,False,1,9,219.90484561999983,208.79843165200145,24723,True,source_compile,/home/justin/npu-playground/runs/case-study-v3-openrouter-interrupted-backup-20260917T031835Z/repeat-001/20260917T023536Z/baseline_minimal/81a1baaf50604243b1911f8ba6e9f4fd/report.json
Qwen,1,baseline_minimal:triton_fused_attention:amd_xdna2_npu2,baseline_minimal,amd_xdna2_npu2,triton_fused_attention,failed,10,False,False,False,4,9,356.6845589500008,347.79329160899215,33770,True,source_compile,/home/justin/npu-playground/runs/case-study-v3-openrouter-interrupted-backup-20260917T031835Z/repeat-001/20260917T023536Z/baseline_minimal/ff477e08ae4b445592d194e97a28aed2/report.json
Qwen,1,baseline_minimal:triton_fused_attention:intel_npu_4000,baseline_minimal,intel_npu_4000,triton_fused_attention,failed,10,False,False,False,0,9,161.3514516960022,150.24919835000037,26927,True,source_compile,/home/justin/npu-playground/runs/case-study-v3-openrouter-interrupted-backup-20260917T031835Z/repeat-001/20260917T023536Z/baseline_minimal/f3cb1f33ad0c4bdaaa0b353088e09df9/report.json
Qwen,1,baseline_minimal:triton_fused_softmax:amd_xdna2_npu2,baseline_minimal,amd_xdna2_npu2,triton_fused_softmax,failed,10,False,False,False,5,8,1401.1890530499986,1381.3051303590037,98374,True,target_compile,/home/justin/npu-playground/runs/case-study-v3-openrouter-interrupted-backup-20260917T031835Z/repeat-001/20260917T023536Z/baseline_minimal/b49b4ca372704a86aac152997af8781d/report.json
Qwen,1,baseline_minimal:triton_fused_softmax:intel_npu_4000,baseline_minimal,intel_npu_4000,triton_fused_softmax,completed,3,False,False,True,0,2,40.06058569900051,34.449048150003364,7883,True,,/home/justin/npu-playground/runs/case-study-v3-openrouter-interrupted-backup-20260917T031835Z/repeat-001/20260917T023536Z/baseline_minimal/107221af5fe84898850852fdf0268087/report.json
Qwen,1,baseline_minimal:triton_layer_norm:amd_xdna2_npu2,baseline_minimal,amd_xdna2_npu2,triton_layer_norm,failed,10,False,False,False,6,9,277.631033226,269.1099900189947,34670,True,source_compile,/home/justin/npu-playground/runs/case-study-v3-openrouter-interrupted-backup-20260917T031835Z/repeat-001/20260917T023536Z/baseline_minimal/2195a21d1dff44c8a402b7267dbf56a3/report.json
Qwen,1,baseline_minimal:triton_layer_norm:intel_npu_4000,baseline_minimal,intel_npu_4000,triton_layer_norm,failed,10,False,False,True,1,9,188.09894551699836,167.14402822999182,28466,True,numerical_mismatch,/home/justin/npu-playground/runs/case-study-v3-openrouter-interrupted-backup-20260917T031835Z/repeat-001/20260917T023536Z/baseline_minimal/5517c74ae63745e8ac0fee99bf517838/report.json
Qwen,1,hinted_ir:cuda_reduce_sum:amd_xdna2_npu2,hinted_ir,amd_xdna2_npu2,cuda_reduce_sum,completed,1,True,False,True,0,0,30.807295108999824,22.383796367001196,3407,True,,/home/justin/npu-playground/runs/case-study-v3-openrouter-interrupted-backup-20260917T031835Z/repeat-001/20260917T023536Z/hinted_ir/33e372993b8646029d812b9a0e3929a9/report.json
Qwen,1,hinted_ir:cuda_reduce_sum:intel_npu_4000,hinted_ir,intel_npu_4000,cuda_reduce_sum,blocked,5,False,False,False,0,1,0.014820587002759567,1894.770073186999,106606,False,source_compile,/home/justin/npu-playground/runs/case-study-v3-openrouter-interrupted-backup-20260917T031835Z/repeat-001/20260917T023536Z/hinted_ir/1fb8879f76004154a3ee9662a0ebba0f/report.json
Qwen,1,hinted_ir:cuda_tiled_matmul:amd_xdna2_npu2,hinted_ir,amd_xdna2_npu2,cuda_tiled_matmul,blocked,3,False,False,False,0,0,0.017856427999504376,1563.1227307750014,99983,False,translation,/home/justin/npu-playground/runs/case-study-v3-openrouter-interrupted-backup-20260917T031835Z/repeat-001/20260917T023536Z/hinted_ir/2597ba75f74e48da8f06d2da57a4421d/report.json
Qwen,1,hinted_ir:cuda_tiled_matmul:intel_npu_4000,hinted_ir,intel_npu_4000,cuda_tiled_matmul,completed,3,False,False,True,0,2,135.65281117799896,129.8339137539988,12327,True,,/home/justin/npu-playground/runs/case-study-v3-openrouter-interrupted-backup-20260917T031835Z/repeat-001/20260917T023536Z/hinted_ir/dc99ad155889400ba385eba8c1be7863/report.json
Qwen,1,hinted_ir:cuda_tiled_transpose:amd_xdna2_npu2,hinted_ir,amd_xdna2_npu2,cuda_tiled_transpose,failed,10,False,False,False,3,9,465.8508815339992,453.12474091799595,73835,True,source_compile,/home/justin/npu-playground/runs/case-study-v3-openrouter-interrupted-backup-20260917T031835Z/repeat-001/20260917T023536Z/hinted_ir/288cd5bbf4964c40969db477d5834b93/report.json
Qwen,1,hinted_ir:cuda_tiled_transpose:intel_npu_4000,hinted_ir,intel_npu_4000,cuda_tiled_transpose,blocked,3,False,False,False,0,0,0.06605520700031775,1556.0928988220003,99691,False,translation,/home/justin/npu-playground/runs/case-study-v3-openrouter-interrupted-backup-20260917T031835Z/repeat-001/20260917T023536Z/hinted_ir/b8df2a05eb104422a5f78243ec7dc026/report.json
Qwen,1,hinted_ir:cuda_vector_add:amd_xdna2_npu2,hinted_ir,amd_xdna2_npu2,cuda_vector_add,blocked,3,False,False,False,0,0,0.021835745999851497,1604.3565894859967,99649,False,translation,/home/justin/npu-playground/runs/case-study-v3-openrouter-interrupted-backup-20260917T031835Z/repeat-001/20260917T023536Z/hinted_ir/04c59035afd34b6f999740a17c110cec/report.json
Qwen,1,hinted_ir:cuda_vector_add:intel_npu_4000,hinted_ir,intel_npu_4000,cuda_vector_add,failed,10,False,False,False,8,9,180.65120422600012,168.65214010099226,35489,True,source_compile,/home/justin/npu-playground/runs/case-study-v3-openrouter-interrupted-backup-20260917T031835Z/repeat-001/20260917T023536Z/hinted_ir/e4a59751ff1d4b1d97d8bff150cccc8f/report.json
Qwen,1,hinted_ir:hip_gamma_correction:amd_xdna2_npu2,hinted_ir,amd_xdna2_npu2,hip_gamma_correction,failed,10,False,False,True,7,9,428.24716775900015,395.2458944209975,78302,True,target_compile,/home/justin/npu-playground/runs/case-study-v3-openrouter-interrupted-backup-20260917T031835Z/repeat-001/20260917T023536Z/hinted_ir/01100e5f27854386852a9ffcc2e1bea6/report.json
Qwen,1,hinted_ir:hip_gamma_correction:intel_npu_4000,hinted_ir,intel_npu_4000,hip_gamma_correction,completed,1,True,False,True,0,0,21.81718979099969,18.866506301998015,2113,True,,/home/justin/npu-playground/runs/case-study-v3-openrouter-interrupted-backup-20260917T031835Z/repeat-001/20260917T023536Z/hinted_ir/155161b6e8ca4aae9fb6700eb6fdc010/report.json
Qwen,1,hinted_ir:hip_image_convolution:amd_xdna2_npu2,hinted_ir,amd_xdna2_npu2,hip_image_convolution,blocked,2,False,False,False,0,0,0.022242035000090254,900.3946991390003,33578,False,translation,/home/justin/npu-playground/runs/case-study-v3-openrouter-interrupted-backup-20260917T031835Z/repeat-001/20260917T023536Z/hinted_ir/d8828168f3134fa487bbd6d8138e16f7/report.json
Qwen,1,hinted_ir:hip_image_convolution:intel_npu_4000,hinted_ir,intel_npu_4000,hip_image_convolution,completed,2,False,False,True,0,1,55.596054729998286,51.508892993999325,7247,True,,/home/justin/npu-playground/runs/case-study-v3-openrouter-interrupted-backup-20260917T031835Z/repeat-001/20260917T023536Z/hinted_ir/ffcf3d579c124e0f98cd7f2902dfb896/report.json
Qwen,1,hinted_ir:hip_moving_average:amd_xdna2_npu2,hinted_ir,amd_xdna2_npu2,hip_moving_average,failed,10,False,False,True,8,9,464.5013247429997,429.7460028620044,73211,True,target_compile,/home/justin/npu-playground/runs/case-study-v3-openrouter-interrupted-backup-20260917T031835Z/repeat-001/20260917T023536Z/hinted_ir/c622f85c73f34f579f1dfcdb5f49cd40/report.json
Qwen,1,hinted_ir:hip_moving_average:intel_npu_4000,hinted_ir,intel_npu_4000,hip_moving_average,failed,10,False,False,False,0,9,351.3660027440019,324.7004326759961,55675,True,source_execution,/home/justin/npu-playground/runs/case-study-v3-openrouter-interrupted-backup-20260917T031835Z/repeat-001/20260917T023536Z/hinted_ir/6a5c9782950544cc8eb54e94dea0a5f4/report.json
Qwen,1,hinted_ir:triton_fused_attention:amd_xdna2_npu2,hinted_ir,amd_xdna2_npu2,triton_fused_attention,failed,10,False,False,False,8,9,495.8012740740014,485.8817889179809,86655,True,source_compile,/home/justin/npu-playground/runs/case-study-v3-openrouter-interrupted-backup-20260917T031835Z/repeat-001/20260917T023536Z/hinted_ir/b84c644728f8488c87e9568f1b8e9eee/report.json
Qwen,1,hinted_ir:triton_fused_attention:intel_npu_4000,hinted_ir,intel_npu_4000,triton_fused_attention,completed,4,False,False,True,0,3,150.52276959400115,143.15089046700814,18502,True,,/home/justin/npu-playground/runs/case-study-v3-openrouter-interrupted-backup-20260917T031835Z/repeat-001/20260917T023536Z/hinted_ir/7e5c627e3a5f4720b68ca9d5c8650040/report.json
Qwen,1,hinted_ir:triton_fused_softmax:amd_xdna2_npu2,hinted_ir,amd_xdna2_npu2,triton_fused_softmax,failed,10,False,False,True,4,9,644.4762194110008,579.6425339160014,84844,True,source_execution,/home/justin/npu-playground/runs/case-study-v3-openrouter-interrupted-backup-20260917T031835Z/repeat-001/20260917T023536Z/hinted_ir/a64ef539e0ad43ac8bf47cf25253f941/report.json
Qwen,1,hinted_ir:triton_fused_softmax:intel_npu_4000,hinted_ir,intel_npu_4000,triton_fused_softmax,completed,2,False,False,True,0,1,42.88961936900159,38.01225109600273,6858,True,,/home/justin/npu-playground/runs/case-study-v3-openrouter-interrupted-backup-20260917T031835Z/repeat-001/20260917T023536Z/hinted_ir/8804a47b31b349d0aaaa28f2547cff98/report.json
Qwen,1,hinted_ir:triton_layer_norm:amd_xdna2_npu2,hinted_ir,amd_xdna2_npu2,triton_layer_norm,failed,10,False,False,True,6,9,630.6219901510012,564.7629952749958,102715,True,target_compile,/home/justin/npu-playground/runs/case-study-v3-openrouter-interrupted-backup-20260917T031835Z/repeat-001/20260917T023536Z/hinted_ir/009e23a5ce1a4f35a20931c18d9b4de0/report.json
Qwen,1,hinted_ir:triton_layer_norm:intel_npu_4000,hinted_ir,intel_npu_4000,triton_layer_norm,failed,10,False,False,True,3,9,350.32269271900077,333.38644515699343,57192,True,numerical_mismatch,/home/justin/npu-playground/runs/case-study-v3-openrouter-interrupted-backup-20260917T031835Z/repeat-001/20260917T023536Z/hinted_ir/fcd6e15734394ecfa3017cb90ca0e343/report.json
Qwen,1,structured_ir:cuda_reduce_sum:amd_xdna2_npu2,structured_ir,amd_xdna2_npu2,cuda_reduce_sum,failed,10,False,True,False,8,9,409.7088358330002,400.8340438530031,65078,True,source_compile,/home/justin/npu-playground/runs/case-study-v3-openrouter-interrupted-backup-20260917T031835Z/repeat-001/20260917T023536Z/structured_ir/a4ba674735914eacb2970a338d96bd7f/report.json
Qwen,1,structured_ir:cuda_reduce_sum:intel_npu_4000,structured_ir,intel_npu_4000,cuda_reduce_sum,completed,5,False,True,True,0,4,82.86187587200038,74.92043694300082,20616,True,,/home/justin/npu-playground/runs/case-study-v3-openrouter-interrupted-backup-20260917T031835Z/repeat-001/20260917T023536Z/structured_ir/0e5ebd13753044b58e033b8ba679f2f7/report.json
Qwen,1,structured_ir:cuda_tiled_matmul:amd_xdna2_npu2,structured_ir,amd_xdna2_npu2,cuda_tiled_matmul,failed,10,False,True,False,8,9,465.6450317790004,456.5240592209957,62366,True,source_compile,/home/justin/npu-playground/runs/case-study-v3-openrouter-interrupted-backup-20260917T031835Z/repeat-001/20260917T023536Z/structured_ir/a76dcb56d05f442eb05931c6b551a3ed/report.json
Qwen,1,structured_ir:cuda_tiled_matmul:intel_npu_4000,structured_ir,intel_npu_4000,cuda_tiled_matmul,completed,2,False,True,True,0,1,32.187755268998444,27.39292663100423,6178,True,,/home/justin/npu-playground/runs/case-study-v3-openrouter-interrupted-backup-20260917T031835Z/repeat-001/20260917T023536Z/structured_ir/4ba96773025441ffa816c311f35add08/report.json
Qwen,1,structured_ir:cuda_tiled_transpose:amd_xdna2_npu2,structured_ir,amd_xdna2_npu2,cuda_tiled_transpose,completed,2,False,True,True,0,1,102.60767636699893,94.37373933500203,10501,True,,/home/justin/npu-playground/runs/case-study-v3-openrouter-interrupted-backup-20260917T031835Z/repeat-001/20260917T023536Z/structured_ir/6b5d2c7b660247218416fd3a53e47d77/report.json
Qwen,1,structured_ir:cuda_tiled_transpose:intel_npu_4000,structured_ir,intel_npu_4000,cuda_tiled_transpose,failed,10,False,True,False,0,9,96.37324007400093,83.51863240400417,26904,True,source_compile,/home/justin/npu-playground/runs/case-study-v3-openrouter-interrupted-backup-20260917T031835Z/repeat-001/20260917T023536Z/structured_ir/e9350f9ad8354e2db3df037c3b4f6e0c/report.json
Qwen,1,structured_ir:cuda_vector_add:amd_xdna2_npu2,structured_ir,amd_xdna2_npu2,cuda_vector_add,failed,10,False,True,True,9,9,375.4631380659994,307.79372013700413,52345,True,source_execution,/home/justin/npu-playground/runs/case-study-v3-openrouter-interrupted-backup-20260917T031835Z/repeat-001/20260917T023536Z/structured_ir/14db8012dcb541bfbdefbd2820cf9cf5/report.json
Qwen,1,structured_ir:cuda_vector_add:intel_npu_4000,structured_ir,intel_npu_4000,cuda_vector_add,completed,4,False,True,True,0,3,54.963422221000656,48.384598139000445,16159,True,,/home/justin/npu-playground/runs/case-study-v3-openrouter-interrupted-backup-20260917T031835Z/repeat-001/20260917T023536Z/structured_ir/20f0d1dae1204e53b04f3a929ba3f726/report.json
Qwen,1,structured_ir:hip_gamma_correction:amd_xdna2_npu2,structured_ir,amd_xdna2_npu2,hip_gamma_correction,failed,10,False,True,True,8,9,491.4063809520012,424.3427201689992,56711,True,source_execution,/home/justin/npu-playground/runs/case-study-v3-openrouter-interrupted-backup-20260917T031835Z/repeat-001/20260917T023536Z/structured_ir/9f11c7ab5a7c473dadd52d5142cd32b0/report.json
Qwen,1,structured_ir:hip_gamma_correction:intel_npu_4000,structured_ir,intel_npu_4000,hip_gamma_correction,completed,3,False,True,True,0,2,64.99106358499921,59.48086925100142,14176,True,,/home/justin/npu-playground/runs/case-study-v3-openrouter-interrupted-backup-20260917T031835Z/repeat-001/20260917T023536Z/structured_ir/28a48e01f37947f5b04e0d5ddcd1afae/report.json
Qwen,1,structured_ir:hip_image_convolution:amd_xdna2_npu2,structured_ir,amd_xdna2_npu2,hip_image_convolution,failed,10,False,True,True,9,9,511.8643307179991,441.9560446010073,65014,True,source_execution,/home/justin/npu-playground/runs/case-study-v3-openrouter-interrupted-backup-20260917T031835Z/repeat-001/20260917T023536Z/structured_ir/63babec384bd4f1c8bed6aecfe415156/report.json
Qwen,1,structured_ir:hip_image_convolution:intel_npu_4000,structured_ir,intel_npu_4000,hip_image_convolution,completed,3,False,True,True,0,2,68.92304930200044,62.72207098700164,13131,True,,/home/justin/npu-playground/runs/case-study-v3-openrouter-interrupted-backup-20260917T031835Z/repeat-001/20260917T023536Z/structured_ir/7fd49e5cfa6d47a3aac77eef8ae2e446/report.json
Qwen,1,structured_ir:hip_moving_average:amd_xdna2_npu2,structured_ir,amd_xdna2_npu2,hip_moving_average,failed,10,False,True,False,7,9,325.90546922499925,296.2996601090017,56449,True,target_compile,/home/justin/npu-playground/runs/case-study-v3-openrouter-interrupted-backup-20260917T031835Z/repeat-001/20260917T023536Z/structured_ir/553572492b614d3583b22ea5bd902078/report.json
Qwen,1,structured_ir:hip_moving_average:intel_npu_4000,structured_ir,intel_npu_4000,hip_moving_average,failed,10,False,True,False,6,9,240.52019704000122,228.27709282199794,52736,True,source_compile,/home/justin/npu-playground/runs/case-study-v3-openrouter-interrupted-backup-20260917T031835Z/repeat-001/20260917T023536Z/structured_ir/3f859cda5d9d4246b2918ee1227a4568/report.json
Qwen,1,structured_ir:triton_fused_attention:amd_xdna2_npu2,structured_ir,amd_xdna2_npu2,triton_fused_attention,failed,10,False,True,False,6,9,906.0082985470035,872.4875330679934,95155,True,target_compile,/home/justin/npu-playground/runs/case-study-v3-openrouter-interrupted-backup-20260917T031835Z/repeat-001/20260917T023536Z/structured_ir/89446984688046d4a349450291968386/report.json
Qwen,1,structured_ir:triton_fused_attention:intel_npu_4000,structured_ir,intel_npu_4000,triton_fused_attention,failed,10,False,True,True,3,9,194.77093659000093,166.821111148005,44710,True,numerical_mismatch,/home/justin/npu-playground/runs/case-study-v3-openrouter-interrupted-backup-20260917T031835Z/repeat-001/20260917T023536Z/structured_ir/98ba97cd24a846be9ec3eb2668576ee6/report.json
Qwen,1,structured_ir:triton_fused_softmax:amd_xdna2_npu2,structured_ir,amd_xdna2_npu2,triton_fused_softmax,failed,10,False,True,False,7,8,1241.4904898109999,1232.5935287829961,159998,True,source_compile,/home/justin/npu-playground/runs/case-study-v3-openrouter-interrupted-backup-20260917T031835Z/repeat-001/20260917T023536Z/structured_ir/984f4018943b43c285858404692ffb8d/report.json
Qwen,1,structured_ir:triton_fused_softmax:intel_npu_4000,structured_ir,intel_npu_4000,triton_fused_softmax,completed,3,False,True,True,0,2,76.5679671910002,71.27355954299856,9192,True,,/home/justin/npu-playground/runs/case-study-v3-openrouter-interrupted-backup-20260917T031835Z/repeat-001/20260917T023536Z/structured_ir/ad588bb73b5b43e79041066cc265850e/report.json
Qwen,1,structured_ir:triton_layer_norm:amd_xdna2_npu2,structured_ir,amd_xdna2_npu2,triton_layer_norm,failed,10,False,False,False,0,0,723.5164357180001,723.381956540994,60432,True,translation,/home/justin/npu-playground/runs/case-study-v3-openrouter-interrupted-backup-20260917T031835Z/repeat-001/20260917T023536Z/structured_ir/c64668bfb7784d27b9c964c73073b7b0/report.json
Qwen,1,structured_ir:triton_layer_norm:intel_npu_4000,structured_ir,intel_npu_4000,triton_layer_norm,failed,10,False,False,False,0,0,212.8146796889996,212.66611605700382,27922,True,translation,/home/justin/npu-playground/runs/case-study-v3-openrouter-interrupted-backup-20260917T031835Z/repeat-001/20260917T023536Z/structured_ir/70e05a3072d84726afa79ed25d12f8c2/report.json
Terra,1,baseline:cuda_reduce_sum:amd_xdna2_npu2,baseline,amd_xdna2_npu2,cuda_reduce_sum,completed,1,True,False,True,0,0,55.75198277100026,50.55913116500051,13566,True,,/home/justin/npu-playground/runs/case-study-v2-recovered/repeat-001/20260917T000705Z/baseline/4842eee792cf48558a8a8db8ac4dd55a/report.json
Terra,1,baseline:cuda_reduce_sum:intel_npu_4000,baseline,intel_npu_4000,cuda_reduce_sum,completed,1,True,False,True,0,0,18.28413513399937,15.403713163999782,10659,True,,/home/justin/npu-playground/runs/case-study-v2-recovered/repeat-001/20260917T000705Z/baseline/ce4607bb23104b53aeacc58b94ff9ef0/report.json
Terra,1,baseline:cuda_tiled_matmul:amd_xdna2_npu2,baseline,amd_xdna2_npu2,cuda_tiled_matmul,failed,10,False,False,True,0,9,995.7174409590007,939.7276040080033,226323,True,numerical_mismatch,/home/justin/npu-playground/runs/case-study-v2-recovered/repeat-001/20260917T000705Z/baseline/0a0e506a5de142ce8ff067a7d85a089c/report.json
Terra,1,baseline:cuda_tiled_matmul:intel_npu_4000,baseline,intel_npu_4000,cuda_tiled_matmul,completed,1,True,False,True,0,0,19.812905148999562,15.876511258000392,10779,True,,/home/justin/npu-playground/runs/case-study-v2-recovered/repeat-001/20260917T000705Z/baseline/be2b4bb71dbd40c096677566bcc0cf79/report.json
Terra,1,baseline:cuda_tiled_transpose:amd_xdna2_npu2,baseline,amd_xdna2_npu2,cuda_tiled_transpose,completed,1,True,False,True,0,0,61.663054820999605,51.26900288700017,13511,True,,/home/justin/npu-playground/runs/case-study-v2-recovered/repeat-001/20260917T000705Z/baseline/aedcc620ce4e4565b6df4a84141ed0f1/report.json
Terra,1,baseline:cuda_tiled_transpose:intel_npu_4000,baseline,intel_npu_4000,cuda_tiled_transpose,completed,1,True,False,True,0,0,13.681338628000958,10.728529281001101,10251,True,,/home/justin/npu-playground/runs/case-study-v2-recovered/repeat-001/20260917T000705Z/baseline/b71894dfb98f46ba875326014790d107/report.json
Terra,1,baseline:cuda_vector_add:amd_xdna2_npu2,baseline,amd_xdna2_npu2,cuda_vector_add,completed,3,False,False,True,0,2,185.87808668599973,168.08035209699847,45984,True,,/home/justin/npu-playground/runs/case-study-v2-recovered/repeat-001/20260917T000705Z/baseline/6df5307fa483487dae66bf19102040b2/report.json
Terra,1,baseline:cuda_vector_add:intel_npu_4000,baseline,intel_npu_4000,cuda_vector_add,completed,1,True,False,True,0,0,22.563611127001423,19.88137237599949,10711,True,,/home/justin/npu-playground/runs/case-study-v2-recovered/repeat-001/20260917T000705Z/baseline/c58ce4805afb4c09b3326b9dd469acf5/report.json
Terra,1,baseline:hip_gamma_correction:amd_xdna2_npu2,baseline,amd_xdna2_npu2,hip_gamma_correction,completed,1,True,False,True,0,0,60.83710090900058,55.455524107999736,13714,True,,/home/justin/npu-playground/runs/case-study-v2-recovered/repeat-001/20260917T000705Z/baseline/b36d7379863a40638101431fef9a14e3/report.json
Terra,1,baseline:hip_gamma_correction:intel_npu_4000,baseline,intel_npu_4000,hip_gamma_correction,completed,1,True,False,True,0,0,21.23848372000066,17.631453064999732,10666,True,,/home/justin/npu-playground/runs/case-study-v2-recovered/repeat-001/20260917T000705Z/baseline/f09ad425f22e4cf4b0a8c1ac500894ed/report.json
Terra,1,baseline:hip_image_convolution:amd_xdna2_npu2,baseline,amd_xdna2_npu2,hip_image_convolution,completed,1,True,False,True,0,0,44.33310015399911,36.620555313000295,12858,True,,/home/justin/npu-playground/runs/case-study-v2-recovered/repeat-001/20260917T000705Z/baseline/7bc372ce3fe14a2fa6ed8add79e2d2d9/report.json
Terra,1,baseline:hip_image_convolution:intel_npu_4000,baseline,intel_npu_4000,hip_image_convolution,completed,1,True,False,True,0,0,25.879943928999637,17.740018339000017,10838,True,,/home/justin/npu-playground/runs/case-study-v2-recovered/repeat-001/20260917T000705Z/baseline/a36947db551940648fadf50663fe8570/report.json
Terra,1,baseline:hip_moving_average:amd_xdna2_npu2,baseline,amd_xdna2_npu2,hip_moving_average,completed,4,False,False,True,0,3,280.4151123240008,262.21780008600217,62182,True,,/home/justin/npu-playground/runs/case-study-v2-recovered/repeat-001/20260917T000705Z/baseline/f688b39f5b3c40ef9043671c9fb5e746/report.json
Terra,1,baseline:hip_moving_average:intel_npu_4000,baseline,intel_npu_4000,hip_moving_average,completed,1,True,False,True,0,0,51.32730929799982,48.968542102000356,12481,True,,/home/justin/npu-playground/runs/case-study-v2-recovered/repeat-001/20260917T000705Z/baseline/fe07276c2b2240ceab334646d9ba1c66/report.json
Terra,1,baseline:triton_fused_attention:amd_xdna2_npu2,baseline,amd_xdna2_npu2,triton_fused_attention,completed,9,False,False,True,0,8,1032.4527336730007,984.099522931001,184590,True,,/home/justin/npu-playground/runs/case-study-v2-recovered/repeat-001/20260917T000705Z/baseline/cb931e8c5e754e0d88999e89c1b8218a/report.json
Terra,1,baseline:triton_fused_attention:intel_npu_4000,baseline,intel_npu_4000,triton_fused_attention,completed,1,True,False,True,0,0,34.0895551729991,31.235273427999346,11625,True,,/home/justin/npu-playground/runs/case-study-v2-recovered/repeat-001/20260917T000705Z/baseline/f547eb555b2a4f4381c40e5aa36799ed/report.json
Terra,1,baseline:triton_fused_softmax:amd_xdna2_npu2,baseline,amd_xdna2_npu2,triton_fused_softmax,completed,2,False,False,True,0,1,159.27268449300027,151.34156011400046,31829,True,,/home/justin/npu-playground/runs/case-study-v2-recovered/repeat-001/20260917T000705Z/baseline/f39be6f2fb9d4323bcba7c464e7c70e6/report.json
Terra,1,baseline:triton_fused_softmax:intel_npu_4000,baseline,intel_npu_4000,triton_fused_softmax,completed,2,False,False,True,0,1,28.393770272999973,25.267992383998717,21422,True,,/home/justin/npu-playground/runs/case-study-v2-recovered/repeat-001/20260917T000705Z/baseline/de8ab54a04f94c749e049430d2359365/report.json
Terra,1,baseline:triton_layer_norm:amd_xdna2_npu2,baseline,amd_xdna2_npu2,triton_layer_norm,completed,3,False,False,True,0,2,325.7248115350012,302.40054094899824,54250,True,,/home/justin/npu-playground/runs/case-study-v2-recovered/repeat-001/20260917T000705Z/baseline/8503397b5202408ba732bba5aa1a38ac/report.json
Terra,1,baseline:triton_layer_norm:intel_npu_4000,baseline,intel_npu_4000,triton_layer_norm,completed,1,True,False,True,0,0,45.7166060870004,43.29747511300047,12396,True,,/home/justin/npu-playground/runs/case-study-v2-recovered/repeat-001/20260917T000705Z/baseline/aa523b355eeb4026bac476b3cf71f371/report.json
Terra,1,hinted_ir:cuda_reduce_sum:amd_xdna2_npu2,hinted_ir,amd_xdna2_npu2,cuda_reduce_sum,completed,1,True,False,True,0,0,108.88779732699913,103.0308203450004,26421,True,,/home/justin/npu-playground/runs/case-study-v2-recovered/repeat-001/20260917T000705Z/hinted_ir/3199bf08bc0a4726a05940e81b1b7f3a/report.json
Terra,1,hinted_ir:cuda_reduce_sum:intel_npu_4000,hinted_ir,intel_npu_4000,cuda_reduce_sum,completed,1,True,False,True,0,0,40.95752365500084,38.91601664599875,21753,True,,/home/justin/npu-playground/runs/case-study-v2-recovered/repeat-001/20260917T000705Z/hinted_ir/6e92df1dcbd6422e9397fc141a58d021/report.json
Terra,1,hinted_ir:cuda_tiled_matmul:amd_xdna2_npu2,hinted_ir,amd_xdna2_npu2,cuda_tiled_matmul,completed,2,False,False,True,0,1,197.45016092100013,189.71385317000022,57490,True,,/home/justin/npu-playground/runs/case-study-v2-recovered/repeat-001/20260917T000705Z/hinted_ir/bc67497ca6a7434f98f6cac0b9404191/report.json
Terra,1,hinted_ir:cuda_tiled_matmul:intel_npu_4000,hinted_ir,intel_npu_4000,cuda_tiled_matmul,completed,1,True,False,True,0,0,35.97182494900153,33.55763003799984,21338,True,,/home/justin/npu-playground/runs/case-study-v2-recovered/repeat-001/20260917T000705Z/hinted_ir/eced8876dd514ac998fd748592fc8847/report.json
Terra,1,hinted_ir:cuda_tiled_transpose:amd_xdna2_npu2,hinted_ir,amd_xdna2_npu2,cuda_tiled_transpose,completed,1,True,False,True,0,0,116.71190640200075,110.16252958399855,26431,True,,/home/justin/npu-playground/runs/case-study-v2-recovered/repeat-001/20260917T000705Z/hinted_ir/212146620f494773b90fa8b5a26c4946/report.json
Terra,1,hinted_ir:cuda_tiled_transpose:intel_npu_4000,hinted_ir,intel_npu_4000,cuda_tiled_transpose,completed,1,True,False,True,0,0,28.930060011000023,25.68752133400085,20767,True,,/home/justin/npu-playground/runs/case-study-v2-recovered/repeat-001/20260917T000705Z/hinted_ir/24ed1077363b4a2da900a9ca6b15b087/report.json
Terra,1,hinted_ir:cuda_vector_add:amd_xdna2_npu2,hinted_ir,amd_xdna2_npu2,cuda_vector_add,completed,1,True,False,True,0,0,89.971278342,83.83155204700051,25063,True,,/home/justin/npu-playground/runs/case-study-v2-recovered/repeat-001/20260917T000705Z/hinted_ir/55ecfc6c064f4f4e90f9b0457409505e/report.json
Terra,1,hinted_ir:cuda_vector_add:intel_npu_4000,hinted_ir,intel_npu_4000,cuda_vector_add,completed,1,True,False,True,0,0,29.581143626000994,26.744166493999728,20815,True,,/home/justin/npu-playground/runs/case-study-v2-recovered/repeat-001/20260917T000705Z/hinted_ir/15276231b0d84224bec03016dc010361/report.json
Terra,1,hinted_ir:hip_gamma_correction:amd_xdna2_npu2,hinted_ir,amd_xdna2_npu2,hip_gamma_correction,completed,2,False,False,True,0,1,136.8312766600029,121.02664858000026,51108,True,,/home/justin/npu-playground/runs/case-study-v2-recovered/repeat-001/20260917T000705Z/hinted_ir/756462241f2d418e89d51eb78a11e2b9/report.json
Terra,1,hinted_ir:hip_gamma_correction:intel_npu_4000,hinted_ir,intel_npu_4000,hip_gamma_correction,completed,1,True,False,True,0,0,43.64259759499873,40.05653178799912,21811,True,,/home/justin/npu-playground/runs/case-study-v2-recovered/repeat-001/20260917T000705Z/hinted_ir/a6f444286fd245cfbaa35357f106f6d6/report.json
Terra,1,hinted_ir:hip_image_convolution:amd_xdna2_npu2,hinted_ir,amd_xdna2_npu2,hip_image_convolution,completed,1,True,False,True,0,0,112.0273594249993,105.00518729500072,26431,True,,/home/justin/npu-playground/runs/case-study-v2-recovered/repeat-001/20260917T000705Z/hinted_ir/66320840a3d44e1f977c67c4d944d696/report.json
Terra,1,hinted_ir:hip_image_convolution:intel_npu_4000,hinted_ir,intel_npu_4000,hip_image_convolution,completed,1,True,False,True,0,0,35.55421345200011,32.82109814799878,21481,True,,/home/justin/npu-playground/runs/case-study-v2-recovered/repeat-001/20260917T000705Z/hinted_ir/0f4eb2856b544feeac758e24b37567f4/report.json
Terra,1,hinted_ir:hip_moving_average:amd_xdna2_npu2,hinted_ir,amd_xdna2_npu2,hip_moving_average,completed,2,False,False,True,0,1,244.45159433500157,233.40020569900116,66749,True,,/home/justin/npu-playground/runs/case-study-v2-recovered/repeat-001/20260917T000705Z/hinted_ir/3f5f15679bfd4778b40edffeb215ed84/report.json
Terra,1,hinted_ir:hip_moving_average:intel_npu_4000,hinted_ir,intel_npu_4000,hip_moving_average,completed,2,False,False,True,0,1,113.27989099799925,107.44356599399907,49870,True,,/home/justin/npu-playground/runs/case-study-v2-recovered/repeat-001/20260917T000705Z/hinted_ir/b2f38a17fe3e47cdb8541517068c18cf/report.json
Terra,1,hinted_ir:triton_fused_attention:amd_xdna2_npu2,hinted_ir,amd_xdna2_npu2,triton_fused_attention,completed,3,False,False,True,0,2,416.3451694259984,398.40250245899915,100681,True,,/home/justin/npu-playground/runs/case-study-v2-recovered/repeat-001/20260917T000705Z/hinted_ir/8aaa5cff66c0420e92d17cd2db54ef27/report.json
Terra,1,hinted_ir:triton_fused_attention:intel_npu_4000,hinted_ir,intel_npu_4000,triton_fused_attention,completed,1,True,False,True,0,0,47.03508917999898,44.13507381999989,22669,True,,/home/justin/npu-playground/runs/case-study-v2-recovered/repeat-001/20260917T000705Z/hinted_ir/acd1f8af50dd42768eb56b592df0b31f/report.json
Terra,1,hinted_ir:triton_fused_softmax:amd_xdna2_npu2,hinted_ir,amd_xdna2_npu2,triton_fused_softmax,completed,1,True,False,True,0,0,79.3479979019994,73.25772541699916,24317,True,,/home/justin/npu-playground/runs/case-study-v2-recovered/repeat-001/20260917T000705Z/hinted_ir/14c1e5569573412b8406d4a61abac1f5/report.json
Terra,1,hinted_ir:triton_fused_softmax:intel_npu_4000,hinted_ir,intel_npu_4000,triton_fused_softmax,completed,1,True,False,True,0,0,39.56937571100207,37.15965004999998,21413,True,,/home/justin/npu-playground/runs/case-study-v2-recovered/repeat-001/20260917T000705Z/hinted_ir/7d845e7241c942f3956e26a4966a0fad/report.json
Terra,1,hinted_ir:triton_layer_norm:amd_xdna2_npu2,hinted_ir,amd_xdna2_npu2,triton_layer_norm,completed,3,False,False,True,0,2,368.4668344370002,351.642394859,94174,True,,/home/justin/npu-playground/runs/case-study-v2-recovered/repeat-001/20260917T000705Z/hinted_ir/5af443b725ef48999e86ed7830b6a921/report.json
Terra,1,hinted_ir:triton_layer_norm:intel_npu_4000,hinted_ir,intel_npu_4000,triton_layer_norm,completed,2,False,False,True,0,1,96.0431999020002,92.54927821499768,47239,True,,/home/justin/npu-playground/runs/case-study-v2-recovered/repeat-001/20260917T000705Z/hinted_ir/803a86d3f676490aba6620f93c358f2c/report.json
Terra,1,structured_ir:cuda_reduce_sum:amd_xdna2_npu2,structured_ir,amd_xdna2_npu2,cuda_reduce_sum,completed,2,False,True,True,0,1,162.34947761600233,150.33615541200197,43699,True,,/home/justin/npu-playground/runs/case-study-v2-recovered/repeat-001/20260917T000705Z/structured_ir/6d70268fa0d64a3fbab5f39139da497d/report.json
Terra,1,structured_ir:cuda_reduce_sum:intel_npu_4000,structured_ir,intel_npu_4000,cuda_reduce_sum,completed,1,True,True,True,0,0,36.48425746999965,34.2240564140011,23054,True,,/home/justin/npu-playground/runs/case-study-v2-recovered/repeat-001/20260917T000705Z/structured_ir/6337a5d2be504ad4a226a8a9ccdf8965/report.json
Terra,1,structured_ir:cuda_tiled_matmul:amd_xdna2_npu2,structured_ir,amd_xdna2_npu2,cuda_tiled_matmul,failed,10,False,True,True,0,9,983.9209382840017,935.4113482849989,240011,True,target_compile,/home/justin/npu-playground/runs/case-study-v2-recovered/repeat-001/20260917T000705Z/structured_ir/d963a8a3dc6d4b90a40cedcbb65df680/report.json
Terra,1,structured_ir:cuda_tiled_matmul:intel_npu_4000,structured_ir,intel_npu_4000,cuda_tiled_matmul,completed,1,True,True,True,0,0,29.343863205998787,26.419792675998906,22831,True,,/home/justin/npu-playground/runs/case-study-v2-recovered/repeat-001/20260917T000705Z/structured_ir/a3cd75d7a2384f8ab47e7ff3eb35e9d0/report.json
Terra,1,structured_ir:cuda_tiled_transpose:amd_xdna2_npu2,structured_ir,amd_xdna2_npu2,cuda_tiled_transpose,completed,3,False,True,True,0,2,253.58446086200092,239.63950218599894,67740,True,,/home/justin/npu-playground/runs/case-study-v2-recovered/repeat-001/20260917T000705Z/structured_ir/c26e2f72de3c4f8399b02304b1462dc4/report.json
Terra,1,structured_ir:cuda_tiled_transpose:intel_npu_4000,structured_ir,intel_npu_4000,cuda_tiled_transpose,completed,1,True,True,True,0,0,30.127851344999726,26.395000960999823,22478,True,,/home/justin/npu-playground/runs/case-study-v2-recovered/repeat-001/20260917T000705Z/structured_ir/ef0b119c03c848ceb6595edef4b81d9b/report.json
Terra,1,structured_ir:cuda_vector_add:amd_xdna2_npu2,structured_ir,amd_xdna2_npu2,cuda_vector_add,completed,1,True,True,True,0,0,90.71390977400188,83.24048165899876,26779,True,,/home/justin/npu-playground/runs/case-study-v2-recovered/repeat-001/20260917T000705Z/structured_ir/88929c19c3d448f69477faf82229ffcc/report.json
Terra,1,structured_ir:cuda_vector_add:intel_npu_4000,structured_ir,intel_npu_4000,cuda_vector_add,completed,1,True,True,True,0,0,29.403188276000947,26.980283671000507,22767,True,,/home/justin/npu-playground/runs/case-study-v2-recovered/repeat-001/20260917T000705Z/structured_ir/8bd740b2a35743379cdcc8b42a3c4c53/report.json
Terra,1,structured_ir:hip_gamma_correction:amd_xdna2_npu2,structured_ir,amd_xdna2_npu2,hip_gamma_correction,completed,3,False,True,True,0,2,228.5978932399994,213.73391164399982,63242,True,,/home/justin/npu-playground/runs/case-study-v2-recovered/repeat-001/20260917T000705Z/structured_ir/bd379c69ebdb4c299707240ec9175333/report.json
Terra,1,structured_ir:hip_gamma_correction:intel_npu_4000,structured_ir,intel_npu_4000,hip_gamma_correction,completed,1,True,True,True,0,0,34.450011576998804,31.487730355001986,22961,True,,/home/justin/npu-playground/runs/case-study-v2-recovered/repeat-001/20260917T000705Z/structured_ir/4ecd1e17f4404be299b98e5bbb58462c/report.json
Terra,1,structured_ir:hip_image_convolution:amd_xdna2_npu2,structured_ir,amd_xdna2_npu2,hip_image_convolution,completed,2,False,True,True,0,1,167.89751514300042,159.59577393699874,45578,True,,/home/justin/npu-playground/runs/case-study-v2-recovered/repeat-001/20260917T000705Z/structured_ir/fbf05ceebfc3427ea65add06130320c2/report.json
Terra,1,structured_ir:hip_image_convolution:intel_npu_4000,structured_ir,intel_npu_4000,hip_image_convolution,completed,1,True,True,True,0,0,37.81402985599925,35.20274932999928,23491,True,,/home/justin/npu-playground/runs/case-study-v2-recovered/repeat-001/20260917T000705Z/structured_ir/efe5f62d4e4442959f17de9e6493cfb1/report.json
Terra,1,structured_ir:hip_moving_average:amd_xdna2_npu2,structured_ir,amd_xdna2_npu2,hip_moving_average,completed,2,False,True,True,0,1,200.0531071109981,189.34021034800026,48281,True,,/home/justin/npu-playground/runs/case-study-v2-recovered/repeat-001/20260917T000705Z/structured_ir/fab8a9b6120842218d3f5e71b9f47878/report.json
Terra,1,structured_ir:hip_moving_average:intel_npu_4000,structured_ir,intel_npu_4000,hip_moving_average,completed,2,False,True,True,0,1,96.59699984800136,93.204879789997,38219,True,,/home/justin/npu-playground/runs/case-study-v2-recovered/repeat-001/20260917T000705Z/structured_ir/d1fd7f5e3929472f8d1d681ba027421f/report.json
Terra,1,structured_ir:triton_fused_attention:amd_xdna2_npu2,structured_ir,amd_xdna2_npu2,triton_fused_attention,failed,10,False,True,True,0,9,1173.5049285729983,1122.8717682219994,297827,True,target_compile,/home/justin/npu-playground/runs/case-study-v2-recovered/repeat-001/20260917T000705Z/structured_ir/ee31220a5c424782b623e4ca2c5e500e/report.json
Terra,1,structured_ir:triton_fused_attention:intel_npu_4000,structured_ir,intel_npu_4000,triton_fused_attention,completed,2,False,True,True,0,1,95.96092564199898,92.29811001900089,39042,True,,/home/justin/npu-playground/runs/case-study-v2-recovered/repeat-001/20260917T000705Z/structured_ir/ff2a5f409b0441e48b81891e8334c046/report.json
Terra,1,structured_ir:triton_fused_softmax:amd_xdna2_npu2,structured_ir,amd_xdna2_npu2,triton_fused_softmax,completed,2,False,True,True,0,1,286.5018395629995,277.52914124699964,52320,True,,/home/justin/npu-playground/runs/case-study-v2-recovered/repeat-001/20260917T000705Z/structured_ir/d383a40873e544d28f8090caa59a78db/report.json
Terra,1,structured_ir:triton_fused_softmax:intel_npu_4000,structured_ir,intel_npu_4000,triton_fused_softmax,completed,1,True,True,True,0,0,38.213450606999686,34.278394258000844,22960,True,,/home/justin/npu-playground/runs/case-study-v2-recovered/repeat-001/20260917T000705Z/structured_ir/080ec886ba9549b19f389904913759f1/report.json
Terra,1,structured_ir:triton_layer_norm:amd_xdna2_npu2,structured_ir,amd_xdna2_npu2,triton_layer_norm,completed,4,False,True,True,0,2,386.33761201799825,367.0516240390025,95640,True,,/home/justin/npu-playground/runs/case-study-v2-recovered/repeat-001/20260917T000705Z/structured_ir/d1fe26c9301b4b4ebbce55a0dd4897e3/report.json
Terra,1,structured_ir:triton_layer_norm:intel_npu_4000,structured_ir,intel_npu_4000,triton_layer_norm,completed,1,True,True,True,0,0,75.0800929649995,72.9675288239996,27241,True,,/home/justin/npu-playground/runs/case-study-v2-recovered/repeat-001/20260917T000705Z/structured_ir/903952e0a2fd4a938b51a2d2595613b4/report.json
Terra,1,structured_ir_no_reuse:cuda_reduce_sum:amd_xdna2_npu2,structured_ir_no_reuse,amd_xdna2_npu2,cuda_reduce_sum,completed,3,False,True,True,0,2,235.21385628799908,216.94977464900148,88743,True,,/home/justin/npu-playground/runs/case-study-v2-recovered/repeat-001/20260917T000705Z/structured_ir_no_reuse/5ac71e34acf94bf9b6c17ad817decc4b/report.json
Terra,1,structured_ir_no_reuse:cuda_reduce_sum:intel_npu_4000,structured_ir_no_reuse,intel_npu_4000,cuda_reduce_sum,completed,1,True,True,True,0,0,32.2435627649993,29.899363880998862,22896,True,,/home/justin/npu-playground/runs/case-study-v2-recovered/repeat-001/20260917T000705Z/structured_ir_no_reuse/70782cc96bd8467594da6510aab250f9/report.json
Terra,1,structured_ir_no_reuse:cuda_tiled_matmul:amd_xdna2_npu2,structured_ir_no_reuse,amd_xdna2_npu2,cuda_tiled_matmul,failed,10,False,True,True,0,9,1155.4400253370004,1107.0555324499965,398495,True,numerical_mismatch,/home/justin/npu-playground/runs/case-study-v2-recovered/repeat-001/20260917T000705Z/structured_ir_no_reuse/9bc2c699588240c4a073306e3673cd1d/report.json
Terra,1,structured_ir_no_reuse:cuda_tiled_matmul:intel_npu_4000,structured_ir_no_reuse,intel_npu_4000,cuda_tiled_matmul,completed,1,True,True,True,0,0,27.285947513000792,22.094395866000923,22614,True,,/home/justin/npu-playground/runs/case-study-v2-recovered/repeat-001/20260917T000705Z/structured_ir_no_reuse/2f79260d745546d682ca4f770991e3bc/report.json
Terra,1,structured_ir_no_reuse:cuda_tiled_transpose:amd_xdna2_npu2,structured_ir_no_reuse,amd_xdna2_npu2,cuda_tiled_transpose,completed,3,False,True,True,0,2,271.9217856269988,255.40398108299814,103823,True,,/home/justin/npu-playground/runs/case-study-v2-recovered/repeat-001/20260917T000705Z/structured_ir_no_reuse/c3382bbf84084640b5b30df7b63b00d5/report.json
Terra,1,structured_ir_no_reuse:cuda_tiled_transpose:intel_npu_4000,structured_ir_no_reuse,intel_npu_4000,cuda_tiled_transpose,completed,1,True,True,True,0,0,27.367513752000377,24.04702416299915,22357,True,,/home/justin/npu-playground/runs/case-study-v2-recovered/repeat-001/20260917T000705Z/structured_ir_no_reuse/c0f2405b702c4f6a947b128e8e20478c/report.json
Terra,1,structured_ir_no_reuse:cuda_vector_add:amd_xdna2_npu2,structured_ir_no_reuse,amd_xdna2_npu2,cuda_vector_add,completed,1,True,True,True,0,0,72.7696486540026,66.32055622699954,25885,True,,/home/justin/npu-playground/runs/case-study-v2-recovered/repeat-001/20260917T000705Z/structured_ir_no_reuse/4758b8ccea4c428485c053f9b2b308c8/report.json
Terra,1,structured_ir_no_reuse:cuda_vector_add:intel_npu_4000,structured_ir_no_reuse,intel_npu_4000,cuda_vector_add,completed,1,True,True,True,0,0,28.65116807100094,26.58701575499981,22707,True,,/home/justin/npu-playground/runs/case-study-v2-recovered/repeat-001/20260917T000705Z/structured_ir_no_reuse/6414b82f7e694b648ecc104152e15c7b/report.json
Terra,1,structured_ir_no_reuse:hip_gamma_correction:amd_xdna2_npu2,structured_ir_no_reuse,amd_xdna2_npu2,hip_gamma_correction,completed,1,True,True,True,0,0,87.18380127800083,81.07492351399924,26683,True,,/home/justin/npu-playground/runs/case-study-v2-recovered/repeat-001/20260917T000705Z/structured_ir_no_reuse/996ffd1986834eca965df4a287e4e9ba/report.json
Terra,1,structured_ir_no_reuse:hip_gamma_correction:intel_npu_4000,structured_ir_no_reuse,intel_npu_4000,hip_gamma_correction,completed,1,True,True,True,0,0,36.79058503000124,34.052752755000256,23150,True,,/home/justin/npu-playground/runs/case-study-v2-recovered/repeat-001/20260917T000705Z/structured_ir_no_reuse/d5b468a72fd54a639430916585cf5877/report.json
Terra,1,structured_ir_no_reuse:hip_image_convolution:amd_xdna2_npu2,structured_ir_no_reuse,amd_xdna2_npu2,hip_image_convolution,completed,2,False,True,True,0,1,180.91457515500042,167.49051292600234,59405,True,,/home/justin/npu-playground/runs/case-study-v2-recovered/repeat-001/20260917T000705Z/structured_ir_no_reuse/e13be327948b437e9f04b671916d2d9e/report.json
Terra,1,structured_ir_no_reuse:hip_image_convolution:intel_npu_4000,structured_ir_no_reuse,intel_npu_4000,hip_image_convolution,completed,1,True,True,True,0,0,48.71547009100141,45.901764354999614,23967,True,,/home/justin/npu-playground/runs/case-study-v2-recovered/repeat-001/20260917T000705Z/structured_ir_no_reuse/133c03f1a0904566a990a2d097b2f63f/report.json
Terra,1,structured_ir_no_reuse:hip_moving_average:amd_xdna2_npu2,structured_ir_no_reuse,amd_xdna2_npu2,hip_moving_average,completed,4,False,True,True,0,3,344.0803287580002,330.5234184640012,127222,True,,/home/justin/npu-playground/runs/case-study-v2-recovered/repeat-001/20260917T000705Z/structured_ir_no_reuse/e29dea3b635c4251992c108b97c6ddd1/report.json
Terra,1,structured_ir_no_reuse:hip_moving_average:intel_npu_4000,structured_ir_no_reuse,intel_npu_4000,hip_moving_average,completed,1,True,True,True,0,0,54.867101086998446,52.459152762001395,24170,True,,/home/justin/npu-playground/runs/case-study-v2-recovered/repeat-001/20260917T000705Z/structured_ir_no_reuse/35a344b6ec314e80b1327ff9664a8eca/report.json
Terra,1,structured_ir_no_reuse:triton_fused_attention:amd_xdna2_npu2,structured_ir_no_reuse,amd_xdna2_npu2,triton_fused_attention,failed,10,False,True,True,0,9,1368.3121809149998,1310.8907452870026,528935,True,source_execution,/home/justin/npu-playground/runs/case-study-v2-recovered/repeat-001/20260917T000705Z/structured_ir_no_reuse/2b0e73640fbd477ab064d3ec44deb478/report.json
Terra,1,structured_ir_no_reuse:triton_fused_attention:intel_npu_4000,structured_ir_no_reuse,intel_npu_4000,triton_fused_attention,completed,2,False,True,True,0,1,162.26083367799947,159.33560954899986,62724,True,,/home/justin/npu-playground/runs/case-study-v2-recovered/repeat-001/20260917T000705Z/structured_ir_no_reuse/49e08327c9f84f5e8165c2a1eb7b4574/report.json
Terra,1,structured_ir_no_reuse:triton_fused_softmax:amd_xdna2_npu2,structured_ir_no_reuse,amd_xdna2_npu2,triton_fused_softmax,completed,1,True,True,True,0,0,99.5202718269993,92.27592971600097,27099,True,,/home/justin/npu-playground/runs/case-study-v2-recovered/repeat-001/20260917T000705Z/structured_ir_no_reuse/48d773cf00f14affbeaa48883f43f422/report.json
Terra,1,structured_ir_no_reuse:triton_fused_softmax:intel_npu_4000,structured_ir_no_reuse,intel_npu_4000,triton_fused_softmax,completed,1,True,True,True,0,0,38.37552069100093,35.645420932998604,23009,True,,/home/justin/npu-playground/runs/case-study-v2-recovered/repeat-001/20260917T000705Z/structured_ir_no_reuse/4d36a72561a9477ab684a16781b6ac86/report.json
Terra,1,structured_ir_no_reuse:triton_layer_norm:amd_xdna2_npu2,structured_ir_no_reuse,amd_xdna2_npu2,triton_layer_norm,completed,2,False,True,True,0,1,330.8712107810006,320.11693429000115,75729,True,,/home/justin/npu-playground/runs/case-study-v2-recovered/repeat-001/20260917T000705Z/structured_ir_no_reuse/ceddd5372d3c4026951df9771308f5b2/report.json
Terra,1,structured_ir_no_reuse:triton_layer_norm:intel_npu_4000,structured_ir_no_reuse,intel_npu_4000,triton_layer_norm,completed,1,True,True,True,0,0,56.8026941149983,54.689231234000545,26007,True,,/home/justin/npu-playground/runs/case-study-v2-recovered/repeat-001/20260917T000705Z/structured_ir_no_reuse/a5f38d16b4c14a79a59bce9777b8b9c9/report.json
Terra,1,structured_ir_no_validation:cuda_reduce_sum:amd_xdna2_npu2,structured_ir_no_validation,amd_xdna2_npu2,cuda_reduce_sum,completed,1,True,False,True,0,0,78.0336572060005,72.63366286599921,26060,True,,/home/justin/npu-playground/runs/case-study-v2-recovered/repeat-001/20260917T000705Z/structured_ir_no_validation/05337d3934bc483a9234148d5914ee9c/report.json
Terra,1,structured_ir_no_validation:cuda_reduce_sum:intel_npu_4000,structured_ir_no_validation,intel_npu_4000,cuda_reduce_sum,completed,1,True,False,True,0,0,33.68874545000108,31.088057843999195,22893,True,,/home/justin/npu-playground/runs/case-study-v2-recovered/repeat-001/20260917T000705Z/structured_ir_no_validation/5096ab79844942099e13b8e82d7d5119/report.json
Terra,1,structured_ir_no_validation:cuda_tiled_matmul:amd_xdna2_npu2,structured_ir_no_validation,amd_xdna2_npu2,cuda_tiled_matmul,completed,1,True,False,True,0,0,99.71654817799936,92.40023431900045,27604,True,,/home/justin/npu-playground/runs/case-study-v2-recovered/repeat-001/20260917T000705Z/structured_ir_no_validation/c6f7f90d7f154a5092b4856c53c56e7a/report.json
Terra,1,structured_ir_no_validation:cuda_tiled_matmul:intel_npu_4000,structured_ir_no_validation,intel_npu_4000,cuda_tiled_matmul,completed,1,True,False,True,0,0,35.85758168400025,33.760811735999596,23361,True,,/home/justin/npu-playground/runs/case-study-v2-recovered/repeat-001/20260917T000705Z/structured_ir_no_validation/0feab3cc054d41289ce3227381e6aa55/report.json
Terra,1,structured_ir_no_validation:cuda_tiled_transpose:amd_xdna2_npu2,structured_ir_no_validation,amd_xdna2_npu2,cuda_tiled_transpose,completed,2,False,False,True,0,1,212.45970728499924,200.76519807499972,49934,True,,/home/justin/npu-playground/runs/case-study-v2-recovered/repeat-001/20260917T000705Z/structured_ir_no_validation/d6f87ae68e504e29ba5a61c3c89859d0/report.json
Terra,1,structured_ir_no_validation:cuda_tiled_transpose:intel_npu_4000,structured_ir_no_validation,intel_npu_4000,cuda_tiled_transpose,completed,1,True,False,True,0,0,28.604098566000175,26.572458128999642,22627,True,,/home/justin/npu-playground/runs/case-study-v2-recovered/repeat-001/20260917T000705Z/structured_ir_no_validation/23dab513c1d24080ade602de97f9f34b/report.json
Terra,1,structured_ir_no_validation:cuda_vector_add:amd_xdna2_npu2,structured_ir_no_validation,amd_xdna2_npu2,cuda_vector_add,completed,3,False,False,True,0,2,172.87906748999922,154.93741110599876,58657,True,,/home/justin/npu-playground/runs/case-study-v2-recovered/repeat-001/20260917T000705Z/structured_ir_no_validation/134d2254025a4c5db37c13b2ef439dd9/report.json
Terra,1,structured_ir_no_validation:cuda_vector_add:intel_npu_4000,structured_ir_no_validation,intel_npu_4000,cuda_vector_add,completed,1,True,False,True,0,0,27.46600369099906,24.94099556600122,22625,True,,/home/justin/npu-playground/runs/case-study-v2-recovered/repeat-001/20260917T000705Z/structured_ir_no_validation/77c70abce0d74b4588d5e317b8106103/report.json
Terra,1,structured_ir_no_validation:hip_gamma_correction:amd_xdna2_npu2,structured_ir_no_validation,amd_xdna2_npu2,hip_gamma_correction,completed,6,False,False,True,0,5,339.3628217330006,308.13553783899806,110976,True,,/home/justin/npu-playground/runs/case-study-v2-recovered/repeat-001/20260917T000705Z/structured_ir_no_validation/f7a5053ddad54c09b4be17c62c9e80d2/report.json
Terra,1,structured_ir_no_validation:hip_gamma_correction:intel_npu_4000,structured_ir_no_validation,intel_npu_4000,hip_gamma_correction,completed,1,True,False,True,0,0,32.831918465000854,30.063912196001183,22920,True,,/home/justin/npu-playground/runs/case-study-v2-recovered/repeat-001/20260917T000705Z/structured_ir_no_validation/d149b00259904d9287797a0f921fc608/report.json
Terra,1,structured_ir_no_validation:hip_image_convolution:amd_xdna2_npu2,structured_ir_no_validation,amd_xdna2_npu2,hip_image_convolution,completed,1,True,False,True,0,0,111.13155945499966,104.56171278299917,28394,True,,/home/justin/npu-playground/runs/case-study-v2-recovered/repeat-001/20260917T000705Z/structured_ir_no_validation/651decc3630b4e3696f7ee78a870ff0b/report.json
Terra,1,structured_ir_no_validation:hip_image_convolution:intel_npu_4000,structured_ir_no_validation,intel_npu_4000,hip_image_convolution,completed,1,True,False,True,0,0,32.70555455900103,28.788745134999772,23103,True,,/home/justin/npu-playground/runs/case-study-v2-recovered/repeat-001/20260917T000705Z/structured_ir_no_validation/17379f9ba8f346c9b7d2adc5d868c402/report.json
Terra,1,structured_ir_no_validation:hip_moving_average:amd_xdna2_npu2,structured_ir_no_validation,amd_xdna2_npu2,hip_moving_average,completed,1,True,False,True,0,0,76.98061383700042,70.75555043500026,26116,True,,/home/justin/npu-playground/runs/case-study-v2-recovered/repeat-001/20260917T000705Z/structured_ir_no_validation/0d2a14903439486b990b17d620e87f87/report.json
Terra,1,structured_ir_no_validation:hip_moving_average:intel_npu_4000,structured_ir_no_validation,intel_npu_4000,hip_moving_average,completed,1,True,False,True,0,0,48.0882969100021,44.75259623999955,23698,True,,/home/justin/npu-playground/runs/case-study-v2-recovered/repeat-001/20260917T000705Z/structured_ir_no_validation/bcae56906dbb4f01acdb85c0b881ee6e/report.json
Terra,1,structured_ir_no_validation:triton_fused_attention:amd_xdna2_npu2,structured_ir_no_validation,amd_xdna2_npu2,triton_fused_attention,completed,5,False,False,True,0,4,511.6129119019988,482.7738488549985,125511,True,,/home/justin/npu-playground/runs/case-study-v2-recovered/repeat-001/20260917T000705Z/structured_ir_no_validation/ae41f86fb5144ac38b4db6e5015bab83/report.json
Terra,1,structured_ir_no_validation:triton_fused_attention:intel_npu_4000,structured_ir_no_validation,intel_npu_4000,triton_fused_attention,completed,1,True,False,True,0,0,76.44805876200007,73.47697741800039,25777,True,,/home/justin/npu-playground/runs/case-study-v2-recovered/repeat-001/20260917T000705Z/structured_ir_no_validation/bfc95b492ed74373b3d53593a520bd06/report.json
Terra,1,structured_ir_no_validation:triton_fused_softmax:amd_xdna2_npu2,structured_ir_no_validation,amd_xdna2_npu2,triton_fused_softmax,completed,2,False,False,True,0,1,137.11258470699977,128.9536038219976,42534,True,,/home/justin/npu-playground/runs/case-study-v2-recovered/repeat-001/20260917T000705Z/structured_ir_no_validation/9c755893349a40f7b0a15add59e89e4d/report.json
Terra,1,structured_ir_no_validation:triton_fused_softmax:intel_npu_4000,structured_ir_no_validation,intel_npu_4000,triton_fused_softmax,completed,1,True,False,True,0,0,44.390279508001186,42.11894044499968,23480,True,,/home/justin/npu-playground/runs/case-study-v2-recovered/repeat-001/20260917T000705Z/structured_ir_no_validation/78e655ad815945ad89267f67a39b6fc0/report.json
Terra,1,structured_ir_no_validation:triton_layer_norm:amd_xdna2_npu2,structured_ir_no_validation,amd_xdna2_npu2,triton_layer_norm,completed,3,False,False,True,0,2,307.38079220799773,291.2234417819982,76147,True,,/home/justin/npu-playground/runs/case-study-v2-recovered/repeat-001/20260917T000705Z/structured_ir_no_validation/21d2a5029e6a4d82b940779a5c4095a1/report.json
Terra,1,structured_ir_no_validation:triton_layer_norm:intel_npu_4000,structured_ir_no_validation,intel_npu_4000,triton_layer_norm,completed,1,True,False,True,0,0,75.9876532729977,73.58152005000193,27243,True,,/home/justin/npu-playground/runs/case-study-v2-recovered/repeat-001/20260917T000705Z/structured_ir_no_validation/dc531362e1f84c3d99f55566188c0437/report.json
Terra,2,baseline:cuda_reduce_sum:amd_xdna2_npu2,baseline,amd_xdna2_npu2,cuda_reduce_sum,completed,1,True,False,True,0,0,67.97790173500107,60.394377392000024,13998,True,,/home/justin/npu-playground/runs/case-study-v2-recovered/repeat-002/20260917T004403Z/baseline/be54a4764f364bdb9c3e1fafc0ea115f/report.json
Terra,2,baseline:cuda_reduce_sum:intel_npu_4000,baseline,intel_npu_4000,cuda_reduce_sum,completed,1,True,False,True,0,0,20.300625990999833,16.01650692899966,10648,True,,/home/justin/npu-playground/runs/case-study-v2-recovered/repeat-002/20260917T004403Z/baseline/5811c336d27a4231a89aeab8c64bbd4b/report.json
Terra,2,baseline:cuda_tiled_matmul:amd_xdna2_npu2,baseline,amd_xdna2_npu2,cuda_tiled_matmul,completed,2,False,False,True,0,1,169.70778962799886,158.83305619300154,32133,True,,/home/justin/npu-playground/runs/case-study-v2-recovered/repeat-002/20260917T004403Z/baseline/3ba615e218c14a63ac2b1cfda061468b/report.json
Terra,2,baseline:cuda_tiled_matmul:intel_npu_4000,baseline,intel_npu_4000,cuda_tiled_matmul,completed,1,True,False,True,0,0,19.17378512799951,16.180207400000654,10803,True,,/home/justin/npu-playground/runs/case-study-v2-recovered/repeat-002/20260917T004403Z/baseline/a9f84cf565d94191baffd67afa44ade2/report.json
Terra,2,baseline:cuda_tiled_transpose:amd_xdna2_npu2,baseline,amd_xdna2_npu2,cuda_tiled_transpose,completed,1,True,False,True,0,0,95.03080221399978,87.48030508800002,15561,True,,/home/justin/npu-playground/runs/case-study-v2-recovered/repeat-002/20260917T004403Z/baseline/5a59fed8773c4357b8e07eced54a34ca/report.json
Terra,2,baseline:cuda_tiled_transpose:intel_npu_4000,baseline,intel_npu_4000,cuda_tiled_transpose,completed,1,True,False,True,0,0,21.997956997000074,17.942684177000046,10767,True,,/home/justin/npu-playground/runs/case-study-v2-recovered/repeat-002/20260917T004403Z/baseline/a131c122e1be41239fe1cfddf51d6d04/report.json
Terra,2,baseline:cuda_vector_add:amd_xdna2_npu2,baseline,amd_xdna2_npu2,cuda_vector_add,completed,2,False,False,True,0,1,143.0732469650011,132.1476004219985,30661,True,,/home/justin/npu-playground/runs/case-study-v2-recovered/repeat-002/20260917T004403Z/baseline/ec0f83706f3e467fabbb5c8deb9dfeca/report.json
Terra,2,baseline:cuda_vector_add:intel_npu_4000,baseline,intel_npu_4000,cuda_vector_add,completed,1,True,False,True,0,0,18.876179560998935,15.516999315999783,10598,True,,/home/justin/npu-playground/runs/case-study-v2-recovered/repeat-002/20260917T004403Z/baseline/10ca64aeff984376bfef275d4b53f247/report.json
Terra,2,baseline:hip_gamma_correction:amd_xdna2_npu2,baseline,amd_xdna2_npu2,hip_gamma_correction,completed,2,False,False,True,0,1,169.34757969100065,158.91736899100033,31631,True,,/home/justin/npu-playground/runs/case-study-v2-recovered/repeat-002/20260917T004403Z/baseline/d9f440bc91e340a0b01834b860abb990/report.json
Terra,2,baseline:hip_gamma_correction:intel_npu_4000,baseline,intel_npu_4000,hip_gamma_correction,completed,1,True,False,True,0,0,21.684463220999532,18.86193016800098,10752,True,,/home/justin/npu-playground/runs/case-study-v2-recovered/repeat-002/20260917T004403Z/baseline/57e67ff593fa4092bfde8e0f68d71f72/report.json
Terra,2,baseline:hip_image_convolution:amd_xdna2_npu2,baseline,amd_xdna2_npu2,hip_image_convolution,completed,2,False,False,True,0,1,159.27523797899994,149.47723050899913,32276,True,,/home/justin/npu-playground/runs/case-study-v2-recovered/repeat-002/20260917T004403Z/baseline/7976108cf2cd4f0d9a8860fda26e8e99/report.json
Terra,2,baseline:hip_image_convolution:intel_npu_4000,baseline,intel_npu_4000,hip_image_convolution,completed,1,True,False,True,0,0,17.05722061400047,13.947514941000918,10657,True,,/home/justin/npu-playground/runs/case-study-v2-recovered/repeat-002/20260917T004403Z/baseline/af6018afc09645c3a8508d75cb2dfe41/report.json
Terra,2,baseline:hip_moving_average:amd_xdna2_npu2,baseline,amd_xdna2_npu2,hip_moving_average,completed,1,True,False,True,0,0,61.53279864099932,54.75668194300124,13736,True,,/home/justin/npu-playground/runs/case-study-v2-recovered/repeat-002/20260917T004403Z/baseline/d317d22906bf4e69adc3061e8fc152a2/report.json
Terra,2,baseline:hip_moving_average:intel_npu_4000,baseline,intel_npu_4000,hip_moving_average,completed,1,True,False,True,0,0,51.2193541509987,48.451202618000025,12434,True,,/home/justin/npu-playground/runs/case-study-v2-recovered/repeat-002/20260917T004403Z/baseline/5ff4cfd172cd44bf8538e74ea0795269/report.json
Terra,2,baseline:triton_fused_attention:amd_xdna2_npu2,baseline,amd_xdna2_npu2,triton_fused_attention,failed,10,False,False,True,0,9,1227.7503478709987,1162.2748665260024,288591,True,target_compile,/home/justin/npu-playground/runs/case-study-v2-recovered/repeat-002/20260917T004403Z/baseline/6d395f2501c144cc85439b46ec252011/report.json
Terra,2,baseline:triton_fused_attention:intel_npu_4000,baseline,intel_npu_4000,triton_fused_attention,completed,2,False,False,True,0,1,47.25323900500007,40.79326921499887,23092,True,,/home/justin/npu-playground/runs/case-study-v2-recovered/repeat-002/20260917T004403Z/baseline/05e9f9e7f439473dbb280d47b17ea8fd/report.json
Terra,2,baseline:triton_fused_softmax:amd_xdna2_npu2,baseline,amd_xdna2_npu2,triton_fused_softmax,completed,4,False,False,True,0,3,202.9531318699992,181.93399511799907,58867,True,,/home/justin/npu-playground/runs/case-study-v2-recovered/repeat-002/20260917T004403Z/baseline/d19c30949fd840b588fc0e4fce13bc6e/report.json
Terra,2,baseline:triton_fused_softmax:intel_npu_4000,baseline,intel_npu_4000,triton_fused_softmax,completed,1,True,False,True,0,0,15.93742129400016,12.728486235999299,10446,True,,/home/justin/npu-playground/runs/case-study-v2-recovered/repeat-002/20260917T004403Z/baseline/e5ad5c8a7aac465cb8df26cead031339/report.json
Terra,2,baseline:triton_layer_norm:amd_xdna2_npu2,baseline,amd_xdna2_npu2,triton_layer_norm,completed,6,False,False,True,0,5,551.1575849630008,513.1688143380015,106783,True,,/home/justin/npu-playground/runs/case-study-v2-recovered/repeat-002/20260917T004403Z/baseline/f225f2b7346f4df78382883c6285863b/report.json
Terra,2,baseline:triton_layer_norm:intel_npu_4000,baseline,intel_npu_4000,triton_layer_norm,completed,1,True,False,True,0,0,33.67858957600038,30.369777305000753,11677,True,,/home/justin/npu-playground/runs/case-study-v2-recovered/repeat-002/20260917T004403Z/baseline/3709fda8242c4511bac69f0133bf6efd/report.json
Terra,2,hinted_ir:cuda_reduce_sum:amd_xdna2_npu2,hinted_ir,amd_xdna2_npu2,cuda_reduce_sum,completed,1,True,False,True,0,0,88.57309127500048,81.43733162499848,24998,True,,/home/justin/npu-playground/runs/case-study-v2-recovered/repeat-002/20260917T004403Z/hinted_ir/55adf1a59b0f44f3a6540b972ef5a60d/report.json
Terra,2,hinted_ir:cuda_reduce_sum:intel_npu_4000,hinted_ir,intel_npu_4000,cuda_reduce_sum,completed,1,True,False,True,0,0,43.18075721800051,40.33751101300004,21825,True,,/home/justin/npu-playground/runs/case-study-v2-recovered/repeat-002/20260917T004403Z/hinted_ir/81783a41b8a74620af0b21e1c27d21e2/report.json
Terra,2,hinted_ir:cuda_tiled_matmul:amd_xdna2_npu2,hinted_ir,amd_xdna2_npu2,cuda_tiled_matmul,completed,2,False,False,True,0,1,174.4039250449987,164.97079016299904,55353,True,,/home/justin/npu-playground/runs/case-study-v2-recovered/repeat-002/20260917T004403Z/hinted_ir/590702e929a14f06a1533f855b5cc1a0/report.json
Terra,2,hinted_ir:cuda_tiled_matmul:intel_npu_4000,hinted_ir,intel_npu_4000,cuda_tiled_matmul,completed,2,False,False,True,0,1,72.50201345499954,69.07874725399961,45512,True,,/home/justin/npu-playground/runs/case-study-v2-recovered/repeat-002/20260917T004403Z/hinted_ir/4d86da5b37b141dc8b0ff09b80cbb76e/report.json
Terra,2,hinted_ir:cuda_tiled_transpose:amd_xdna2_npu2,hinted_ir,amd_xdna2_npu2,cuda_tiled_transpose,completed,3,False,False,True,0,2,323.96969493800134,305.2999388039989,102483,True,,/home/justin/npu-playground/runs/case-study-v2-recovered/repeat-002/20260917T004403Z/hinted_ir/3bfc3ccdcfab46eda21d885a498b0e32/report.json
Terra,2,hinted_ir:cuda_tiled_transpose:intel_npu_4000,hinted_ir,intel_npu_4000,cuda_tiled_transpose,completed,1,True,False,True,0,0,30.88280506599949,28.03999388400007,20880,True,,/home/justin/npu-playground/runs/case-study-v2-recovered/repeat-002/20260917T004403Z/hinted_ir/d8495b92f56c498e933510c1b643941f/report.json
Terra,2,hinted_ir:cuda_vector_add:amd_xdna2_npu2,hinted_ir,amd_xdna2_npu2,cuda_vector_add,completed,1,True,False,True,0,0,99.06375829399985,91.37210506700103,25474,True,,/home/justin/npu-playground/runs/case-study-v2-recovered/repeat-002/20260917T004403Z/hinted_ir/845c5aa8d24840bab1023e156d62f706/report.json
Terra,2,hinted_ir:cuda_vector_add:intel_npu_4000,hinted_ir,intel_npu_4000,cuda_vector_add,completed,1,True,False,True,0,0,36.014302244000646,33.09712938899975,21212,True,,/home/justin/npu-playground/runs/case-study-v2-recovered/repeat-002/20260917T004403Z/hinted_ir/ea5f7214086b43d1a869b1a3ddc38035/report.json
Terra,2,hinted_ir:hip_gamma_correction:amd_xdna2_npu2,hinted_ir,amd_xdna2_npu2,hip_gamma_correction,completed,2,False,False,True,0,1,221.6100629470002,208.45484786700217,70425,True,,/home/justin/npu-playground/runs/case-study-v2-recovered/repeat-002/20260917T004403Z/hinted_ir/bc5f8702c44e474b9dd3602c80c149fb/report.json
Terra,2,hinted_ir:hip_gamma_correction:intel_npu_4000,hinted_ir,intel_npu_4000,hip_gamma_correction,completed,1,True,False,True,0,0,29.314300919000743,26.688315003999378,20718,True,,/home/justin/npu-playground/runs/case-study-v2-recovered/repeat-002/20260917T004403Z/hinted_ir/9983893721244443bb3d5cb8b575c49b/report.json
Terra,2,hinted_ir:hip_image_convolution:amd_xdna2_npu2,hinted_ir,amd_xdna2_npu2,hip_image_convolution,completed,1,True,False,True,0,0,99.24670909400083,92.89532522500122,25932,True,,/home/justin/npu-playground/runs/case-study-v2-recovered/repeat-002/20260917T004403Z/hinted_ir/1cd5cfb6969f4b2c84cebecebba39993/report.json
Terra,2,hinted_ir:hip_image_convolution:intel_npu_4000,hinted_ir,intel_npu_4000,hip_image_convolution,completed,1,True,False,True,0,0,34.2841812530005,31.55516083600014,21390,True,,/home/justin/npu-playground/runs/case-study-v2-recovered/repeat-002/20260917T004403Z/hinted_ir/6eef02d37c474bad95f5fa0b943071eb/report.json
Terra,2,hinted_ir:hip_moving_average:amd_xdna2_npu2,hinted_ir,amd_xdna2_npu2,hip_moving_average,completed,1,True,False,True,0,0,76.68849555999986,68.52376118700158,23961,True,,/home/justin/npu-playground/runs/case-study-v2-recovered/repeat-002/20260917T004403Z/hinted_ir/0688668dfbd343be869cbf0588dee1c2/report.json
Terra,2,hinted_ir:hip_moving_average:intel_npu_4000,hinted_ir,intel_npu_4000,hip_moving_average,completed,1,True,False,True,0,0,47.0773023870006,44.15876280500015,21806,True,,/home/justin/npu-playground/runs/case-study-v2-recovered/repeat-002/20260917T004403Z/hinted_ir/f6675dfc2f524f8eb5be75d373c72ebc/report.json
Terra,2,hinted_ir:triton_fused_attention:amd_xdna2_npu2,hinted_ir,amd_xdna2_npu2,triton_fused_attention,completed,4,False,False,True,0,3,520.8633351589997,495.8708024230018,135702,True,,/home/justin/npu-playground/runs/case-study-v2-recovered/repeat-002/20260917T004403Z/hinted_ir/447266263a3f453eaa8dbc213ed114a9/report.json
Terra,2,hinted_ir:triton_fused_attention:intel_npu_4000,hinted_ir,intel_npu_4000,triton_fused_attention,completed,1,True,False,True,0,0,43.77827902399986,40.89406885700191,22223,True,,/home/justin/npu-playground/runs/case-study-v2-recovered/repeat-002/20260917T004403Z/hinted_ir/0b3d7738797d4311bbeca9d36022bdcf/report.json
Terra,2,hinted_ir:triton_fused_softmax:amd_xdna2_npu2,hinted_ir,amd_xdna2_npu2,triton_fused_softmax,completed,1,True,False,True,0,0,83.88910460999978,76.7392192369989,24382,True,,/home/justin/npu-playground/runs/case-study-v2-recovered/repeat-002/20260917T004403Z/hinted_ir/fe9b5b5badc045c796bc0baa9c6d96fc/report.json
Terra,2,hinted_ir:triton_fused_softmax:intel_npu_4000,hinted_ir,intel_npu_4000,triton_fused_softmax,completed,1,True,False,True,0,0,35.65484611199827,32.71523537599933,21071,True,,/home/justin/npu-playground/runs/case-study-v2-recovered/repeat-002/20260917T004403Z/hinted_ir/23fac960d0cb44169034218af5e98008/report.json
Terra,2,hinted_ir:triton_layer_norm:amd_xdna2_npu2,hinted_ir,amd_xdna2_npu2,triton_layer_norm,completed,3,False,False,True,0,2,315.3988009040004,295.204515827003,91467,True,,/home/justin/npu-playground/runs/case-study-v2-recovered/repeat-002/20260917T004403Z/hinted_ir/ecc529f7d162466a98969b92953de06e/report.json
Terra,2,hinted_ir:triton_layer_norm:intel_npu_4000,hinted_ir,intel_npu_4000,triton_layer_norm,completed,2,False,False,True,0,1,89.9807048670009,86.42160380600035,46687,True,,/home/justin/npu-playground/runs/case-study-v2-recovered/repeat-002/20260917T004403Z/hinted_ir/869b942b2ecc445e8bcf8e82a99f694a/report.json
Terra,2,structured_ir:cuda_reduce_sum:amd_xdna2_npu2,structured_ir,amd_xdna2_npu2,cuda_reduce_sum,completed,1,True,True,True,0,0,83.18356604700057,75.50393746500049,26283,True,,/home/justin/npu-playground/runs/case-study-v2-recovered/repeat-002/20260917T004403Z/structured_ir/90e6335df10747629712119c04f64ff0/report.json
Terra,2,structured_ir:cuda_reduce_sum:intel_npu_4000,structured_ir,intel_npu_4000,cuda_reduce_sum,completed,1,True,True,True,0,0,35.03666426299969,32.79289531499853,23012,True,,/home/justin/npu-playground/runs/case-study-v2-recovered/repeat-002/20260917T004403Z/structured_ir/126aff1cc42942e289f376d63fce0155/report.json
Terra,2,structured_ir:cuda_tiled_matmul:amd_xdna2_npu2,structured_ir,amd_xdna2_npu2,cuda_tiled_matmul,completed,1,True,True,True,0,0,91.145980487001,83.5428773929998,27041,True,,/home/justin/npu-playground/runs/case-study-v2-recovered/repeat-002/20260917T004403Z/structured_ir/ef5745e8712b449e86a72140e0e81e0d/report.json
Terra,2,structured_ir:cuda_tiled_matmul:intel_npu_4000,structured_ir,intel_npu_4000,cuda_tiled_matmul,completed,1,True,True,True,0,0,32.34875246699994,29.62223804000132,23122,True,,/home/justin/npu-playground/runs/case-study-v2-recovered/repeat-002/20260917T004403Z/structured_ir/ca3c9397a6a247bea7e96d0bbb754165/report.json
Terra,2,structured_ir:cuda_tiled_transpose:amd_xdna2_npu2,structured_ir,amd_xdna2_npu2,cuda_tiled_transpose,completed,3,False,True,True,0,2,283.9910151439999,269.9633069909996,70048,True,,/home/justin/npu-playground/runs/case-study-v2-recovered/repeat-002/20260917T004403Z/structured_ir/8f65161769564733928bc5de049f1797/report.json
Terra,2,structured_ir:cuda_tiled_transpose:intel_npu_4000,structured_ir,intel_npu_4000,cuda_tiled_transpose,completed,1,True,True,True,0,0,36.934984698000335,34.09389453499898,22824,True,,/home/justin/npu-playground/runs/case-study-v2-recovered/repeat-002/20260917T004403Z/structured_ir/762297ee86af4594a536b44a324b2a4b/report.json
Terra,2,structured_ir:cuda_vector_add:amd_xdna2_npu2,structured_ir,amd_xdna2_npu2,cuda_vector_add,completed,1,True,True,True,0,0,107.64784740399955,100.52557001199966,27765,True,,/home/justin/npu-playground/runs/case-study-v2-recovered/repeat-002/20260917T004403Z/structured_ir/8663cd20fd3645d8ae280e8d809cd040/report.json
Terra,2,structured_ir:cuda_vector_add:intel_npu_4000,structured_ir,intel_npu_4000,cuda_vector_add,completed,1,True,True,True,0,0,28.517789602999983,25.74245612800223,22671,True,,/home/justin/npu-playground/runs/case-study-v2-recovered/repeat-002/20260917T004403Z/structured_ir/f9a607a3c5c84e9bb280b9e7c6efd26e/report.json
Terra,2,structured_ir:hip_gamma_correction:amd_xdna2_npu2,structured_ir,amd_xdna2_npu2,hip_gamma_correction,completed,2,False,True,True,0,1,195.99907733600048,181.40352453500054,48402,True,,/home/justin/npu-playground/runs/case-study-v2-recovered/repeat-002/20260917T004403Z/structured_ir/d2556e32e5f14990883bbb2fc43f18f2/report.json
Terra,2,structured_ir:hip_gamma_correction:intel_npu_4000,structured_ir,intel_npu_4000,hip_gamma_correction,completed,1,True,True,True,0,0,31.83699157599949,29.042228485999658,22852,True,,/home/justin/npu-playground/runs/case-study-v2-recovered/repeat-002/20260917T004403Z/structured_ir/d65df62bb9a549c593c2b2f6e2ac27a1/report.json
Terra,2,structured_ir:hip_image_convolution:amd_xdna2_npu2,structured_ir,amd_xdna2_npu2,hip_image_convolution,completed,1,True,True,True,0,0,85.2080103469998,79.34150764200058,26798,True,,/home/justin/npu-playground/runs/case-study-v2-recovered/repeat-002/20260917T004403Z/structured_ir/5b572f15ff5f41c4962d38e01a55d4bc/report.json
Terra,2,structured_ir:hip_image_convolution:intel_npu_4000,structured_ir,intel_npu_4000,hip_image_convolution,completed,1,True,True,True,0,0,38.069936819998475,35.598222143000385,23392,True,,/home/justin/npu-playground/runs/case-study-v2-recovered/repeat-002/20260917T004403Z/structured_ir/ad48da19bce2482094e42c544f1bc587/report.json
Terra,2,structured_ir:hip_moving_average:amd_xdna2_npu2,structured_ir,amd_xdna2_npu2,hip_moving_average,completed,2,False,True,True,0,1,265.25819374800085,253.2563152599996,53196,True,,/home/justin/npu-playground/runs/case-study-v2-recovered/repeat-002/20260917T004403Z/structured_ir/411ffbd9b6724710aeae7285065464f0/report.json
Terra,2,structured_ir:hip_moving_average:intel_npu_4000,structured_ir,intel_npu_4000,hip_moving_average,completed,1,True,True,True,0,0,84.31921145999877,81.15368237599978,25674,True,,/home/justin/npu-playground/runs/case-study-v2-recovered/repeat-002/20260917T004403Z/structured_ir/b4bea836d601420b8351f091ac5ebc92/report.json
Terra,2,structured_ir:triton_fused_attention:amd_xdna2_npu2,structured_ir,amd_xdna2_npu2,triton_fused_attention,completed,8,False,True,True,0,7,852.5999531060006,807.2678745159974,178369,True,,/home/justin/npu-playground/runs/case-study-v2-recovered/repeat-002/20260917T004403Z/structured_ir/edda1040a99e44b09ccecfa36196e5f4/report.json
Terra,2,structured_ir:triton_fused_attention:intel_npu_4000,structured_ir,intel_npu_4000,triton_fused_attention,completed,1,True,True,True,0,0,90.19118858199909,87.63217238600191,28185,True,,/home/justin/npu-playground/runs/case-study-v2-recovered/repeat-002/20260917T004403Z/structured_ir/9f691911dd3e41ba881ad573581f1dea/report.json
Terra,2,structured_ir:triton_fused_softmax:amd_xdna2_npu2,structured_ir,amd_xdna2_npu2,triton_fused_softmax,completed,2,False,True,True,0,1,99.63805843800037,89.91541605200109,40421,True,,/home/justin/npu-playground/runs/case-study-v2-recovered/repeat-002/20260917T004403Z/structured_ir/aeeaffeb31f247a180af2e80a159cca6/report.json
Terra,2,structured_ir:triton_fused_softmax:intel_npu_4000,structured_ir,intel_npu_4000,triton_fused_softmax,completed,1,True,True,True,0,0,26.189485068000067,23.50742519999949,22304,True,,/home/justin/npu-playground/runs/case-study-v2-recovered/repeat-002/20260917T004403Z/structured_ir/ce56c384f334431d8b39e2b868b0fd24/report.json
Terra,2,structured_ir:triton_layer_norm:amd_xdna2_npu2,structured_ir,amd_xdna2_npu2,triton_layer_norm,completed,2,False,True,True,0,1,261.56383286600067,245.67707510900073,55775,True,,/home/justin/npu-playground/runs/case-study-v2-recovered/repeat-002/20260917T004403Z/structured_ir/f10403d15c3f4e9aba46a387bb40a9e1/report.json
Terra,2,structured_ir:triton_layer_norm:intel_npu_4000,structured_ir,intel_npu_4000,triton_layer_norm,completed,1,True,True,True,0,0,65.12285637900095,62.12690400899919,26622,True,,/home/justin/npu-playground/runs/case-study-v2-recovered/repeat-002/20260917T004403Z/structured_ir/e1e427c7970a4bf0b2c965fd9069191b/report.json
Terra,2,structured_ir_no_reuse:cuda_reduce_sum:amd_xdna2_npu2,structured_ir_no_reuse,amd_xdna2_npu2,cuda_reduce_sum,completed,1,True,True,True,0,0,100.17364956300116,93.76752699700046,27331,True,,/home/justin/npu-playground/runs/case-study-v2-recovered/repeat-002/20260917T004403Z/structured_ir_no_reuse/26d9bf1e538e488dbead4d459f0a3f77/report.json
Terra,2,structured_ir_no_reuse:cuda_reduce_sum:intel_npu_4000,structured_ir_no_reuse,intel_npu_4000,cuda_reduce_sum,completed,1,True,True,True,0,0,34.925532031998955,31.779438875999404,22933,True,,/home/justin/npu-playground/runs/case-study-v2-recovered/repeat-002/20260917T004403Z/structured_ir_no_reuse/2113f8dda9b54355b8b98a922575b282/report.json
Terra,2,structured_ir_no_reuse:cuda_tiled_matmul:amd_xdna2_npu2,structured_ir_no_reuse,amd_xdna2_npu2,cuda_tiled_matmul,completed,1,True,True,True,0,0,116.77316437400077,107.7596089610015,28367,True,,/home/justin/npu-playground/runs/case-study-v2-recovered/repeat-002/20260917T004403Z/structured_ir_no_reuse/e0043313420240c789012a3a62e204e3/report.json
Terra,2,structured_ir_no_reuse:cuda_tiled_matmul:intel_npu_4000,structured_ir_no_reuse,intel_npu_4000,cuda_tiled_matmul,completed,1,True,True,True,0,0,31.495736815999408,28.937424014999124,22997,True,,/home/justin/npu-playground/runs/case-study-v2-recovered/repeat-002/20260917T004403Z/structured_ir_no_reuse/098334d03bb241cda7565654d0f1e314/report.json
Terra,2,structured_ir_no_reuse:cuda_tiled_transpose:amd_xdna2_npu2,structured_ir_no_reuse,amd_xdna2_npu2,cuda_tiled_transpose,completed,1,True,True,True,0,0,88.87324233399886,80.38964236899847,26468,True,,/home/justin/npu-playground/runs/case-study-v2-recovered/repeat-002/20260917T004403Z/structured_ir_no_reuse/4cd65c68c5d84e37b1995cb41c7ebdd6/report.json
Terra,2,structured_ir_no_reuse:cuda_tiled_transpose:intel_npu_4000,structured_ir_no_reuse,intel_npu_4000,cuda_tiled_transpose,completed,1,True,True,True,0,0,29.015231018000122,26.5327780660009,22486,True,,/home/justin/npu-playground/runs/case-study-v2-recovered/repeat-002/20260917T004403Z/structured_ir_no_reuse/96b362fd991e45e8883305d66378d0c9/report.json
Terra,2,structured_ir_no_reuse:cuda_vector_add:amd_xdna2_npu2,structured_ir_no_reuse,amd_xdna2_npu2,cuda_vector_add,completed,1,True,True,True,0,0,106.14234384799965,98.80414400999871,27583,True,,/home/justin/npu-playground/runs/case-study-v2-recovered/repeat-002/20260917T004403Z/structured_ir_no_reuse/89f341a40fa84b9caacf9bc3546c5161/report.json
Terra,2,structured_ir_no_reuse:cuda_vector_add:intel_npu_4000,structured_ir_no_reuse,intel_npu_4000,cuda_vector_add,completed,1,True,True,True,0,0,28.172083273999306,24.7983992820009,22570,True,,/home/justin/npu-playground/runs/case-study-v2-recovered/repeat-002/20260917T004403Z/structured_ir_no_reuse/f032860cd428445688ed6cec161326bd/report.json
Terra,2,structured_ir_no_reuse:hip_gamma_correction:amd_xdna2_npu2,structured_ir_no_reuse,amd_xdna2_npu2,hip_gamma_correction,completed,1,True,True,True,0,0,88.306058872,80.57867215999977,26558,True,,/home/justin/npu-playground/runs/case-study-v2-recovered/repeat-002/20260917T004403Z/structured_ir_no_reuse/622d6c1661f74ab4969f0029d00838d4/report.json
Terra,2,structured_ir_no_reuse:hip_gamma_correction:intel_npu_4000,structured_ir_no_reuse,intel_npu_4000,hip_gamma_correction,completed,1,True,True,True,0,0,44.12944285699996,41.671750093997616,23505,True,,/home/justin/npu-playground/runs/case-study-v2-recovered/repeat-002/20260917T004403Z/structured_ir_no_reuse/f3b57f172a4744ab9f302c3032bcf7c4/report.json
Terra,2,structured_ir_no_reuse:hip_image_convolution:amd_xdna2_npu2,structured_ir_no_reuse,amd_xdna2_npu2,hip_image_convolution,completed,2,False,True,True,0,1,189.29454570100097,177.4573214029988,60212,True,,/home/justin/npu-playground/runs/case-study-v2-recovered/repeat-002/20260917T004403Z/structured_ir_no_reuse/bdfb8ce532524100958dec998a014220/report.json
Terra,2,structured_ir_no_reuse:hip_image_convolution:intel_npu_4000,structured_ir_no_reuse,intel_npu_4000,hip_image_convolution,completed,1,True,True,True,0,0,35.12592795099954,31.860954246998517,23378,True,,/home/justin/npu-playground/runs/case-study-v2-recovered/repeat-002/20260917T004403Z/structured_ir_no_reuse/007a8a9eb66645ff8a784839f6f2db09/report.json
Terra,2,structured_ir_no_reuse:hip_moving_average:amd_xdna2_npu2,structured_ir_no_reuse,amd_xdna2_npu2,hip_moving_average,completed,2,False,True,True,0,1,212.2984079580001,200.12665095100056,64080,True,,/home/justin/npu-playground/runs/case-study-v2-recovered/repeat-002/20260917T004403Z/structured_ir_no_reuse/dd1c02e5e23549dd9f3a1d8d2f8655d2/report.json
Terra,2,structured_ir_no_reuse:hip_moving_average:intel_npu_4000,structured_ir_no_reuse,intel_npu_4000,hip_moving_average,completed,1,True,True,True,0,0,80.03186128800007,77.41299266799797,25327,True,,/home/justin/npu-playground/runs/case-study-v2-recovered/repeat-002/20260917T004403Z/structured_ir_no_reuse/f243f3ca146e4b5d96514057b03c989f/report.json
Terra,2,structured_ir_no_reuse:triton_fused_attention:amd_xdna2_npu2,structured_ir_no_reuse,amd_xdna2_npu2,triton_fused_attention,completed,6,False,True,True,0,5,999.8171516840011,965.2590917910038,335859,True,,/home/justin/npu-playground/runs/case-study-v2-recovered/repeat-002/20260917T004403Z/structured_ir_no_reuse/4a692633ce3f4157864e67494829cf4a/report.json
Terra,2,structured_ir_no_reuse:triton_fused_attention:intel_npu_4000,structured_ir_no_reuse,intel_npu_4000,triton_fused_attention,completed,1,True,True,True,0,0,131.2234260209989,128.44615064599748,30578,True,,/home/justin/npu-playground/runs/case-study-v2-recovered/repeat-002/20260917T004403Z/structured_ir_no_reuse/0dfe95538d0e4f9d835284e3bf1f4e81/report.json
Terra,2,structured_ir_no_reuse:triton_fused_softmax:amd_xdna2_npu2,structured_ir_no_reuse,amd_xdna2_npu2,triton_fused_softmax,completed,1,True,True,True,0,0,83.29954957900009,76.20902333999948,26889,True,,/home/justin/npu-playground/runs/case-study-v2-recovered/repeat-002/20260917T004403Z/structured_ir_no_reuse/4dd913129ce44706a6838eb4bcc1dbfc/report.json
Terra,2,structured_ir_no_reuse:triton_fused_softmax:intel_npu_4000,structured_ir_no_reuse,intel_npu_4000,triton_fused_softmax,completed,1,True,True,True,0,0,45.0659704539994,42.154893861001256,24023,True,,/home/justin/npu-playground/runs/case-study-v2-recovered/repeat-002/20260917T004403Z/structured_ir_no_reuse/9f48790f0e004bbc8b849781470bc547/report.json
Terra,2,structured_ir_no_reuse:triton_layer_norm:amd_xdna2_npu2,structured_ir_no_reuse,amd_xdna2_npu2,triton_layer_norm,completed,2,False,True,True,0,1,263.15125044600063,250.66016833900176,71814,True,,/home/justin/npu-playground/runs/case-study-v2-recovered/repeat-002/20260917T004403Z/structured_ir_no_reuse/262c7203c14541c1a8cf3af5526be518/report.json
Terra,2,structured_ir_no_reuse:triton_layer_norm:intel_npu_4000,structured_ir_no_reuse,intel_npu_4000,triton_layer_norm,completed,1,True,True,True,0,0,59.82221086399841,56.45759398500013,26339,True,,/home/justin/npu-playground/runs/case-study-v2-recovered/repeat-002/20260917T004403Z/structured_ir_no_reuse/9dd06c0342214406b777779c6c0b3dec/report.json
Terra,2,structured_ir_no_validation:cuda_reduce_sum:amd_xdna2_npu2,structured_ir_no_validation,amd_xdna2_npu2,cuda_reduce_sum,completed,1,True,False,True,0,0,94.0932251109989,87.06555550199846,26991,True,,/home/justin/npu-playground/runs/case-study-v2-recovered/repeat-002/20260917T004403Z/structured_ir_no_validation/8f6cf730b2f14d0d94e1bf628c1e44a9/report.json
Terra,2,structured_ir_no_validation:cuda_reduce_sum:intel_npu_4000,structured_ir_no_validation,intel_npu_4000,cuda_reduce_sum,completed,1,True,False,True,0,0,31.9421592460003,29.66366104699955,22863,True,,/home/justin/npu-playground/runs/case-study-v2-recovered/repeat-002/20260917T004403Z/structured_ir_no_validation/47282c4c75294ef883af13c518c2a563/report.json
Terra,2,structured_ir_no_validation:cuda_tiled_matmul:amd_xdna2_npu2,structured_ir_no_validation,amd_xdna2_npu2,cuda_tiled_matmul,completed,2,False,False,True,0,1,124.11848716599889,115.47951696499877,42668,True,,/home/justin/npu-playground/runs/case-study-v2-recovered/repeat-002/20260917T004403Z/structured_ir_no_validation/9a00d28105314ed69a35094b26821097/report.json
Terra,2,structured_ir_no_validation:cuda_tiled_matmul:intel_npu_4000,structured_ir_no_validation,intel_npu_4000,cuda_tiled_matmul,completed,1,True,False,True,0,0,35.7753212380012,33.16795301699858,23183,True,,/home/justin/npu-playground/runs/case-study-v2-recovered/repeat-002/20260917T004403Z/structured_ir_no_validation/f4873943fc7e4d2e8d5ded7865146910/report.json
Terra,2,structured_ir_no_validation:cuda_tiled_transpose:amd_xdna2_npu2,structured_ir_no_validation,amd_xdna2_npu2,cuda_tiled_transpose,completed,1,True,False,True,0,0,80.64142048199938,73.0884966040012,26113,True,,/home/justin/npu-playground/runs/case-study-v2-recovered/repeat-002/20260917T004403Z/structured_ir_no_validation/e31297d17fa24c6da39445c2f0b8aeb2/report.json
Terra,2,structured_ir_no_validation:cuda_tiled_transpose:intel_npu_4000,structured_ir_no_validation,intel_npu_4000,cuda_tiled_transpose,completed,1,True,False,True,0,0,31.241525686000386,28.095770851998168,22677,True,,/home/justin/npu-playground/runs/case-study-v2-recovered/repeat-002/20260917T004403Z/structured_ir_no_validation/08d5fd9cc4ac43238e1b6ba386437f17/report.json
Terra,2,structured_ir_no_validation:cuda_vector_add:amd_xdna2_npu2,structured_ir_no_validation,amd_xdna2_npu2,cuda_vector_add,completed,1,True,False,True,0,0,78.74392356300086,72.17119967100007,26027,True,,/home/justin/npu-playground/runs/case-study-v2-recovered/repeat-002/20260917T004403Z/structured_ir_no_validation/7f3cc5818bd3433d9b88fb517a3eb5be/report.json
Terra,2,structured_ir_no_validation:cuda_vector_add:intel_npu_4000,structured_ir_no_validation,intel_npu_4000,cuda_vector_add,completed,1,True,False,True,0,0,26.21909301499909,23.922695928000394,22535,True,,/home/justin/npu-playground/runs/case-study-v2-recovered/repeat-002/20260917T004403Z/structured_ir_no_validation/d0f48ce6b72a40b78ac6def00552f2ed/report.json
Terra,2,structured_ir_no_validation:hip_gamma_correction:amd_xdna2_npu2,structured_ir_no_validation,amd_xdna2_npu2,hip_gamma_correction,completed,3,False,False,True,0,2,206.97809102099927,194.7636715640001,63683,True,,/home/justin/npu-playground/runs/case-study-v2-recovered/repeat-002/20260917T004403Z/structured_ir_no_validation/afbc34b9001f49298ce7676718465c47/report.json
Terra,2,structured_ir_no_validation:hip_gamma_correction:intel_npu_4000,structured_ir_no_validation,intel_npu_4000,hip_gamma_correction,completed,1,True,False,True,0,0,31.582929599000636,28.5297690970001,22778,True,,/home/justin/npu-playground/runs/case-study-v2-recovered/repeat-002/20260917T004403Z/structured_ir_no_validation/b8766c3532644010892d3d778827118c/report.json
Terra,2,structured_ir_no_validation:hip_image_convolution:amd_xdna2_npu2,structured_ir_no_validation,amd_xdna2_npu2,hip_image_convolution,completed,2,False,False,True,0,1,145.34475599899997,131.80915259799804,43411,True,,/home/justin/npu-playground/runs/case-study-v2-recovered/repeat-002/20260917T004403Z/structured_ir_no_validation/1fb0384e866040dfa738c120701013f2/report.json
Terra,2,structured_ir_no_validation:hip_image_convolution:intel_npu_4000,structured_ir_no_validation,intel_npu_4000,hip_image_convolution,completed,1,True,False,True,0,0,41.20963702300105,38.81097926599978,23613,True,,/home/justin/npu-playground/runs/case-study-v2-recovered/repeat-002/20260917T004403Z/structured_ir_no_validation/d6aaf5485413459984bb1e8475637698/report.json
Terra,2,structured_ir_no_validation:hip_moving_average:amd_xdna2_npu2,structured_ir_no_validation,amd_xdna2_npu2,hip_moving_average,completed,1,True,False,True,0,0,76.61283006600024,68.73475005399996,25946,True,,/home/justin/npu-playground/runs/case-study-v2-recovered/repeat-002/20260917T004403Z/structured_ir_no_validation/37dd2c6ac7e64a11acff2349c1721afa/report.json
Terra,2,structured_ir_no_validation:hip_moving_average:intel_npu_4000,structured_ir_no_validation,intel_npu_4000,hip_moving_average,completed,3,False,False,True,0,2,150.4666678729991,143.1196158189996,52615,True,,/home/justin/npu-playground/runs/case-study-v2-recovered/repeat-002/20260917T004403Z/structured_ir_no_validation/0a764ef2addd40cbb752d3d6ffe3a624/report.json
Terra,2,structured_ir_no_validation:triton_fused_attention:amd_xdna2_npu2,structured_ir_no_validation,amd_xdna2_npu2,triton_fused_attention,completed,2,False,False,True,0,1,239.77945251799974,226.26487939300205,49865,True,,/home/justin/npu-playground/runs/case-study-v2-recovered/repeat-002/20260917T004403Z/structured_ir_no_validation/963a0b4b77c74055b8dc2065e9d3439f/report.json
Terra,2,structured_ir_no_validation:triton_fused_attention:intel_npu_4000,structured_ir_no_validation,intel_npu_4000,triton_fused_attention,completed,1,True,False,True,0,0,45.56343101499988,42.65423225599989,24090,True,,/home/justin/npu-playground/runs/case-study-v2-recovered/repeat-002/20260917T004403Z/structured_ir_no_validation/f978c7f2f5c94ad39e318a2250dd1e3d/report.json
Terra,2,structured_ir_no_validation:triton_fused_softmax:amd_xdna2_npu2,structured_ir_no_validation,amd_xdna2_npu2,triton_fused_softmax,completed,1,True,False,True,0,0,120.39484471700052,113.21749503699903,28896,True,,/home/justin/npu-playground/runs/case-study-v2-recovered/repeat-002/20260917T004403Z/structured_ir_no_validation/95690b74ce2e4b20bbea2afe23d274ee/report.json
Terra,2,structured_ir_no_validation:triton_fused_softmax:intel_npu_4000,structured_ir_no_validation,intel_npu_4000,triton_fused_softmax,completed,1,True,False,True,0,0,36.91325233600037,33.76080496100076,22975,True,,/home/justin/npu-playground/runs/case-study-v2-recovered/repeat-002/20260917T004403Z/structured_ir_no_validation/f2e5965ee63941eba955edce63ca000f/report.json
Terra,2,structured_ir_no_validation:triton_layer_norm:amd_xdna2_npu2,structured_ir_no_validation,amd_xdna2_npu2,triton_layer_norm,completed,2,False,False,True,0,1,266.25700850999965,250.55932331000076,55771,True,,/home/justin/npu-playground/runs/case-study-v2-recovered/repeat-002/20260917T004403Z/structured_ir_no_validation/a6a0f39f97954861b6552b27ea261ffb/report.json
Terra,2,structured_ir_no_validation:triton_layer_norm:intel_npu_4000,structured_ir_no_validation,intel_npu_4000,triton_layer_norm,completed,1,True,False,True,0,0,83.34039789000053,79.94422649300031,27514,True,,/home/justin/npu-playground/runs/case-study-v2-recovered/repeat-002/20260917T004403Z/structured_ir_no_validation/fc35db20b2d44dceb5173538dc3b309a/report.json
Terra,3,baseline:cuda_reduce_sum:amd_xdna2_npu2,baseline,amd_xdna2_npu2,cuda_reduce_sum,completed,1,True,False,True,0,0,54.302071558000534,44.25353846899998,13012,True,,/home/justin/npu-playground/runs/case-study-v2-recovered/repeat-003/20260917T010434Z/baseline/d253a6f799bb4904951defc5e4126a7e/report.json
Terra,3,baseline:cuda_reduce_sum:intel_npu_4000,baseline,intel_npu_4000,cuda_reduce_sum,completed,1,True,False,True,0,0,19.744371869999668,16.19123491999926,10673,True,,/home/justin/npu-playground/runs/case-study-v2-recovered/repeat-003/20260917T010434Z/baseline/754fc39d2bca4e99abaf064adb3d71ea/report.json
Terra,3,baseline:cuda_tiled_matmul:amd_xdna2_npu2,baseline,amd_xdna2_npu2,cuda_tiled_matmul,completed,1,True,False,True,0,0,134.1684543680003,127.26944606500001,17917,True,,/home/justin/npu-playground/runs/case-study-v2-recovered/repeat-003/20260917T010434Z/baseline/eecfc11fa9be461799dc6ea0a3a4dd33/report.json
Terra,3,baseline:cuda_tiled_matmul:intel_npu_4000,baseline,intel_npu_4000,cuda_tiled_matmul,completed,1,True,False,True,0,0,17.927533976999257,14.603907480000998,10688,True,,/home/justin/npu-playground/runs/case-study-v2-recovered/repeat-003/20260917T010434Z/baseline/583c8772cc404865927cdd1c9300eb67/report.json
Terra,3,baseline:cuda_tiled_transpose:amd_xdna2_npu2,baseline,amd_xdna2_npu2,cuda_tiled_transpose,completed,1,True,False,True,0,0,89.89660331900086,81.47630444499919,15230,True,,/home/justin/npu-playground/runs/case-study-v2-recovered/repeat-003/20260917T010434Z/baseline/e580d2cacf584202980b0d8617479c61/report.json
Terra,3,baseline:cuda_tiled_transpose:intel_npu_4000,baseline,intel_npu_4000,cuda_tiled_transpose,completed,1,True,False,True,0,0,17.509588238001015,13.764040994001334,10499,True,,/home/justin/npu-playground/runs/case-study-v2-recovered/repeat-003/20260917T010434Z/baseline/33e5d1fde2a3469c9d10ef0771a15b68/report.json
Terra,3,baseline:cuda_vector_add:amd_xdna2_npu2,baseline,amd_xdna2_npu2,cuda_vector_add,completed,1,True,False,True,0,0,86.99939450099919,79.17804169900046,15071,True,,/home/justin/npu-playground/runs/case-study-v2-recovered/repeat-003/20260917T010434Z/baseline/9da6582cb9424c848a6e7531f68a1291/report.json
Terra,3,baseline:cuda_vector_add:intel_npu_4000,baseline,intel_npu_4000,cuda_vector_add,completed,1,True,False,True,0,0,23.276377463000244,20.37248641000042,10606,True,,/home/justin/npu-playground/runs/case-study-v2-recovered/repeat-003/20260917T010434Z/baseline/bdb4c5263eba408e93fb4b9a9d4508b1/report.json
Terra,3,baseline:hip_gamma_correction:amd_xdna2_npu2,baseline,amd_xdna2_npu2,hip_gamma_correction,completed,2,False,False,True,0,1,105.25498607999907,97.1764755740005,28450,True,,/home/justin/npu-playground/runs/case-study-v2-recovered/repeat-003/20260917T010434Z/baseline/a6aed95f38914a21ab707b6586936d55/report.json
Terra,3,baseline:hip_gamma_correction:intel_npu_4000,baseline,intel_npu_4000,hip_gamma_correction,completed,1,True,False,True,0,0,19.70674307000081,16.33316932100024,10620,True,,/home/justin/npu-playground/runs/case-study-v2-recovered/repeat-003/20260917T010434Z/baseline/5a1878e71cf94ce09439d193c6122381/report.json
Terra,3,baseline:hip_image_convolution:amd_xdna2_npu2,baseline,amd_xdna2_npu2,hip_image_convolution,completed,2,False,False,True,0,1,121.07016183199994,105.65364925199901,29306,True,,/home/justin/npu-playground/runs/case-study-v2-recovered/repeat-003/20260917T010434Z/baseline/c4bb97f32f004788809f954855459941/report.json
Terra,3,baseline:hip_image_convolution:intel_npu_4000,baseline,intel_npu_4000,hip_image_convolution,completed,1,True,False,True,0,0,22.586997902000803,19.633369293000214,10883,True,,/home/justin/npu-playground/runs/case-study-v2-recovered/repeat-003/20260917T010434Z/baseline/5cb1ffa5126a44aab1a349aa1aa4d88b/report.json
Terra,3,baseline:hip_moving_average:amd_xdna2_npu2,baseline,amd_xdna2_npu2,hip_moving_average,completed,2,False,False,True,0,1,148.3380797610007,136.46695325900146,32705,True,,/home/justin/npu-playground/runs/case-study-v2-recovered/repeat-003/20260917T010434Z/baseline/1009b11cd03d470eba945e147d2ec938/report.json
Terra,3,baseline:hip_moving_average:intel_npu_4000,baseline,intel_npu_4000,hip_moving_average,completed,2,False,False,True,0,1,62.538451532998806,57.865817624000556,23643,True,,/home/justin/npu-playground/runs/case-study-v2-recovered/repeat-003/20260917T010434Z/baseline/fe591fb3d7874fc1bf5ba54e52f734d3/report.json
Terra,3,baseline:triton_fused_attention:amd_xdna2_npu2,baseline,amd_xdna2_npu2,triton_fused_attention,failed,10,False,False,True,0,9,1343.9544848650003,1278.738274389998,271753,True,numerical_mismatch,/home/justin/npu-playground/runs/case-study-v2-recovered/repeat-003/20260917T010434Z/baseline/51f34fbfb24e4190869c9d251719dd69/report.json
Terra,3,baseline:triton_fused_attention:intel_npu_4000,baseline,intel_npu_4000,triton_fused_attention,completed,1,True,False,True,0,0,22.16183480700056,19.400588112999685,11000,True,,/home/justin/npu-playground/runs/case-study-v2-recovered/repeat-003/20260917T010434Z/baseline/b028301d1d3b4f16949ea97f9eda9521/report.json
Terra,3,baseline:triton_fused_softmax:amd_xdna2_npu2,baseline,amd_xdna2_npu2,triton_fused_softmax,completed,1,True,False,True,0,0,66.74532056799944,59.780159840000124,13992,True,,/home/justin/npu-playground/runs/case-study-v2-recovered/repeat-003/20260917T010434Z/baseline/047cd4ff019b4761a914d6f22ca40ac7/report.json
Terra,3,baseline:triton_fused_softmax:intel_npu_4000,baseline,intel_npu_4000,triton_fused_softmax,completed,2,False,False,True,0,1,31.95232951000071,27.697032888998365,21679,True,,/home/justin/npu-playground/runs/case-study-v2-recovered/repeat-003/20260917T010434Z/baseline/80e12a133596481ca85c6ae1710d718e/report.json
Terra,3,baseline:triton_layer_norm:amd_xdna2_npu2,baseline,amd_xdna2_npu2,triton_layer_norm,completed,2,False,False,True,0,1,252.99640293300035,238.44423237299816,38070,True,,/home/justin/npu-playground/runs/case-study-v2-recovered/repeat-003/20260917T010434Z/baseline/f16f52809b5b4d159b4ef28d435625b9/report.json
Terra,3,baseline:triton_layer_norm:intel_npu_4000,baseline,intel_npu_4000,triton_layer_norm,completed,1,True,False,True,0,0,53.129423181000675,49.344581031000416,12731,True,,/home/justin/npu-playground/runs/case-study-v2-recovered/repeat-003/20260917T010434Z/baseline/b2f152fe85954a629cca6c3c5ac00b00/report.json
Terra,3,hinted_ir:cuda_reduce_sum:amd_xdna2_npu2,hinted_ir,amd_xdna2_npu2,cuda_reduce_sum,completed,1,True,False,True,0,0,99.74590285500017,92.23192190600093,25901,True,,/home/justin/npu-playground/runs/case-study-v2-recovered/repeat-003/20260917T010434Z/hinted_ir/3718a8f7df174af7a4fb47843d2731cf/report.json
Terra,3,hinted_ir:cuda_reduce_sum:intel_npu_4000,hinted_ir,intel_npu_4000,cuda_reduce_sum,completed,1,True,False,True,0,0,44.38180456400005,41.321567358998436,21941,True,,/home/justin/npu-playground/runs/case-study-v2-recovered/repeat-003/20260917T010434Z/hinted_ir/dd417804404b4d0c92d8019048037894/report.json
Terra,3,hinted_ir:cuda_tiled_matmul:amd_xdna2_npu2,hinted_ir,amd_xdna2_npu2,cuda_tiled_matmul,completed,1,True,False,True,0,0,134.25077390200022,125.47898263499883,27586,True,,/home/justin/npu-playground/runs/case-study-v2-recovered/repeat-003/20260917T010434Z/hinted_ir/35a1dcea9fe14f618b7a2afdafa46ed7/report.json
Terra,3,hinted_ir:cuda_tiled_matmul:intel_npu_4000,hinted_ir,intel_npu_4000,cuda_tiled_matmul,completed,1,True,False,True,0,0,35.92632517200036,32.37274933200024,21396,True,,/home/justin/npu-playground/runs/case-study-v2-recovered/repeat-003/20260917T010434Z/hinted_ir/1022151480a143f4b6f5285279795544/report.json
Terra,3,hinted_ir:cuda_tiled_transpose:amd_xdna2_npu2,hinted_ir,amd_xdna2_npu2,cuda_tiled_transpose,completed,3,False,False,True,0,2,324.8839715670001,306.11083622200204,100857,True,,/home/justin/npu-playground/runs/case-study-v2-recovered/repeat-003/20260917T010434Z/hinted_ir/f1dd561c450f42428a928a64c4adbe45/report.json
Terra,3,hinted_ir:cuda_tiled_transpose:intel_npu_4000,hinted_ir,intel_npu_4000,cuda_tiled_transpose,completed,1,True,False,True,0,0,34.77288704300008,31.3099383280005,21089,True,,/home/justin/npu-playground/runs/case-study-v2-recovered/repeat-003/20260917T010434Z/hinted_ir/fa47663dd812499aa68591728aabc124/report.json
Terra,3,hinted_ir:cuda_vector_add:amd_xdna2_npu2,hinted_ir,amd_xdna2_npu2,cuda_vector_add,completed,1,True,False,True,0,0,94.0939700630006,86.38234410100085,24939,True,,/home/justin/npu-playground/runs/case-study-v2-recovered/repeat-003/20260917T010434Z/hinted_ir/eba2efe2efc34200aa09726fc112c5b5/report.json
Terra,3,hinted_ir:cuda_vector_add:intel_npu_4000,hinted_ir,intel_npu_4000,cuda_vector_add,completed,1,True,False,True,0,0,46.72505209699921,42.17750760299896,21611,True,,/home/justin/npu-playground/runs/case-study-v2-recovered/repeat-003/20260917T010434Z/hinted_ir/f7a5cbf5ddc842e29a7670ce25fe0f93/report.json
Terra,3,hinted_ir:hip_gamma_correction:amd_xdna2_npu2,hinted_ir,amd_xdna2_npu2,hip_gamma_correction,completed,2,False,False,True,0,1,139.58694110299984,129.43026552999982,51805,True,,/home/justin/npu-playground/runs/case-study-v2-recovered/repeat-003/20260917T010434Z/hinted_ir/be5dea9625684addb6133f2a84c5b8b9/report.json
Terra,3,hinted_ir:hip_gamma_correction:intel_npu_4000,hinted_ir,intel_npu_4000,hip_gamma_correction,completed,1,True,False,True,0,0,26.798763193999548,23.957829513999968,20603,True,,/home/justin/npu-playground/runs/case-study-v2-recovered/repeat-003/20260917T010434Z/hinted_ir/02631a983e444fe685f3cc0e69a51ae6/report.json
Terra,3,hinted_ir:hip_image_convolution:amd_xdna2_npu2,hinted_ir,amd_xdna2_npu2,hip_image_convolution,completed,2,False,False,True,0,1,203.24617490700075,193.1032995430014,57821,True,,/home/justin/npu-playground/runs/case-study-v2-recovered/repeat-003/20260917T010434Z/hinted_ir/1bf8e24dd9264289b250816d5063b9d5/report.json
Terra,3,hinted_ir:hip_image_convolution:intel_npu_4000,hinted_ir,intel_npu_4000,hip_image_convolution,completed,1,True,False,True,0,0,40.227855705001275,36.56398592000005,21955,True,,/home/justin/npu-playground/runs/case-study-v2-recovered/repeat-003/20260917T010434Z/hinted_ir/aaf3543138494ccf98d2234b67ab29db/report.json
Terra,3,hinted_ir:hip_moving_average:amd_xdna2_npu2,hinted_ir,amd_xdna2_npu2,hip_moving_average,completed,1,True,False,True,0,0,83.01066635999996,76.06713800100079,24581,True,,/home/justin/npu-playground/runs/case-study-v2-recovered/repeat-003/20260917T010434Z/hinted_ir/1ef664408ee547d0af62d05dd38cc357/report.json
Terra,3,hinted_ir:hip_moving_average:intel_npu_4000,hinted_ir,intel_npu_4000,hip_moving_average,completed,1,True,False,True,0,0,83.04870004700024,78.74693768700126,23835,True,,/home/justin/npu-playground/runs/case-study-v2-recovered/repeat-003/20260917T010434Z/hinted_ir/39100741228345bf88f10fa406f5fbd7/report.json
Terra,3,hinted_ir:triton_fused_attention:amd_xdna2_npu2,hinted_ir,amd_xdna2_npu2,triton_fused_attention,completed,3,False,False,True,0,2,408.5152367139999,391.2142433020017,98285,True,,/home/justin/npu-playground/runs/case-study-v2-recovered/repeat-003/20260917T010434Z/hinted_ir/8631c73d4c284abcaa9a0a3c511eb839/report.json
Terra,3,hinted_ir:triton_fused_attention:intel_npu_4000,hinted_ir,intel_npu_4000,triton_fused_attention,completed,1,True,False,True,0,0,71.61969651199979,68.25651955599824,23691,True,,/home/justin/npu-playground/runs/case-study-v2-recovered/repeat-003/20260917T010434Z/hinted_ir/042c528731fd4167b8bcc65231f72406/report.json
Terra,3,hinted_ir:triton_fused_softmax:amd_xdna2_npu2,hinted_ir,amd_xdna2_npu2,triton_fused_softmax,completed,2,False,False,True,0,1,136.9655357219999,127.51306870199915,52373,True,,/home/justin/npu-playground/runs/case-study-v2-recovered/repeat-003/20260917T010434Z/hinted_ir/d35489be99964723ad24ada02cd4faf5/report.json
Terra,3,hinted_ir:triton_fused_softmax:intel_npu_4000,hinted_ir,intel_npu_4000,triton_fused_softmax,completed,1,True,False,True,0,0,43.1331256529993,39.27129890499964,21487,True,,/home/justin/npu-playground/runs/case-study-v2-recovered/repeat-003/20260917T010434Z/hinted_ir/7c47d6c6db6945d396b5bac30cf930c5/report.json
Terra,3,hinted_ir:triton_layer_norm:amd_xdna2_npu2,hinted_ir,amd_xdna2_npu2,triton_layer_norm,completed,4,False,False,True,0,3,439.74852733199987,414.19027289800215,122773,True,,/home/justin/npu-playground/runs/case-study-v2-recovered/repeat-003/20260917T010434Z/hinted_ir/6bb98eb7c3f74c999e34117608f84913/report.json
Terra,3,hinted_ir:triton_layer_norm:intel_npu_4000,hinted_ir,intel_npu_4000,triton_layer_norm,completed,2,False,False,True,0,1,88.01503519900143,83.99355096699946,47521,True,,/home/justin/npu-playground/runs/case-study-v2-recovered/repeat-003/20260917T010434Z/hinted_ir/92255403df9c4bee9c1b668177181aec/report.json
Terra,3,structured_ir:cuda_reduce_sum:amd_xdna2_npu2,structured_ir,amd_xdna2_npu2,cuda_reduce_sum,completed,1,True,True,True,0,0,109.86847785499958,103.14661847499883,27879,True,,/home/justin/npu-playground/runs/case-study-v2-recovered/repeat-003/20260917T010434Z/structured_ir/f960bd3cfd4047a681f27e70c308a185/report.json
Terra,3,structured_ir:cuda_reduce_sum:intel_npu_4000,structured_ir,intel_npu_4000,cuda_reduce_sum,completed,1,True,True,True,0,0,36.962431513999036,34.110236468999574,23070,True,,/home/justin/npu-playground/runs/case-study-v2-recovered/repeat-003/20260917T010434Z/structured_ir/c7e1d51593674431bb29df90b732ef11/report.json
Terra,3,structured_ir:cuda_tiled_matmul:amd_xdna2_npu2,structured_ir,amd_xdna2_npu2,cuda_tiled_matmul,failed,10,False,True,True,0,9,959.8463557250016,889.1293329329983,240281,True,numerical_mismatch,/home/justin/npu-playground/runs/case-study-v2-recovered/repeat-003/20260917T010434Z/structured_ir/0db3e477f1174d3690cd060d6d70fef6/report.json
Terra,3,structured_ir:cuda_tiled_matmul:intel_npu_4000,structured_ir,intel_npu_4000,cuda_tiled_matmul,completed,1,True,True,True,0,0,33.35995662099958,29.557740416999877,23073,True,,/home/justin/npu-playground/runs/case-study-v2-recovered/repeat-003/20260917T010434Z/structured_ir/58927c783898479e8b0e1a1789a02425/report.json
Terra,3,structured_ir:cuda_tiled_transpose:amd_xdna2_npu2,structured_ir,amd_xdna2_npu2,cuda_tiled_transpose,completed,1,True,True,True,0,0,70.86242791400036,63.53747340800146,25376,True,,/home/justin/npu-playground/runs/case-study-v2-recovered/repeat-003/20260917T010434Z/structured_ir/056a7c85c2314ccc8bae877b979bddbe/report.json
Terra,3,structured_ir:cuda_tiled_transpose:intel_npu_4000,structured_ir,intel_npu_4000,cuda_tiled_transpose,completed,1,True,True,True,0,0,23.99963494000076,20.824733344998094,22215,True,,/home/justin/npu-playground/runs/case-study-v2-recovered/repeat-003/20260917T010434Z/structured_ir/2724b94e7f1741c3a4cd08f14b7f97ba/report.json
Terra,3,structured_ir:cuda_vector_add:amd_xdna2_npu2,structured_ir,amd_xdna2_npu2,cuda_vector_add,completed,2,False,True,True,0,1,127.82940383200003,117.8397887480005,41679,True,,/home/justin/npu-playground/runs/case-study-v2-recovered/repeat-003/20260917T010434Z/structured_ir/b8c56dce048440cbb0bf26bd259e7fb6/report.json
Terra,3,structured_ir:cuda_vector_add:intel_npu_4000,structured_ir,intel_npu_4000,cuda_vector_add,completed,1,True,True,True,0,0,40.97783318300026,36.74292985399916,23127,True,,/home/justin/npu-playground/runs/case-study-v2-recovered/repeat-003/20260917T010434Z/structured_ir/d693e289ecd547c49ef7b4f219772c30/report.json
Terra,3,structured_ir:hip_gamma_correction:amd_xdna2_npu2,structured_ir,amd_xdna2_npu2,hip_gamma_correction,completed,1,True,True,True,0,0,75.16163464099918,66.69287837699994,25850,True,,/home/justin/npu-playground/runs/case-study-v2-recovered/repeat-003/20260917T010434Z/structured_ir/d9c89c4ab5ed4cd798d89e2756f53e86/report.json
Terra,3,structured_ir:hip_gamma_correction:intel_npu_4000,structured_ir,intel_npu_4000,hip_gamma_correction,completed,1,True,True,True,0,0,43.76936714600015,40.21059087699905,23423,True,,/home/justin/npu-playground/runs/case-study-v2-recovered/repeat-003/20260917T010434Z/structured_ir/782ee36a67a24b0abae327e264091cd4/report.json
Terra,3,structured_ir:hip_image_convolution:amd_xdna2_npu2,structured_ir,amd_xdna2_npu2,hip_image_convolution,completed,2,False,True,True,0,1,137.04376363200026,121.72086074599974,43046,True,,/home/justin/npu-playground/runs/case-study-v2-recovered/repeat-003/20260917T010434Z/structured_ir/34b11fb4565e4ee7a833b4614b06e751/report.json
Terra,3,structured_ir:hip_image_convolution:intel_npu_4000,structured_ir,intel_npu_4000,hip_image_convolution,completed,1,True,True,True,0,0,39.91155238799911,36.607661803000155,23480,True,,/home/justin/npu-playground/runs/case-study-v2-recovered/repeat-003/20260917T010434Z/structured_ir/2820b8f650d4430e95c3a4cb51af67ca/report.json
Terra,3,structured_ir:hip_moving_average:amd_xdna2_npu2,structured_ir,amd_xdna2_npu2,hip_moving_average,completed,3,False,True,True,0,2,247.1781919540008,226.96802701499837,66802,True,,/home/justin/npu-playground/runs/case-study-v2-recovered/repeat-003/20260917T010434Z/structured_ir/9037835e6e8d4dbcaeb5200f520d275e/report.json
Terra,3,structured_ir:hip_moving_average:intel_npu_4000,structured_ir,intel_npu_4000,hip_moving_average,completed,1,True,True,True,0,0,55.596311622999565,50.919733067999914,24001,True,,/home/justin/npu-playground/runs/case-study-v2-recovered/repeat-003/20260917T010434Z/structured_ir/7eb65d5df18b4404b97656a673df07da/report.json
Terra,3,structured_ir:triton_fused_attention:amd_xdna2_npu2,structured_ir,amd_xdna2_npu2,triton_fused_attention,completed,2,False,True,True,0,1,283.62103599799957,268.8799850860014,52826,True,,/home/justin/npu-playground/runs/case-study-v2-recovered/repeat-003/20260917T010434Z/structured_ir/5ba9da9dd24a4f4a9e8570835fa9a90a/report.json
Terra,3,structured_ir:triton_fused_attention:intel_npu_4000,structured_ir,intel_npu_4000,triton_fused_attention,completed,1,True,True,True,0,0,90.79076457600058,86.89952392099985,28068,True,,/home/justin/npu-playground/runs/case-study-v2-recovered/repeat-003/20260917T010434Z/structured_ir/27c39f7e541847d1a1a102c89ee4ae8b/report.json
Terra,3,structured_ir:triton_fused_softmax:amd_xdna2_npu2,structured_ir,amd_xdna2_npu2,triton_fused_softmax,completed,1,True,True,True,0,0,92.61087798100016,82.88163730500128,26489,True,,/home/justin/npu-playground/runs/case-study-v2-recovered/repeat-003/20260917T010434Z/structured_ir/564ad142d6d942cd81ceff730d73e90f/report.json
Terra,3,structured_ir:triton_fused_softmax:intel_npu_4000,structured_ir,intel_npu_4000,triton_fused_softmax,completed,1,True,True,True,0,0,29.6016687070005,25.712510829000166,22411,True,,/home/justin/npu-playground/runs/case-study-v2-recovered/repeat-003/20260917T010434Z/structured_ir/953669c0d5ac430fb34b166a8b2e636d/report.json
Terra,3,structured_ir:triton_layer_norm:amd_xdna2_npu2,structured_ir,amd_xdna2_npu2,triton_layer_norm,completed,2,False,True,True,0,1,275.87841601000036,260.59260036900014,56455,True,,/home/justin/npu-playground/runs/case-study-v2-recovered/repeat-003/20260917T010434Z/structured_ir/733cdbc757a54fb1ae67ae3e5525c87a/report.json
Terra,3,structured_ir:triton_layer_norm:intel_npu_4000,structured_ir,intel_npu_4000,triton_layer_norm,completed,1,True,True,True,0,0,88.96857139699932,85.58709640700181,27524,True,,/home/justin/npu-playground/runs/case-study-v2-recovered/repeat-003/20260917T010434Z/structured_ir/8abb537b4ea140fa805f92511507263d/report.json
Terra,3,structured_ir_no_reuse:cuda_reduce_sum:amd_xdna2_npu2,structured_ir_no_reuse,amd_xdna2_npu2,cuda_reduce_sum,completed,1,True,True,True,0,0,72.63173977400038,66.11368848699931,25816,True,,/home/justin/npu-playground/runs/case-study-v2-recovered/repeat-003/20260917T010434Z/structured_ir_no_reuse/8365e260224c46dba97098ceb5266869/report.json
Terra,3,structured_ir_no_reuse:cuda_reduce_sum:intel_npu_4000,structured_ir_no_reuse,intel_npu_4000,cuda_reduce_sum,completed,1,True,True,True,0,0,25.677203314000508,22.657024815000113,22383,True,,/home/justin/npu-playground/runs/case-study-v2-recovered/repeat-003/20260917T010434Z/structured_ir_no_reuse/0768d9bd28a54520a81ce3e139cc1b1d/report.json
Terra,3,structured_ir_no_reuse:cuda_tiled_matmul:amd_xdna2_npu2,structured_ir_no_reuse,amd_xdna2_npu2,cuda_tiled_matmul,completed,1,True,True,True,0,0,85.91589387299973,78.20364487599909,26573,True,,/home/justin/npu-playground/runs/case-study-v2-recovered/repeat-003/20260917T010434Z/structured_ir_no_reuse/bbe4a6b51efe418d829c2c9a4c7af2cd/report.json
Terra,3,structured_ir_no_reuse:cuda_tiled_matmul:intel_npu_4000,structured_ir_no_reuse,intel_npu_4000,cuda_tiled_matmul,completed,1,True,True,True,0,0,37.42246362900005,33.74567566299993,23155,True,,/home/justin/npu-playground/runs/case-study-v2-recovered/repeat-003/20260917T010434Z/structured_ir_no_reuse/b11d8c14093b4fc4b6e565cb43d9b6a3/report.json
Terra,3,structured_ir_no_reuse:cuda_tiled_transpose:amd_xdna2_npu2,structured_ir_no_reuse,amd_xdna2_npu2,cuda_tiled_transpose,completed,2,False,True,True,0,1,201.05088561899902,184.2263493779992,65863,True,,/home/justin/npu-playground/runs/case-study-v2-recovered/repeat-003/20260917T010434Z/structured_ir_no_reuse/0adec019c6d8489d8aa075c6c1231f14/report.json
Terra,3,structured_ir_no_reuse:cuda_tiled_transpose:intel_npu_4000,structured_ir_no_reuse,intel_npu_4000,cuda_tiled_transpose,completed,1,True,True,True,0,0,31.90665708099914,28.53760194699862,22656,True,,/home/justin/npu-playground/runs/case-study-v2-recovered/repeat-003/20260917T010434Z/structured_ir_no_reuse/e332ca0507fc4d088f99824e3dff206d/report.json
Terra,3,structured_ir_no_reuse:cuda_vector_add:amd_xdna2_npu2,structured_ir_no_reuse,amd_xdna2_npu2,cuda_vector_add,completed,2,False,True,True,0,1,160.19535374599945,149.86943286900168,57650,True,,/home/justin/npu-playground/runs/case-study-v2-recovered/repeat-003/20260917T010434Z/structured_ir_no_reuse/0f75655ed5304831b0798d18a68c14af/report.json
Terra,3,structured_ir_no_reuse:cuda_vector_add:intel_npu_4000,structured_ir_no_reuse,intel_npu_4000,cuda_vector_add,completed,1,True,True,True,0,0,26.584651828999995,22.842256573001578,22479,True,,/home/justin/npu-playground/runs/case-study-v2-recovered/repeat-003/20260917T010434Z/structured_ir_no_reuse/f361de2f3d954ee99dcb5b5e01eb23b0/report.json
Terra,3,structured_ir_no_reuse:hip_gamma_correction:amd_xdna2_npu2,structured_ir_no_reuse,amd_xdna2_npu2,hip_gamma_correction,completed,2,False,True,True,0,1,118.92257897499985,108.59336487499968,55135,True,,/home/justin/npu-playground/runs/case-study-v2-recovered/repeat-003/20260917T010434Z/structured_ir_no_reuse/4d2c790500204b05a9c97ceb4ca9d743/report.json
Terra,3,structured_ir_no_reuse:hip_gamma_correction:intel_npu_4000,structured_ir_no_reuse,intel_npu_4000,hip_gamma_correction,completed,1,True,True,True,0,0,31.509259087000828,28.58674565000001,22715,True,,/home/justin/npu-playground/runs/case-study-v2-recovered/repeat-003/20260917T010434Z/structured_ir_no_reuse/1b65ac5f7d1240a2be24d3bb29d3982d/report.json
Terra,3,structured_ir_no_reuse:hip_image_convolution:amd_xdna2_npu2,structured_ir_no_reuse,amd_xdna2_npu2,hip_image_convolution,completed,1,True,True,True,0,0,79.17948157499995,71.80801900999904,26443,True,,/home/justin/npu-playground/runs/case-study-v2-recovered/repeat-003/20260917T010434Z/structured_ir_no_reuse/23cfe8acd97d428887795e57ef452117/report.json
Terra,3,structured_ir_no_reuse:hip_image_convolution:intel_npu_4000,structured_ir_no_reuse,intel_npu_4000,hip_image_convolution,completed,1,True,True,True,0,0,32.15744588900088,29.328459367001415,23191,True,,/home/justin/npu-playground/runs/case-study-v2-recovered/repeat-003/20260917T010434Z/structured_ir_no_reuse/e1b46b4642ea402ab8b60facc2cc624c/report.json
Terra,3,structured_ir_no_reuse:hip_moving_average:amd_xdna2_npu2,structured_ir_no_reuse,amd_xdna2_npu2,hip_moving_average,completed,6,False,True,True,0,5,463.4146702099988,432.71183712900347,178475,True,,/home/justin/npu-playground/runs/case-study-v2-recovered/repeat-003/20260917T010434Z/structured_ir_no_reuse/f6e47a5d22134d419694656bd8197933/report.json
Terra,3,structured_ir_no_reuse:hip_moving_average:intel_npu_4000,structured_ir_no_reuse,intel_npu_4000,hip_moving_average,completed,2,False,True,True,0,1,90.38528448600118,85.82692144599787,50328,True,,/home/justin/npu-playground/runs/case-study-v2-recovered/repeat-003/20260917T010434Z/structured_ir_no_reuse/bd5c6c7c370a47148f8c799556c5621f/report.json
Terra,3,structured_ir_no_reuse:triton_fused_attention:amd_xdna2_npu2,structured_ir_no_reuse,amd_xdna2_npu2,triton_fused_attention,completed,7,False,True,True,0,6,965.2575745610011,918.4851215020026,283827,True,,/home/justin/npu-playground/runs/case-study-v2-recovered/repeat-003/20260917T010434Z/structured_ir_no_reuse/e92ad30aa1b348188c386b44555475c4/report.json
Terra,3,structured_ir_no_reuse:triton_fused_attention:intel_npu_4000,structured_ir_no_reuse,intel_npu_4000,triton_fused_attention,completed,1,True,True,True,0,0,49.434500573999685,46.54623823000111,24245,True,,/home/justin/npu-playground/runs/case-study-v2-recovered/repeat-003/20260917T010434Z/structured_ir_no_reuse/3014fa7e5b3a458891a3aa1d6bee6cfa/report.json
Terra,3,structured_ir_no_reuse:triton_fused_softmax:amd_xdna2_npu2,structured_ir_no_reuse,amd_xdna2_npu2,triton_fused_softmax,completed,2,False,True,True,0,1,138.48730373099897,126.67577116399843,55732,True,,/home/justin/npu-playground/runs/case-study-v2-recovered/repeat-003/20260917T010434Z/structured_ir_no_reuse/b14e84198f074f44acbc926ae7c6db01/report.json
Terra,3,structured_ir_no_reuse:triton_fused_softmax:intel_npu_4000,structured_ir_no_reuse,intel_npu_4000,triton_fused_softmax,completed,1,True,True,True,0,0,43.08152102599888,39.80165365599896,23312,True,,/home/justin/npu-playground/runs/case-study-v2-recovered/repeat-003/20260917T010434Z/structured_ir_no_reuse/a685066bf0d94284924c399750cbaa02/report.json
Terra,3,structured_ir_no_reuse:triton_layer_norm:amd_xdna2_npu2,structured_ir_no_reuse,amd_xdna2_npu2,triton_layer_norm,completed,5,False,True,True,0,4,643.5522644200009,608.4960320000009,193830,True,,/home/justin/npu-playground/runs/case-study-v2-recovered/repeat-003/20260917T010434Z/structured_ir_no_reuse/aaeae1f115f04a05b6bd788e54295925/report.json
Terra,3,structured_ir_no_reuse:triton_layer_norm:intel_npu_4000,structured_ir_no_reuse,intel_npu_4000,triton_layer_norm,completed,1,True,True,True,0,0,60.82792461399913,56.11259215700011,26252,True,,/home/justin/npu-playground/runs/case-study-v2-recovered/repeat-003/20260917T010434Z/structured_ir_no_reuse/a089e0db32de4294a2a4275f8887303f/report.json
Terra,3,structured_ir_no_validation:cuda_reduce_sum:amd_xdna2_npu2,structured_ir_no_validation,amd_xdna2_npu2,cuda_reduce_sum,completed,1,True,False,True,0,0,74.63555913699929,66.84445645400046,25863,True,,/home/justin/npu-playground/runs/case-study-v2-recovered/repeat-003/20260917T010434Z/structured_ir_no_validation/86dc9d84d28844f480c36a696b1e958f/report.json
Terra,3,structured_ir_no_validation:cuda_reduce_sum:intel_npu_4000,structured_ir_no_validation,intel_npu_4000,cuda_reduce_sum,completed,1,True,False,True,0,0,34.06112093899901,30.701909686998988,22637,True,,/home/justin/npu-playground/runs/case-study-v2-recovered/repeat-003/20260917T010434Z/structured_ir_no_validation/5b954fd1733e4978b59a5c0031050775/report.json
Terra,3,structured_ir_no_validation:cuda_tiled_matmul:amd_xdna2_npu2,structured_ir_no_validation,amd_xdna2_npu2,cuda_tiled_matmul,completed,1,True,False,True,0,0,119.5784643650004,111.22370476700053,28529,True,,/home/justin/npu-playground/runs/case-study-v2-recovered/repeat-003/20260917T010434Z/structured_ir_no_validation/379f4042909c4119ad080218d60afa8a/report.json
Terra,3,structured_ir_no_validation:cuda_tiled_matmul:intel_npu_4000,structured_ir_no_validation,intel_npu_4000,cuda_tiled_matmul,completed,1,True,False,True,0,0,34.69762859799994,31.80431052000131,23109,True,,/home/justin/npu-playground/runs/case-study-v2-recovered/repeat-003/20260917T010434Z/structured_ir_no_validation/4fcf6692bea14af2aff4aa296323236f/report.json
Terra,3,structured_ir_no_validation:cuda_tiled_transpose:amd_xdna2_npu2,structured_ir_no_validation,amd_xdna2_npu2,cuda_tiled_transpose,completed,1,True,False,True,0,0,83.20757522499844,74.52435436799897,26006,True,,/home/justin/npu-playground/runs/case-study-v2-recovered/repeat-003/20260917T010434Z/structured_ir_no_validation/bdfc06ac95124cd5ac25cccdb8723bbb/report.json
Terra,3,structured_ir_no_validation:cuda_tiled_transpose:intel_npu_4000,structured_ir_no_validation,intel_npu_4000,cuda_tiled_transpose,completed,1,True,False,True,0,0,28.963213582999742,25.98387477899996,22505,True,,/home/justin/npu-playground/runs/case-study-v2-recovered/repeat-003/20260917T010434Z/structured_ir_no_validation/8e8199113bf7405b9bd20bd8fdf75ade/report.json
Terra,3,structured_ir_no_validation:cuda_vector_add:amd_xdna2_npu2,structured_ir_no_validation,amd_xdna2_npu2,cuda_vector_add,completed,1,True,False,True,0,0,93.55202977199951,85.6984206369998,26767,True,,/home/justin/npu-playground/runs/case-study-v2-recovered/repeat-003/20260917T010434Z/structured_ir_no_validation/ef9203b226d441a5be04e6a63989c7b4/report.json
Terra,3,structured_ir_no_validation:cuda_vector_add:intel_npu_4000,structured_ir_no_validation,intel_npu_4000,cuda_vector_add,completed,1,True,False,True,0,0,27.1896165929993,23.85465783700056,22556,True,,/home/justin/npu-playground/runs/case-study-v2-recovered/repeat-003/20260917T010434Z/structured_ir_no_validation/fcbb93db2ae447fb8a4cb4bc1be77de8/report.json
Terra,3,structured_ir_no_validation:hip_gamma_correction:amd_xdna2_npu2,structured_ir_no_validation,amd_xdna2_npu2,hip_gamma_correction,completed,1,True,False,True,0,0,82.96942954599945,75.56943844799935,26299,True,,/home/justin/npu-playground/runs/case-study-v2-recovered/repeat-003/20260917T010434Z/structured_ir_no_validation/0d39116276bb48648d6b59924cc98277/report.json
Terra,3,structured_ir_no_validation:hip_gamma_correction:intel_npu_4000,structured_ir_no_validation,intel_npu_4000,hip_gamma_correction,completed,1,True,False,True,0,0,39.006884215001264,35.57713434600009,23153,True,,/home/justin/npu-playground/runs/case-study-v2-recovered/repeat-003/20260917T010434Z/structured_ir_no_validation/f0bc7f9dea9e4080a8f44c25c683f82c/report.json
Terra,3,structured_ir_no_validation:hip_image_convolution:amd_xdna2_npu2,structured_ir_no_validation,amd_xdna2_npu2,hip_image_convolution,completed,1,True,False,True,0,0,115.62769305399888,107.45504634899953,28431,True,,/home/justin/npu-playground/runs/case-study-v2-recovered/repeat-003/20260917T010434Z/structured_ir_no_validation/6047cb4dd03e4d4ea60fdf7c8f483ebf/report.json
Terra,3,structured_ir_no_validation:hip_image_convolution:intel_npu_4000,structured_ir_no_validation,intel_npu_4000,hip_image_convolution,completed,1,True,False,True,0,0,34.89766828000029,30.458130099999835,22986,True,,/home/justin/npu-playground/runs/case-study-v2-recovered/repeat-003/20260917T010434Z/structured_ir_no_validation/241ff067ab42404ca34eebb6058712d2/report.json
Terra,3,structured_ir_no_validation:hip_moving_average:amd_xdna2_npu2,structured_ir_no_validation,amd_xdna2_npu2,hip_moving_average,completed,1,True,False,True,0,0,89.53650642700086,81.6196609330018,26696,True,,/home/justin/npu-playground/runs/case-study-v2-recovered/repeat-003/20260917T010434Z/structured_ir_no_validation/35b4e241238b497da290d4e358fc6b2c/report.json
Terra,3,structured_ir_no_validation:hip_moving_average:intel_npu_4000,structured_ir_no_validation,intel_npu_4000,hip_moving_average,completed,1,True,False,True,0,0,75.55482302599921,72.60868361199937,25046,True,,/home/justin/npu-playground/runs/case-study-v2-recovered/repeat-003/20260917T010434Z/structured_ir_no_validation/ca3a1530df5f4c5a927a9141910e81e0/report.json
Terra,3,structured_ir_no_validation:triton_fused_attention:amd_xdna2_npu2,structured_ir_no_validation,amd_xdna2_npu2,triton_fused_attention,completed,1,True,False,True,0,0,237.91206795299877,229.688275333001,36273,True,,/home/justin/npu-playground/runs/case-study-v2-recovered/repeat-003/20260917T010434Z/structured_ir_no_validation/2bfc772a45ea470c9de866207b17203d/report.json
Terra,3,structured_ir_no_validation:triton_fused_attention:intel_npu_4000,structured_ir_no_validation,intel_npu_4000,triton_fused_attention,completed,1,True,False,True,0,0,51.77350716300134,47.478793771999335,24260,True,,/home/justin/npu-playground/runs/case-study-v2-recovered/repeat-003/20260917T010434Z/structured_ir_no_validation/dd595653e0ae4645849f9fbf91feb840/report.json
Terra,3,structured_ir_no_validation:triton_fused_softmax:amd_xdna2_npu2,structured_ir_no_validation,amd_xdna2_npu2,triton_fused_softmax,completed,2,False,False,True,0,1,107.12069884099947,98.65266092800084,40647,True,,/home/justin/npu-playground/runs/case-study-v2-recovered/repeat-003/20260917T010434Z/structured_ir_no_validation/a2298f8c69734f47bb9b9a3ed407de4c/report.json
Terra,3,structured_ir_no_validation:triton_fused_softmax:intel_npu_4000,structured_ir_no_validation,intel_npu_4000,triton_fused_softmax,completed,1,True,False,True,0,0,52.66822630000024,48.255806137000036,23698,True,,/home/justin/npu-playground/runs/case-study-v2-recovered/repeat-003/20260917T010434Z/structured_ir_no_validation/f7cf59f2119f4e15bb87e24340489f68/report.json
Terra,3,structured_ir_no_validation:triton_layer_norm:amd_xdna2_npu2,structured_ir_no_validation,amd_xdna2_npu2,triton_layer_norm,completed,9,False,False,True,0,8,765.5820207750003,705.257659470999,204814,True,,/home/justin/npu-playground/runs/case-study-v2-recovered/repeat-003/20260917T010434Z/structured_ir_no_validation/7eb0897d145846319fab5501ad75d326/report.json
Terra,3,structured_ir_no_validation:triton_layer_norm:intel_npu_4000,structured_ir_no_validation,intel_npu_4000,triton_layer_norm,completed,1,True,False,True,0,0,85.84740163800052,82.55933169599848,27737,True,,/home/justin/npu-playground/runs/case-study-v2-recovered/repeat-003/20260917T010434Z/structured_ir_no_validation/8aaf5636172e4fe3898b8e748b54fbe1/report.json
